2026-02-11T10:53:04.608Z - Entered getDashboardStats
2026-02-11T10:53:04.609Z - [Analytics] User: ce8e3946-d9ea-4de3-aef1-aab79111b400, Org: f14f6c41-3229-4628-b666-d1ce683842a6, SuperAdmin: false
2026-02-11T10:53:04.609Z - [Analytics] Importing hierarchyUtils...
2026-02-11T10:53:04.610Z - [Analytics] Fetching subordinateIds...
2026-02-11T10:53:04.650Z - [Leads] Entered getViolations
2026-02-11T10:53:04.650Z - [Leads] User: ce8e3946-d9ea-4de3-aef1-aab79111b400, Role: admin
2026-02-11T10:53:04.650Z - [Leads] Fetching subordinates...
2026-02-11T10:53:05.129Z - [Analytics] Subordinates: 1
2026-02-11T10:53:05.150Z - [Leads] Subordinates found: 1
2026-02-11T10:53:05.150Z - [Leads] [Leads] Querying Prisma with where: {"rotationViolation":true,"isDeleted":false,"organisationId":"f14f6c41-3229-4628-b666-d1ce683842a6","OR":[{"previousOwnerId":"ce8e3946-d9ea-4de3-aef1-aab79111b400"},{"previousOwnerId":{"in":["ce8e3946-d9ea-4de3-aef1-aab79111b400"]}}]}
2026-02-11T10:53:05.674Z - [Leads] [Leads] Violations found: 0
2026-02-11T10:53:55.646Z - Entered getDashboardStats
2026-02-11T10:53:55.647Z - [Analytics] User: 3ee3dc72-0eb5-4e84-bb7a-24b16d3e6097, Org: null, SuperAdmin: true
2026-02-11T10:53:55.647Z - [Analytics] Importing hierarchyUtils...
2026-02-11T10:53:55.648Z - [Analytics] Fetching subordinateIds...
2026-02-11T10:53:56.176Z - [Analytics] Subordinates: 1
2026-02-11T10:53:56.700Z - [Leads] Entered getViolations
2026-02-11T10:53:56.701Z - [Leads] User: 3ee3dc72-0eb5-4e84-bb7a-24b16d3e6097, Role: super_admin
2026-02-11T10:53:56.701Z - [Leads] [Leads] Querying Prisma with where: {"rotationViolation":true,"isDeleted":false}
2026-02-11T10:53:57.225Z - [Leads] [Leads] Violations found: 0
2026-02-11T10:55:08.485Z - [Leads] Entered getViolations
2026-02-11T10:55:08.486Z - [Leads] User: 3ee3dc72-0eb5-4e84-bb7a-24b16d3e6097, Role: super_admin
2026-02-11T10:55:08.486Z - [Leads] [Leads] Querying Prisma with where: {"rotationViolation":true,"isDeleted":false}
2026-02-11T10:55:09.118Z - [Leads] [Leads] Violations found: 0
2026-02-11T10:56:10.146Z - [Leads] Entered getViolations
2026-02-11T10:56:10.146Z - [Leads] User: 3ee3dc72-0eb5-4e84-bb7a-24b16d3e6097, Role: super_admin
2026-02-11T10:56:10.147Z - [Leads] [Leads] Querying Prisma with where: {"rotationViolation":true,"isDeleted":false}
2026-02-11T10:56:10.454Z - [Leads] [Leads] Violations found: 0
2026-02-11T10:57:11.145Z - [Leads] Entered getViolations
2026-02-11T10:57:11.146Z - [Leads] User: 3ee3dc72-0eb5-4e84-bb7a-24b16d3e6097, Role: super_admin
2026-02-11T10:57:11.146Z - [Leads] [Leads] Querying Prisma with where: {"rotationViolation":true,"isDeleted":false}
2026-02-11T10:57:11.420Z - [Leads] [Leads] Violations found: 0
2026-02-11T10:58:15.940Z - [Leads] Entered getViolations
2026-02-11T10:58:15.941Z - [Leads] User: 3ee3dc72-0eb5-4e84-bb7a-24b16d3e6097, Role: super_admin
2026-02-11T10:58:15.941Z - [Leads] [Leads] Querying Prisma with where: {"rotationViolation":true,"isDeleted":false}
2026-02-11T10:58:16.539Z - [Leads] [Leads] Violations found: 0
2026-02-11T11:00:17.849Z - [Leads] Entered getViolations
2026-02-11T11:00:17.851Z - [Leads] User: 3ee3dc72-0eb5-4e84-bb7a-24b16d3e6097, Role: super_admin
2026-02-11T11:00:17.851Z - [Leads] [Leads] Querying Prisma with where: {"rotationViolation":true,"isDeleted":false}
2026-02-11T11:00:18.479Z - [Leads] [Leads] Violations found: 0
2026-02-11T11:02:19.812Z - [Leads] Entered getViolations
2026-02-11T11:02:19.813Z - [Leads] User: 3ee3dc72-0eb5-4e84-bb7a-24b16d3e6097, Role: super_admin
2026-02-11T11:02:19.813Z - [Leads] [Leads] Querying Prisma with where: {"rotationViolation":true,"isDeleted":false}
2026-02-11T11:02:20.423Z - [Leads] [Leads] Violations found: 0
2026-02-11T11:02:49.952Z - [Leads] Entered getViolations
2026-02-11T11:02:49.953Z - [Leads] User: 3ee3dc72-0eb5-4e84-bb7a-24b16d3e6097, Role: super_admin
2026-02-11T11:02:49.953Z - [Leads] [Leads] Querying Prisma with where: {"rotationViolation":true,"isDeleted":false}
2026-02-11T11:02:50.452Z - [Leads] [Leads] Violations found: 0
2026-02-11T11:03:51.539Z - [Leads] Entered getViolations
2026-02-11T11:03:51.540Z - [Leads] User: 3ee3dc72-0eb5-4e84-bb7a-24b16d3e6097, Role: super_admin
2026-02-11T11:03:51.541Z - [Leads] [Leads] Querying Prisma with where: {"rotationViolation":true,"isDeleted":false}
2026-02-11T11:03:52.078Z - [Leads] [Leads] Violations found: 0
2026-02-14T19:29:59.531Z - [Leads] Entered getViolations
2026-02-14T19:29:59.533Z - [Leads] User: a9347e28-c430-41a1-980a-1eca1f71c63c, Role: admin
2026-02-14T19:29:59.533Z - [Leads] Fetching subordinates...
2026-02-14T19:29:59.880Z - Entered getDashboardStats
2026-02-14T19:29:59.880Z - [Analytics] User: a9347e28-c430-41a1-980a-1eca1f71c63c, Org: 9abfb72c-5c3f-4c06-a8d0-36686dddeaf7, SuperAdmin: false
2026-02-14T19:29:59.880Z - [Analytics] Importing hierarchyUtils...
2026-02-14T19:29:59.881Z - [Analytics] Fetching subordinateIds...
2026-02-14T19:30:00.128Z - [Leads] Subordinates found: 2
2026-02-14T19:30:00.128Z - [Leads] [Leads] Querying Prisma with where: {"rotationViolation":true,"isDeleted":false,"organisationId":"9abfb72c-5c3f-4c06-a8d0-36686dddeaf7","OR":[{"previousOwnerId":"a9347e28-c430-41a1-980a-1eca1f71c63c"},{"previousOwnerId":{"in":["a9347e28-c430-41a1-980a-1eca1f71c63c","75cfd31e-0e84-4664-bbc3-3c33ba9d26c8"]}}]}
2026-02-14T19:30:00.516Z - [Leads] [Leads] Violations found: 0
2026-02-14T19:30:00.553Z - [Analytics] Subordinates: 2
2026-02-14T19:32:50.788Z - [Leads] Entered getViolations
2026-02-14T19:32:50.790Z - [Leads] User: a9347e28-c430-41a1-980a-1eca1f71c63c, Role: admin
2026-02-14T19:32:50.791Z - [Leads] Fetching subordinates...
2026-02-14T19:32:51.174Z - [Leads] Subordinates found: 2
2026-02-14T19:32:51.175Z - [Leads] [Leads] Querying Prisma with where: {"rotationViolation":true,"isDeleted":false,"organisationId":"9abfb72c-5c3f-4c06-a8d0-36686dddeaf7","OR":[{"previousOwnerId":"a9347e28-c430-41a1-980a-1eca1f71c63c"},{"previousOwnerId":{"in":["a9347e28-c430-41a1-980a-1eca1f71c63c","75cfd31e-0e84-4664-bbc3-3c33ba9d26c8"]}}]}
2026-02-14T19:32:51.364Z - [Leads] [Leads] Violations found: 0
2026-02-15T06:13:37.335Z - [Leads] Entered getViolations
2026-02-15T06:13:37.337Z - [Leads] User: 227bbb7d-b5e1-4757-9e96-f3ab57c89a44, Role: super_admin
2026-02-15T06:13:37.337Z - [Leads] [Leads] Querying Prisma with where: {"rotationViolation":true,"isDeleted":false}
2026-02-15T06:13:37.340Z - Entered getDashboardStats
2026-02-15T06:13:37.341Z - [Analytics] User: 227bbb7d-b5e1-4757-9e96-f3ab57c89a44, Org: null, SuperAdmin: true
2026-02-15T06:13:37.341Z - [Analytics] Importing hierarchyUtils...
2026-02-15T06:13:37.341Z - [Analytics] Fetching subordinateIds...
2026-02-15T06:13:37.922Z - [Leads] [Leads] Violations found: 0
2026-02-15T06:13:37.989Z - [Analytics] Subordinates: 1
2026-02-15T06:14:39.546Z - [Leads] Entered getViolations
2026-02-15T06:14:39.549Z - [Leads] User: 227bbb7d-b5e1-4757-9e96-f3ab57c89a44, Role: super_admin
2026-02-15T06:14:39.549Z - [Leads] [Leads] Querying Prisma with where: {"rotationViolation":true,"isDeleted":false}
2026-02-15T06:14:40.171Z - [Leads] [Leads] Violations found: 0
2026-02-15T06:15:41.613Z - [Leads] Entered getViolations
2026-02-15T06:15:41.615Z - [Leads] User: 227bbb7d-b5e1-4757-9e96-f3ab57c89a44, Role: super_admin
2026-02-15T06:15:41.615Z - [Leads] [Leads] Querying Prisma with where: {"rotationViolation":true,"isDeleted":false}
2026-02-15T06:15:42.366Z - [Leads] [Leads] Violations found: 0
2026-02-15T06:16:43.770Z - [Leads] Entered getViolations
2026-02-15T06:16:43.772Z - [Leads] User: 227bbb7d-b5e1-4757-9e96-f3ab57c89a44, Role: super_admin
2026-02-15T06:16:43.772Z - [Leads] [Leads] Querying Prisma with where: {"rotationViolation":true,"isDeleted":false}
2026-02-15T06:16:44.076Z - [Leads] [Leads] Violations found: 0
2026-02-15T06:17:44.697Z - [Leads] Entered getViolations
2026-02-15T06:17:44.698Z - [Leads] User: 227bbb7d-b5e1-4757-9e96-f3ab57c89a44, Role: super_admin
2026-02-15T06:17:44.699Z - [Leads] [Leads] Querying Prisma with where: {"rotationViolation":true,"isDeleted":false}
2026-02-15T06:17:44.957Z - [Leads] [Leads] Violations found: 0
2026-02-15T06:18:45.626Z - [Leads] Entered getViolations
2026-02-15T06:18:45.629Z - [Leads] User: 227bbb7d-b5e1-4757-9e96-f3ab57c89a44, Role: super_admin
2026-02-15T06:18:45.629Z - [Leads] [Leads] Querying Prisma with where: {"rotationViolation":true,"isDeleted":false}
2026-02-15T06:18:45.933Z - [Leads] [Leads] Violations found: 0
2026-02-15T06:19:46.869Z - [Leads] Entered getViolations
2026-02-15T06:19:46.872Z - [Leads] User: 227bbb7d-b5e1-4757-9e96-f3ab57c89a44, Role: super_admin
2026-02-15T06:19:46.872Z - [Leads] [Leads] Querying Prisma with where: {"rotationViolation":true,"isDeleted":false}
2026-02-15T06:19:47.168Z - [Leads] [Leads] Violations found: 0
2026-02-15T06:20:47.992Z - [Leads] Entered getViolations
2026-02-15T06:20:47.994Z - [Leads] User: 227bbb7d-b5e1-4757-9e96-f3ab57c89a44, Role: super_admin
2026-02-15T06:20:47.994Z - [Leads] [Leads] Querying Prisma with where: {"rotationViolation":true,"isDeleted":false}
2026-02-15T06:20:48.608Z - [Leads] [Leads] Violations found: 0
2026-02-15T06:21:49.579Z - [Leads] Entered getViolations
2026-02-15T06:21:49.580Z - [Leads] User: 227bbb7d-b5e1-4757-9e96-f3ab57c89a44, Role: super_admin
2026-02-15T06:21:49.581Z - [Leads] [Leads] Querying Prisma with where: {"rotationViolation":true,"isDeleted":false}
2026-02-15T06:21:49.792Z - [Leads] [Leads] Violations found: 0
2026-02-15T06:22:50.671Z - [Leads] Entered getViolations
2026-02-15T06:22:50.672Z - [Leads] User: 227bbb7d-b5e1-4757-9e96-f3ab57c89a44, Role: super_admin
2026-02-15T06:22:50.672Z - [Leads] [Leads] Querying Prisma with where: {"rotationViolation":true,"isDeleted":false}
2026-02-15T06:22:50.977Z - [Leads] [Leads] Violations found: 0
2026-02-15T06:23:51.808Z - [Leads] Entered getViolations
2026-02-15T06:23:51.811Z - [Leads] User: 227bbb7d-b5e1-4757-9e96-f3ab57c89a44, Role: super_admin
2026-02-15T06:23:51.811Z - [Leads] [Leads] Querying Prisma with where: {"rotationViolation":true,"isDeleted":false}
2026-02-15T06:23:52.227Z - [Leads] [Leads] Violations found: 0
2026-02-15T06:24:53.244Z - [Leads] Entered getViolations
2026-02-15T06:24:53.246Z - [Leads] User: 227bbb7d-b5e1-4757-9e96-f3ab57c89a44, Role: super_admin
2026-02-15T06:24:53.246Z - [Leads] [Leads] Querying Prisma with where: {"rotationViolation":true,"isDeleted":false}
2026-02-15T06:24:53.779Z - [Leads] [Leads] Violations found: 0
2026-02-15T06:25:55.195Z - [Leads] Entered getViolations
2026-02-15T06:25:55.197Z - [Leads] User: 227bbb7d-b5e1-4757-9e96-f3ab57c89a44, Role: super_admin
2026-02-15T06:25:55.197Z - [Leads] [Leads] Querying Prisma with where: {"rotationViolation":true,"isDeleted":false}
2026-02-15T06:25:55.498Z - [Leads] [Leads] Violations found: 0
2026-02-15T06:27:57.257Z - [Leads] Entered getViolations
2026-02-15T06:27:57.259Z - [Leads] User: 227bbb7d-b5e1-4757-9e96-f3ab57c89a44, Role: super_admin
2026-02-15T06:27:57.259Z - [Leads] [Leads] Querying Prisma with where: {"rotationViolation":true,"isDeleted":false}
2026-02-15T06:27:57.870Z - [Leads] [Leads] Violations found: 0
2026-02-15T06:48:53.210Z - [Leads] Entered getViolations
2026-02-15T06:48:53.213Z - [Leads] User: 227bbb7d-b5e1-4757-9e96-f3ab57c89a44, Role: super_admin
2026-02-15T06:48:53.213Z - [Leads] [Leads] Querying Prisma with where: {"rotationViolation":true,"isDeleted":false}
2026-02-15T06:48:53.778Z - [Leads] [Leads] Violations found: 0
2026-02-15T06:49:10.426Z - Entered getDashboardStats
2026-02-15T06:49:10.428Z - [Analytics] User: a9347e28-c430-41a1-980a-1eca1f71c63c, Org: 9abfb72c-5c3f-4c06-a8d0-36686dddeaf7, SuperAdmin: false
2026-02-15T06:49:10.428Z - [Analytics] Importing hierarchyUtils...
2026-02-15T06:49:10.429Z - [Analytics] Fetching subordinateIds...
2026-02-15T06:49:11.464Z - [Analytics] Subordinates: 2
2026-02-15T06:50:10.382Z - [Leads] Entered getViolations
2026-02-15T06:50:10.384Z - [Leads] User: a9347e28-c430-41a1-980a-1eca1f71c63c, Role: admin
2026-02-15T06:50:10.384Z - [Leads] Fetching subordinates...
2026-02-15T06:50:11.178Z - [Leads] Subordinates found: 2
2026-02-15T06:50:11.179Z - [Leads] [Leads] Querying Prisma with where: {"rotationViolation":true,"isDeleted":false,"organisationId":"9abfb72c-5c3f-4c06-a8d0-36686dddeaf7","OR":[{"previousOwnerId":"a9347e28-c430-41a1-980a-1eca1f71c63c"},{"previousOwnerId":{"in":["a9347e28-c430-41a1-980a-1eca1f71c63c","75cfd31e-0e84-4664-bbc3-3c33ba9d26c8"]}}]}
2026-02-15T06:50:11.789Z - [Leads] [Leads] Violations found: 0
2026-02-15T06:51:18.126Z - [Leads] Entered getViolations
2026-02-15T06:51:18.127Z - [Leads] User: a9347e28-c430-41a1-980a-1eca1f71c63c, Role: admin
2026-02-15T06:51:18.127Z - [Leads] Fetching subordinates...
2026-02-15T06:51:18.959Z - [Leads] Subordinates found: 2
2026-02-15T06:51:18.960Z - [Leads] [Leads] Querying Prisma with where: {"rotationViolation":true,"isDeleted":false,"organisationId":"9abfb72c-5c3f-4c06-a8d0-36686dddeaf7","OR":[{"previousOwnerId":"a9347e28-c430-41a1-980a-1eca1f71c63c"},{"previousOwnerId":{"in":["a9347e28-c430-41a1-980a-1eca1f71c63c","75cfd31e-0e84-4664-bbc3-3c33ba9d26c8"]}}]}
2026-02-15T06:51:19.470Z - [Leads] [Leads] Violations found: 0
2026-02-15T06:52:20.969Z - [Leads] Entered getViolations
2026-02-15T06:52:20.971Z - [Leads] User: a9347e28-c430-41a1-980a-1eca1f71c63c, Role: admin
2026-02-15T06:52:20.971Z - [Leads] Fetching subordinates...
2026-02-15T06:52:21.581Z - [Leads] Subordinates found: 2
2026-02-15T06:52:21.582Z - [Leads] [Leads] Querying Prisma with where: {"rotationViolation":true,"isDeleted":false,"organisationId":"9abfb72c-5c3f-4c06-a8d0-36686dddeaf7","OR":[{"previousOwnerId":"a9347e28-c430-41a1-980a-1eca1f71c63c"},{"previousOwnerId":{"in":["a9347e28-c430-41a1-980a-1eca1f71c63c","75cfd31e-0e84-4664-bbc3-3c33ba9d26c8"]}}]}
2026-02-15T06:52:21.856Z - [Leads] [Leads] Violations found: 0
2026-02-15T06:53:23.052Z - [Leads] Entered getViolations
2026-02-15T06:53:23.054Z - [Leads] User: a9347e28-c430-41a1-980a-1eca1f71c63c, Role: admin
2026-02-15T06:53:23.054Z - [Leads] Fetching subordinates...
2026-02-15T06:53:23.585Z - [Leads] Subordinates found: 2
2026-02-15T06:53:23.585Z - [Leads] [Leads] Querying Prisma with where: {"rotationViolation":true,"isDeleted":false,"organisationId":"9abfb72c-5c3f-4c06-a8d0-36686dddeaf7","OR":[{"previousOwnerId":"a9347e28-c430-41a1-980a-1eca1f71c63c"},{"previousOwnerId":{"in":["a9347e28-c430-41a1-980a-1eca1f71c63c","75cfd31e-0e84-4664-bbc3-3c33ba9d26c8"]}}]}
2026-02-15T06:53:23.943Z - [Leads] [Leads] Violations found: 0
2026-02-15T06:54:25.225Z - [Leads] Entered getViolations
2026-02-15T06:54:25.227Z - [Leads] User: a9347e28-c430-41a1-980a-1eca1f71c63c, Role: admin
2026-02-15T06:54:25.227Z - [Leads] Fetching subordinates...
2026-02-15T06:54:25.859Z - [Leads] Subordinates found: 2
2026-02-15T06:54:25.859Z - [Leads] [Leads] Querying Prisma with where: {"rotationViolation":true,"isDeleted":false,"organisationId":"9abfb72c-5c3f-4c06-a8d0-36686dddeaf7","OR":[{"previousOwnerId":"a9347e28-c430-41a1-980a-1eca1f71c63c"},{"previousOwnerId":{"in":["a9347e28-c430-41a1-980a-1eca1f71c63c","75cfd31e-0e84-4664-bbc3-3c33ba9d26c8"]}}]}
2026-02-15T06:54:26.202Z - [Leads] [Leads] Violations found: 0
2026-02-15T06:55:27.223Z - [Leads] Entered getViolations
2026-02-15T06:55:27.225Z - [Leads] User: a9347e28-c430-41a1-980a-1eca1f71c63c, Role: admin
2026-02-15T06:55:27.225Z - [Leads] Fetching subordinates...
2026-02-15T06:55:28.558Z - [Leads] Subordinates found: 2
2026-02-15T06:55:28.558Z - [Leads] [Leads] Querying Prisma with where: {"rotationViolation":true,"isDeleted":false,"organisationId":"9abfb72c-5c3f-4c06-a8d0-36686dddeaf7","OR":[{"previousOwnerId":"a9347e28-c430-41a1-980a-1eca1f71c63c"},{"previousOwnerId":{"in":["a9347e28-c430-41a1-980a-1eca1f71c63c","75cfd31e-0e84-4664-bbc3-3c33ba9d26c8"]}}]}
2026-02-15T06:55:29.074Z - [Leads] [Leads] Violations found: 0
2026-02-15T06:56:30.531Z - [Leads] Entered getViolations
2026-02-15T06:56:30.532Z - [Leads] User: a9347e28-c430-41a1-980a-1eca1f71c63c, Role: admin
2026-02-15T06:56:30.532Z - [Leads] Fetching subordinates...
2026-02-15T06:56:31.130Z - [Leads] Subordinates found: 2
2026-02-15T06:56:31.131Z - [Leads] [Leads] Querying Prisma with where: {"rotationViolation":true,"isDeleted":false,"organisationId":"9abfb72c-5c3f-4c06-a8d0-36686dddeaf7","OR":[{"previousOwnerId":"a9347e28-c430-41a1-980a-1eca1f71c63c"},{"previousOwnerId":{"in":["a9347e28-c430-41a1-980a-1eca1f71c63c","75cfd31e-0e84-4664-bbc3-3c33ba9d26c8"]}}]}
2026-02-15T06:56:31.437Z - [Leads] [Leads] Violations found: 0
2026-02-15T06:57:32.531Z - [Leads] Entered getViolations
2026-02-15T06:57:32.532Z - [Leads] User: a9347e28-c430-41a1-980a-1eca1f71c63c, Role: admin
2026-02-15T06:57:32.533Z - [Leads] Fetching subordinates...
2026-02-15T06:57:33.445Z - [Leads] Subordinates found: 2
2026-02-15T06:57:33.446Z - [Leads] [Leads] Querying Prisma with where: {"rotationViolation":true,"isDeleted":false,"organisationId":"9abfb72c-5c3f-4c06-a8d0-36686dddeaf7","OR":[{"previousOwnerId":"a9347e28-c430-41a1-980a-1eca1f71c63c"},{"previousOwnerId":{"in":["a9347e28-c430-41a1-980a-1eca1f71c63c","75cfd31e-0e84-4664-bbc3-3c33ba9d26c8"]}}]}
2026-02-15T06:57:33.935Z - [Leads] [Leads] Violations found: 0
2026-02-15T06:58:35.349Z - [Leads] Entered getViolations
2026-02-15T06:58:35.351Z - [Leads] User: a9347e28-c430-41a1-980a-1eca1f71c63c, Role: admin
2026-02-15T06:58:35.351Z - [Leads] Fetching subordinates...
2026-02-15T06:58:35.955Z - [Leads] Subordinates found: 2
2026-02-15T06:58:35.956Z - [Leads] [Leads] Querying Prisma with where: {"rotationViolation":true,"isDeleted":false,"organisationId":"9abfb72c-5c3f-4c06-a8d0-36686dddeaf7","OR":[{"previousOwnerId":"a9347e28-c430-41a1-980a-1eca1f71c63c"},{"previousOwnerId":{"in":["a9347e28-c430-41a1-980a-1eca1f71c63c","75cfd31e-0e84-4664-bbc3-3c33ba9d26c8"]}}]}
2026-02-15T06:58:36.191Z - [Leads] [Leads] Violations found: 0
2026-02-15T06:59:37.277Z - [Leads] Entered getViolations
2026-02-15T06:59:37.279Z - [Leads] User: a9347e28-c430-41a1-980a-1eca1f71c63c, Role: admin
2026-02-15T06:59:37.279Z - [Leads] Fetching subordinates...
2026-02-15T06:59:37.838Z - [Leads] Subordinates found: 2
2026-02-15T06:59:37.839Z - [Leads] [Leads] Querying Prisma with where: {"rotationViolation":true,"isDeleted":false,"organisationId":"9abfb72c-5c3f-4c06-a8d0-36686dddeaf7","OR":[{"previousOwnerId":"a9347e28-c430-41a1-980a-1eca1f71c63c"},{"previousOwnerId":{"in":["a9347e28-c430-41a1-980a-1eca1f71c63c","75cfd31e-0e84-4664-bbc3-3c33ba9d26c8"]}}]}
2026-02-15T06:59:38.110Z - [Leads] [Leads] Violations found: 0
2026-02-15T07:00:38.939Z - [Leads] Entered getViolations
2026-02-15T07:00:38.941Z - [Leads] User: a9347e28-c430-41a1-980a-1eca1f71c63c, Role: admin
2026-02-15T07:00:38.941Z - [Leads] Fetching subordinates...
2026-02-15T07:00:39.426Z - [Leads] Subordinates found: 2
2026-02-15T07:00:39.427Z - [Leads] [Leads] Querying Prisma with where: {"rotationViolation":true,"isDeleted":false,"organisationId":"9abfb72c-5c3f-4c06-a8d0-36686dddeaf7","OR":[{"previousOwnerId":"a9347e28-c430-41a1-980a-1eca1f71c63c"},{"previousOwnerId":{"in":["a9347e28-c430-41a1-980a-1eca1f71c63c","75cfd31e-0e84-4664-bbc3-3c33ba9d26c8"]}}]}
2026-02-15T07:00:39.755Z - [Leads] [Leads] Violations found: 0
2026-02-15T07:01:40.901Z - [Leads] Entered getViolations
2026-02-15T07:01:40.902Z - [Leads] User: a9347e28-c430-41a1-980a-1eca1f71c63c, Role: admin
2026-02-15T07:01:40.903Z - [Leads] Fetching subordinates...
2026-02-15T07:01:41.352Z - [Leads] Subordinates found: 2
2026-02-15T07:01:41.353Z - [Leads] [Leads] Querying Prisma with where: {"rotationViolation":true,"isDeleted":false,"organisationId":"9abfb72c-5c3f-4c06-a8d0-36686dddeaf7","OR":[{"previousOwnerId":"a9347e28-c430-41a1-980a-1eca1f71c63c"},{"previousOwnerId":{"in":["a9347e28-c430-41a1-980a-1eca1f71c63c","75cfd31e-0e84-4664-bbc3-3c33ba9d26c8"]}}]}
2026-02-15T07:01:41.607Z - [Leads] [Leads] Violations found: 0
2026-02-15T07:02:42.357Z - [Leads] Entered getViolations
2026-02-15T07:02:42.360Z - [Leads] User: a9347e28-c430-41a1-980a-1eca1f71c63c, Role: admin
2026-02-15T07:02:42.361Z - [Leads] Fetching subordinates...
2026-02-15T07:02:43.045Z - [Leads] Subordinates found: 2
2026-02-15T07:02:43.046Z - [Leads] [Leads] Querying Prisma with where: {"rotationViolation":true,"isDeleted":false,"organisationId":"9abfb72c-5c3f-4c06-a8d0-36686dddeaf7","OR":[{"previousOwnerId":"a9347e28-c430-41a1-980a-1eca1f71c63c"},{"previousOwnerId":{"in":["a9347e28-c430-41a1-980a-1eca1f71c63c","75cfd31e-0e84-4664-bbc3-3c33ba9d26c8"]}}]}
2026-02-15T07:02:43.570Z - [Leads] [Leads] Violations found: 0
2026-02-15T07:03:45.074Z - [Leads] Entered getViolations
2026-02-15T07:03:45.076Z - [Leads] User: a9347e28-c430-41a1-980a-1eca1f71c63c, Role: admin
2026-02-15T07:03:45.076Z - [Leads] Fetching subordinates...
2026-02-15T07:03:45.615Z - [Leads] Subordinates found: 2
2026-02-15T07:03:45.616Z - [Leads] [Leads] Querying Prisma with where: {"rotationViolation":true,"isDeleted":false,"organisationId":"9abfb72c-5c3f-4c06-a8d0-36686dddeaf7","OR":[{"previousOwnerId":"a9347e28-c430-41a1-980a-1eca1f71c63c"},{"previousOwnerId":{"in":["a9347e28-c430-41a1-980a-1eca1f71c63c","75cfd31e-0e84-4664-bbc3-3c33ba9d26c8"]}}]}
2026-02-15T07:03:45.880Z - [Leads] [Leads] Violations found: 0
2026-02-15T07:04:12.163Z - Entered getDashboardStats
2026-02-15T07:04:12.165Z - [Analytics] User: a9347e28-c430-41a1-980a-1eca1f71c63c, Org: 9abfb72c-5c3f-4c06-a8d0-36686dddeaf7, SuperAdmin: false
2026-02-15T07:04:12.165Z - [Analytics] Importing hierarchyUtils...
2026-02-15T07:04:12.165Z - [Analytics] Fetching subordinateIds...
2026-02-15T07:04:12.869Z - [Analytics] Subordinates: 2
2026-02-15T07:04:46.666Z - [Leads] Entered getViolations
2026-02-15T07:04:46.668Z - [Leads] User: a9347e28-c430-41a1-980a-1eca1f71c63c, Role: admin
2026-02-15T07:04:46.668Z - [Leads] Fetching subordinates...
2026-02-15T07:04:47.166Z - [Leads] Subordinates found: 2
2026-02-15T07:04:47.167Z - [Leads] [Leads] Querying Prisma with where: {"rotationViolation":true,"isDeleted":false,"organisationId":"9abfb72c-5c3f-4c06-a8d0-36686dddeaf7","OR":[{"previousOwnerId":"a9347e28-c430-41a1-980a-1eca1f71c63c"},{"previousOwnerId":{"in":["a9347e28-c430-41a1-980a-1eca1f71c63c","75cfd31e-0e84-4664-bbc3-3c33ba9d26c8"]}}]}
2026-02-15T07:04:47.680Z - [Leads] [Leads] Violations found: 0
2026-02-15T07:05:48.723Z - [Leads] Entered getViolations
2026-02-15T07:05:48.725Z - [Leads] User: a9347e28-c430-41a1-980a-1eca1f71c63c, Role: admin
2026-02-15T07:05:48.726Z - [Leads] Fetching subordinates...
2026-02-15T07:05:49.324Z - [Leads] Subordinates found: 2
2026-02-15T07:05:49.324Z - [Leads] [Leads] Querying Prisma with where: {"rotationViolation":true,"isDeleted":false,"organisationId":"9abfb72c-5c3f-4c06-a8d0-36686dddeaf7","OR":[{"previousOwnerId":"a9347e28-c430-41a1-980a-1eca1f71c63c"},{"previousOwnerId":{"in":["a9347e28-c430-41a1-980a-1eca1f71c63c","75cfd31e-0e84-4664-bbc3-3c33ba9d26c8"]}}]}
2026-02-15T07:05:49.630Z - [Leads] [Leads] Violations found: 0
2026-02-15T07:06:50.920Z - [Leads] Entered getViolations
2026-02-15T07:06:50.923Z - [Leads] User: a9347e28-c430-41a1-980a-1eca1f71c63c, Role: admin
2026-02-15T07:06:50.923Z - [Leads] Fetching subordinates...
2026-02-15T07:06:51.584Z - [Leads] Subordinates found: 2
2026-02-15T07:06:51.585Z - [Leads] [Leads] Querying Prisma with where: {"rotationViolation":true,"isDeleted":false,"organisationId":"9abfb72c-5c3f-4c06-a8d0-36686dddeaf7","OR":[{"previousOwnerId":"a9347e28-c430-41a1-980a-1eca1f71c63c"},{"previousOwnerId":{"in":["a9347e28-c430-41a1-980a-1eca1f71c63c","75cfd31e-0e84-4664-bbc3-3c33ba9d26c8"]}}]}
2026-02-15T07:06:51.892Z - [Leads] [Leads] Violations found: 0
2026-02-15T07:07:55.203Z - [Leads] Entered getViolations
2026-02-15T07:07:55.205Z - [Leads] User: a9347e28-c430-41a1-980a-1eca1f71c63c, Role: admin
2026-02-15T07:07:55.205Z - [Leads] Fetching subordinates...
2026-02-15T07:07:56.135Z - [Leads] Subordinates found: 2
2026-02-15T07:07:56.137Z - [Leads] [Leads] Querying Prisma with where: {"rotationViolation":true,"isDeleted":false,"organisationId":"9abfb72c-5c3f-4c06-a8d0-36686dddeaf7","OR":[{"previousOwnerId":"a9347e28-c430-41a1-980a-1eca1f71c63c"},{"previousOwnerId":{"in":["a9347e28-c430-41a1-980a-1eca1f71c63c","75cfd31e-0e84-4664-bbc3-3c33ba9d26c8"]}}]}
2026-02-15T07:07:56.712Z - [Leads] [Leads] Violations found: 0
2026-02-15T07:08:58.048Z - [Leads] Entered getViolations
2026-02-15T07:08:58.051Z - [Leads] User: a9347e28-c430-41a1-980a-1eca1f71c63c, Role: admin
2026-02-15T07:08:58.051Z - [Leads] Fetching subordinates...
2026-02-15T07:08:58.971Z - [Leads] Subordinates found: 2
2026-02-15T07:08:58.973Z - [Leads] [Leads] Querying Prisma with where: {"rotationViolation":true,"isDeleted":false,"organisationId":"9abfb72c-5c3f-4c06-a8d0-36686dddeaf7","OR":[{"previousOwnerId":"a9347e28-c430-41a1-980a-1eca1f71c63c"},{"previousOwnerId":{"in":["a9347e28-c430-41a1-980a-1eca1f71c63c","75cfd31e-0e84-4664-bbc3-3c33ba9d26c8"]}}]}
2026-02-15T07:08:59.583Z - [Leads] [Leads] Violations found: 0
2026-02-15T07:09:15.685Z - Entered getDashboardStats
2026-02-15T07:09:15.686Z - [Analytics] User: a9347e28-c430-41a1-980a-1eca1f71c63c, Org: 9abfb72c-5c3f-4c06-a8d0-36686dddeaf7, SuperAdmin: false
2026-02-15T07:09:15.687Z - [Analytics] Importing hierarchyUtils...
2026-02-15T07:09:15.687Z - [Analytics] Fetching subordinateIds...
2026-02-15T07:09:16.125Z - [Analytics] Subordinates: 2
2026-02-15T07:09:17.691Z - [Leads] Entered getViolations
2026-02-15T07:09:17.691Z - [Leads] User: a9347e28-c430-41a1-980a-1eca1f71c63c, Role: admin
2026-02-15T07:09:17.692Z - [Leads] Fetching subordinates...
2026-02-15T07:09:18.472Z - [Leads] Subordinates found: 2
2026-02-15T07:09:18.473Z - [Leads] [Leads] Querying Prisma with where: {"rotationViolation":true,"isDeleted":false,"organisationId":"9abfb72c-5c3f-4c06-a8d0-36686dddeaf7","OR":[{"previousOwnerId":"a9347e28-c430-41a1-980a-1eca1f71c63c"},{"previousOwnerId":{"in":["a9347e28-c430-41a1-980a-1eca1f71c63c","75cfd31e-0e84-4664-bbc3-3c33ba9d26c8"]}}]}
2026-02-15T07:09:18.969Z - [Leads] [Leads] Violations found: 0
2026-02-15T07:10:20.540Z - [Leads] Entered getViolations
2026-02-15T07:10:20.543Z - [Leads] User: a9347e28-c430-41a1-980a-1eca1f71c63c, Role: admin
2026-02-15T07:10:20.543Z - [Leads] Fetching subordinates...
2026-02-15T07:10:21.449Z - [Leads] Subordinates found: 2
2026-02-15T07:10:21.449Z - [Leads] [Leads] Querying Prisma with where: {"rotationViolation":true,"isDeleted":false,"organisationId":"9abfb72c-5c3f-4c06-a8d0-36686dddeaf7","OR":[{"previousOwnerId":"a9347e28-c430-41a1-980a-1eca1f71c63c"},{"previousOwnerId":{"in":["a9347e28-c430-41a1-980a-1eca1f71c63c","75cfd31e-0e84-4664-bbc3-3c33ba9d26c8"]}}]}
2026-02-15T07:10:21.934Z - [Leads] [Leads] Violations found: 0
2026-02-15T07:11:23.253Z - [Leads] Entered getViolations
2026-02-15T07:11:23.256Z - [Leads] User: a9347e28-c430-41a1-980a-1eca1f71c63c, Role: admin
2026-02-15T07:11:23.256Z - [Leads] Fetching subordinates...
2026-02-15T07:11:24.073Z - [Leads] Subordinates found: 2
2026-02-15T07:11:24.074Z - [Leads] [Leads] Querying Prisma with where: {"rotationViolation":true,"isDeleted":false,"organisationId":"9abfb72c-5c3f-4c06-a8d0-36686dddeaf7","OR":[{"previousOwnerId":"a9347e28-c430-41a1-980a-1eca1f71c63c"},{"previousOwnerId":{"in":["a9347e28-c430-41a1-980a-1eca1f71c63c","75cfd31e-0e84-4664-bbc3-3c33ba9d26c8"]}}]}
2026-02-15T07:11:24.609Z - [Leads] [Leads] Violations found: 0
2026-02-15T07:12:26.742Z - [Leads] Entered getViolations
2026-02-15T07:12:26.744Z - [Leads] User: a9347e28-c430-41a1-980a-1eca1f71c63c, Role: admin
2026-02-15T07:12:26.744Z - [Leads] Fetching subordinates...
2026-02-15T07:12:27.869Z - [Leads] Subordinates found: 2
2026-02-15T07:12:27.870Z - [Leads] [Leads] Querying Prisma with where: {"rotationViolation":true,"isDeleted":false,"organisationId":"9abfb72c-5c3f-4c06-a8d0-36686dddeaf7","OR":[{"previousOwnerId":"a9347e28-c430-41a1-980a-1eca1f71c63c"},{"previousOwnerId":{"in":["a9347e28-c430-41a1-980a-1eca1f71c63c","75cfd31e-0e84-4664-bbc3-3c33ba9d26c8"]}}]}
2026-02-15T07:12:28.481Z - [Leads] [Leads] Violations found: 0
2026-02-15T07:13:29.879Z - [Leads] Entered getViolations
2026-02-15T07:13:29.881Z - [Leads] User: a9347e28-c430-41a1-980a-1eca1f71c63c, Role: admin
2026-02-15T07:13:29.881Z - [Leads] Fetching subordinates...
2026-02-15T07:13:30.536Z - [Leads] Subordinates found: 2
2026-02-15T07:13:30.537Z - [Leads] [Leads] Querying Prisma with where: {"rotationViolation":true,"isDeleted":false,"organisationId":"9abfb72c-5c3f-4c06-a8d0-36686dddeaf7","OR":[{"previousOwnerId":"a9347e28-c430-41a1-980a-1eca1f71c63c"},{"previousOwnerId":{"in":["a9347e28-c430-41a1-980a-1eca1f71c63c","75cfd31e-0e84-4664-bbc3-3c33ba9d26c8"]}}]}
2026-02-15T07:13:30.843Z - [Leads] [Leads] Violations found: 0
2026-02-15T07:14:32.079Z - [Leads] Entered getViolations
2026-02-15T07:14:32.082Z - [Leads] User: a9347e28-c430-41a1-980a-1eca1f71c63c, Role: admin
2026-02-15T07:14:32.082Z - [Leads] Fetching subordinates...
2026-02-15T07:14:32.693Z - [Leads] Subordinates found: 2
2026-02-15T07:14:32.694Z - [Leads] [Leads] Querying Prisma with where: {"rotationViolation":true,"isDeleted":false,"organisationId":"9abfb72c-5c3f-4c06-a8d0-36686dddeaf7","OR":[{"previousOwnerId":"a9347e28-c430-41a1-980a-1eca1f71c63c"},{"previousOwnerId":{"in":["a9347e28-c430-41a1-980a-1eca1f71c63c","75cfd31e-0e84-4664-bbc3-3c33ba9d26c8"]}}]}
2026-02-15T07:14:33.000Z - [Leads] [Leads] Violations found: 0
2026-02-15T07:15:34.236Z - [Leads] Entered getViolations
2026-02-15T07:15:34.237Z - [Leads] User: a9347e28-c430-41a1-980a-1eca1f71c63c, Role: admin
2026-02-15T07:15:34.238Z - [Leads] Fetching subordinates...
2026-02-15T07:15:34.744Z - [Leads] Subordinates found: 2
2026-02-15T07:15:34.745Z - [Leads] [Leads] Querying Prisma with where: {"rotationViolation":true,"isDeleted":false,"organisationId":"9abfb72c-5c3f-4c06-a8d0-36686dddeaf7","OR":[{"previousOwnerId":"a9347e28-c430-41a1-980a-1eca1f71c63c"},{"previousOwnerId":{"in":["a9347e28-c430-41a1-980a-1eca1f71c63c","75cfd31e-0e84-4664-bbc3-3c33ba9d26c8"]}}]}
2026-02-15T07:15:34.970Z - [Leads] [Leads] Violations found: 0
2026-02-15T07:16:36.139Z - [Leads] Entered getViolations
2026-02-15T07:16:36.140Z - [Leads] User: a9347e28-c430-41a1-980a-1eca1f71c63c, Role: admin
2026-02-15T07:16:36.140Z - [Leads] Fetching subordinates...
2026-02-15T07:16:36.803Z - [Leads] Subordinates found: 2
2026-02-15T07:16:36.804Z - [Leads] [Leads] Querying Prisma with where: {"rotationViolation":true,"isDeleted":false,"organisationId":"9abfb72c-5c3f-4c06-a8d0-36686dddeaf7","OR":[{"previousOwnerId":"a9347e28-c430-41a1-980a-1eca1f71c63c"},{"previousOwnerId":{"in":["a9347e28-c430-41a1-980a-1eca1f71c63c","75cfd31e-0e84-4664-bbc3-3c33ba9d26c8"]}}]}
2026-02-15T07:16:37.123Z - [Leads] [Leads] Violations found: 0
2026-02-15T07:17:38.248Z - [Leads] Entered getViolations
2026-02-15T07:17:38.249Z - [Leads] User: a9347e28-c430-41a1-980a-1eca1f71c63c, Role: admin
2026-02-15T07:17:38.249Z - [Leads] Fetching subordinates...
2026-02-15T07:17:39.062Z - [Leads] Subordinates found: 2
2026-02-15T07:17:39.063Z - [Leads] [Leads] Querying Prisma with where: {"rotationViolation":true,"isDeleted":false,"organisationId":"9abfb72c-5c3f-4c06-a8d0-36686dddeaf7","OR":[{"previousOwnerId":"a9347e28-c430-41a1-980a-1eca1f71c63c"},{"previousOwnerId":{"in":["a9347e28-c430-41a1-980a-1eca1f71c63c","75cfd31e-0e84-4664-bbc3-3c33ba9d26c8"]}}]}
2026-02-15T07:17:39.574Z - [Leads] [Leads] Violations found: 0
2026-02-15T07:18:40.839Z - [Leads] Entered getViolations
2026-02-15T07:18:40.843Z - [Leads] User: a9347e28-c430-41a1-980a-1eca1f71c63c, Role: admin
2026-02-15T07:18:40.843Z - [Leads] Fetching subordinates...
2026-02-15T07:18:41.237Z - [Leads] Subordinates found: 2
2026-02-15T07:18:41.238Z - [Leads] [Leads] Querying Prisma with where: {"rotationViolation":true,"isDeleted":false,"organisationId":"9abfb72c-5c3f-4c06-a8d0-36686dddeaf7","OR":[{"previousOwnerId":"a9347e28-c430-41a1-980a-1eca1f71c63c"},{"previousOwnerId":{"in":["a9347e28-c430-41a1-980a-1eca1f71c63c","75cfd31e-0e84-4664-bbc3-3c33ba9d26c8"]}}]}
2026-02-15T07:18:41.445Z - [Leads] [Leads] Violations found: 0
2026-02-15T07:19:42.606Z - [Leads] Entered getViolations
2026-02-15T07:19:42.608Z - [Leads] User: a9347e28-c430-41a1-980a-1eca1f71c63c, Role: admin
2026-02-15T07:19:42.608Z - [Leads] Fetching subordinates...
2026-02-15T07:19:43.284Z - [Leads] Subordinates found: 2
2026-02-15T07:19:43.285Z - [Leads] [Leads] Querying Prisma with where: {"rotationViolation":true,"isDeleted":false,"organisationId":"9abfb72c-5c3f-4c06-a8d0-36686dddeaf7","OR":[{"previousOwnerId":"a9347e28-c430-41a1-980a-1eca1f71c63c"},{"previousOwnerId":{"in":["a9347e28-c430-41a1-980a-1eca1f71c63c","75cfd31e-0e84-4664-bbc3-3c33ba9d26c8"]}}]}
2026-02-15T07:19:43.695Z - [Leads] [Leads] Violations found: 0
2026-02-15T07:20:44.830Z - [Leads] Entered getViolations
2026-02-15T07:20:44.831Z - [Leads] User: a9347e28-c430-41a1-980a-1eca1f71c63c, Role: admin
2026-02-15T07:20:44.832Z - [Leads] Fetching subordinates...
2026-02-15T07:20:45.440Z - [Leads] Subordinates found: 2
2026-02-15T07:20:45.442Z - [Leads] [Leads] Querying Prisma with where: {"rotationViolation":true,"isDeleted":false,"organisationId":"9abfb72c-5c3f-4c06-a8d0-36686dddeaf7","OR":[{"previousOwnerId":"a9347e28-c430-41a1-980a-1eca1f71c63c"},{"previousOwnerId":{"in":["a9347e28-c430-41a1-980a-1eca1f71c63c","75cfd31e-0e84-4664-bbc3-3c33ba9d26c8"]}}]}
2026-02-15T07:20:45.754Z - [Leads] [Leads] Violations found: 0
2026-02-15T07:20:53.547Z - Entered getDashboardStats
2026-02-15T07:20:53.548Z - [Analytics] User: a9347e28-c430-41a1-980a-1eca1f71c63c, Org: 9abfb72c-5c3f-4c06-a8d0-36686dddeaf7, SuperAdmin: false
2026-02-15T07:20:53.548Z - [Analytics] Importing hierarchyUtils...
2026-02-15T07:20:53.549Z - [Analytics] Fetching subordinateIds...
2026-02-15T07:20:54.229Z - [Analytics] Subordinates: 2
2026-02-15T07:21:46.487Z - [Leads] Entered getViolations
2026-02-15T07:21:46.488Z - [Leads] User: a9347e28-c430-41a1-980a-1eca1f71c63c, Role: admin
2026-02-15T07:21:46.488Z - [Leads] Fetching subordinates...
2026-02-15T07:21:47.187Z - [Leads] Subordinates found: 2
2026-02-15T07:21:47.187Z - [Leads] [Leads] Querying Prisma with where: {"rotationViolation":true,"isDeleted":false,"organisationId":"9abfb72c-5c3f-4c06-a8d0-36686dddeaf7","OR":[{"previousOwnerId":"a9347e28-c430-41a1-980a-1eca1f71c63c"},{"previousOwnerId":{"in":["a9347e28-c430-41a1-980a-1eca1f71c63c","75cfd31e-0e84-4664-bbc3-3c33ba9d26c8"]}}]}
2026-02-15T07:21:48.108Z - [Leads] [Leads] Violations found: 0
2026-02-15T07:22:27.012Z - Entered getDashboardStats
2026-02-15T07:22:27.013Z - [Analytics] User: a9347e28-c430-41a1-980a-1eca1f71c63c, Org: 9abfb72c-5c3f-4c06-a8d0-36686dddeaf7, SuperAdmin: false
2026-02-15T07:22:27.014Z - [Analytics] Importing hierarchyUtils...
2026-02-15T07:22:27.014Z - [Analytics] Fetching subordinateIds...
2026-02-15T07:22:27.857Z - [Analytics] Subordinates: 2
2026-02-15T07:22:49.861Z - [Leads] Entered getViolations
2026-02-15T07:22:49.863Z - [Leads] User: a9347e28-c430-41a1-980a-1eca1f71c63c, Role: admin
2026-02-15T07:22:49.863Z - [Leads] Fetching subordinates...
2026-02-15T07:22:50.958Z - [Leads] Subordinates found: 2
2026-02-15T07:22:50.958Z - [Leads] [Leads] Querying Prisma with where: {"rotationViolation":true,"isDeleted":false,"organisationId":"9abfb72c-5c3f-4c06-a8d0-36686dddeaf7","OR":[{"previousOwnerId":"a9347e28-c430-41a1-980a-1eca1f71c63c"},{"previousOwnerId":{"in":["a9347e28-c430-41a1-980a-1eca1f71c63c","75cfd31e-0e84-4664-bbc3-3c33ba9d26c8"]}}]}
2026-02-15T07:22:51.513Z - [Leads] [Leads] Violations found: 0
2026-02-15T07:23:53.039Z - [Leads] Entered getViolations
2026-02-15T07:23:53.041Z - [Leads] User: a9347e28-c430-41a1-980a-1eca1f71c63c, Role: admin
2026-02-15T07:23:53.041Z - [Leads] Fetching subordinates...
2026-02-15T07:23:53.653Z - [Leads] Subordinates found: 2
2026-02-15T07:23:53.653Z - [Leads] [Leads] Querying Prisma with where: {"rotationViolation":true,"isDeleted":false,"organisationId":"9abfb72c-5c3f-4c06-a8d0-36686dddeaf7","OR":[{"previousOwnerId":"a9347e28-c430-41a1-980a-1eca1f71c63c"},{"previousOwnerId":{"in":["a9347e28-c430-41a1-980a-1eca1f71c63c","75cfd31e-0e84-4664-bbc3-3c33ba9d26c8"]}}]}
2026-02-15T07:23:53.961Z - [Leads] [Leads] Violations found: 0
2026-02-15T07:24:54.889Z - [Leads] Entered getViolations
2026-02-15T07:24:54.891Z - [Leads] User: a9347e28-c430-41a1-980a-1eca1f71c63c, Role: admin
2026-02-15T07:24:54.891Z - [Leads] Fetching subordinates...
2026-02-15T07:24:55.502Z - [Leads] Subordinates found: 2
2026-02-15T07:24:55.503Z - [Leads] [Leads] Querying Prisma with where: {"rotationViolation":true,"isDeleted":false,"organisationId":"9abfb72c-5c3f-4c06-a8d0-36686dddeaf7","OR":[{"previousOwnerId":"a9347e28-c430-41a1-980a-1eca1f71c63c"},{"previousOwnerId":{"in":["a9347e28-c430-41a1-980a-1eca1f71c63c","75cfd31e-0e84-4664-bbc3-3c33ba9d26c8"]}}]}
2026-02-15T07:24:55.811Z - [Leads] [Leads] Violations found: 0
2026-02-15T07:25:59.463Z - [Leads] Entered getViolations
2026-02-15T07:25:59.466Z - [Leads] User: a9347e28-c430-41a1-980a-1eca1f71c63c, Role: admin
2026-02-15T07:25:59.466Z - [Leads] Fetching subordinates...
2026-02-15T07:26:00.319Z - [Leads] Subordinates found: 2
2026-02-15T07:26:00.320Z - [Leads] [Leads] Querying Prisma with where: {"rotationViolation":true,"isDeleted":false,"organisationId":"9abfb72c-5c3f-4c06-a8d0-36686dddeaf7","OR":[{"previousOwnerId":"a9347e28-c430-41a1-980a-1eca1f71c63c"},{"previousOwnerId":{"in":["a9347e28-c430-41a1-980a-1eca1f71c63c","75cfd31e-0e84-4664-bbc3-3c33ba9d26c8"]}}]}
2026-02-15T07:26:00.836Z - [Leads] [Leads] Violations found: 0
2026-02-15T07:27:02.143Z - [Leads] Entered getViolations
2026-02-15T07:27:02.145Z - [Leads] User: a9347e28-c430-41a1-980a-1eca1f71c63c, Role: admin
2026-02-15T07:27:02.146Z - [Leads] Fetching subordinates...
2026-02-15T07:27:03.095Z - [Leads] Subordinates found: 2
2026-02-15T07:27:03.095Z - [Leads] [Leads] Querying Prisma with where: {"rotationViolation":true,"isDeleted":false,"organisationId":"9abfb72c-5c3f-4c06-a8d0-36686dddeaf7","OR":[{"previousOwnerId":"a9347e28-c430-41a1-980a-1eca1f71c63c"},{"previousOwnerId":{"in":["a9347e28-c430-41a1-980a-1eca1f71c63c","75cfd31e-0e84-4664-bbc3-3c33ba9d26c8"]}}]}
2026-02-15T07:27:03.645Z - [Leads] [Leads] Violations found: 0
2026-02-15T07:28:04.701Z - [Leads] Entered getViolations
2026-02-15T07:28:04.703Z - [Leads] User: a9347e28-c430-41a1-980a-1eca1f71c63c, Role: admin
2026-02-15T07:28:04.704Z - [Leads] Fetching subordinates...
2026-02-15T07:28:05.251Z - [Leads] Subordinates found: 2
2026-02-15T07:28:05.252Z - [Leads] [Leads] Querying Prisma with where: {"rotationViolation":true,"isDeleted":false,"organisationId":"9abfb72c-5c3f-4c06-a8d0-36686dddeaf7","OR":[{"previousOwnerId":"a9347e28-c430-41a1-980a-1eca1f71c63c"},{"previousOwnerId":{"in":["a9347e28-c430-41a1-980a-1eca1f71c63c","75cfd31e-0e84-4664-bbc3-3c33ba9d26c8"]}}]}
2026-02-15T07:28:05.503Z - [Leads] [Leads] Violations found: 0
2026-02-15T07:29:06.488Z - [Leads] Entered getViolations
2026-02-15T07:29:06.488Z - [Leads] User: a9347e28-c430-41a1-980a-1eca1f71c63c, Role: admin
2026-02-15T07:29:06.489Z - [Leads] Fetching subordinates...
2026-02-15T07:29:07.046Z - [Leads] Subordinates found: 2
2026-02-15T07:29:07.046Z - [Leads] [Leads] Querying Prisma with where: {"rotationViolation":true,"isDeleted":false,"organisationId":"9abfb72c-5c3f-4c06-a8d0-36686dddeaf7","OR":[{"previousOwnerId":"a9347e28-c430-41a1-980a-1eca1f71c63c"},{"previousOwnerId":{"in":["a9347e28-c430-41a1-980a-1eca1f71c63c","75cfd31e-0e84-4664-bbc3-3c33ba9d26c8"]}}]}
2026-02-15T07:29:07.434Z - [Leads] [Leads] Violations found: 0
2026-02-15T07:30:08.441Z - [Leads] Entered getViolations
2026-02-15T07:30:08.442Z - [Leads] User: a9347e28-c430-41a1-980a-1eca1f71c63c, Role: admin
2026-02-15T07:30:08.442Z - [Leads] Fetching subordinates...
2026-02-15T07:30:09.054Z - [Leads] Subordinates found: 2
2026-02-15T07:30:09.055Z - [Leads] [Leads] Querying Prisma with where: {"rotationViolation":true,"isDeleted":false,"organisationId":"9abfb72c-5c3f-4c06-a8d0-36686dddeaf7","OR":[{"previousOwnerId":"a9347e28-c430-41a1-980a-1eca1f71c63c"},{"previousOwnerId":{"in":["a9347e28-c430-41a1-980a-1eca1f71c63c","75cfd31e-0e84-4664-bbc3-3c33ba9d26c8"]}}]}
2026-02-15T07:30:09.323Z - [Leads] [Leads] Violations found: 0
2026-02-15T07:30:56.049Z - Entered getDashboardStats
2026-02-15T07:30:56.051Z - [Analytics] User: a9347e28-c430-41a1-980a-1eca1f71c63c, Org: 9abfb72c-5c3f-4c06-a8d0-36686dddeaf7, SuperAdmin: false
2026-02-15T07:30:56.051Z - [Analytics] Importing hierarchyUtils...
2026-02-15T07:30:56.051Z - [Analytics] Fetching subordinateIds...
2026-02-15T07:30:56.052Z - [Leads] Entered getViolations
2026-02-15T07:30:56.053Z - [Leads] User: a9347e28-c430-41a1-980a-1eca1f71c63c, Role: admin
2026-02-15T07:30:56.053Z - [Leads] Fetching subordinates...
2026-02-15T07:30:57.103Z - [Analytics] Subordinates: 2
2026-02-15T07:30:57.319Z - [Leads] Subordinates found: 2
2026-02-15T07:30:57.320Z - [Leads] [Leads] Querying Prisma with where: {"rotationViolation":true,"isDeleted":false,"organisationId":"9abfb72c-5c3f-4c06-a8d0-36686dddeaf7","OR":[{"previousOwnerId":"a9347e28-c430-41a1-980a-1eca1f71c63c"},{"previousOwnerId":{"in":["a9347e28-c430-41a1-980a-1eca1f71c63c","75cfd31e-0e84-4664-bbc3-3c33ba9d26c8"]}}]}
2026-02-15T07:30:57.886Z - [Leads] [Leads] Violations found: 0
2026-02-15T07:31:59.545Z - [Leads] Entered getViolations
2026-02-15T07:31:59.547Z - [Leads] User: a9347e28-c430-41a1-980a-1eca1f71c63c, Role: admin
2026-02-15T07:31:59.547Z - [Leads] Fetching subordinates...
2026-02-15T07:32:00.172Z - [Leads] Subordinates found: 2
2026-02-15T07:32:00.172Z - [Leads] [Leads] Querying Prisma with where: {"rotationViolation":true,"isDeleted":false,"organisationId":"9abfb72c-5c3f-4c06-a8d0-36686dddeaf7","OR":[{"previousOwnerId":"a9347e28-c430-41a1-980a-1eca1f71c63c"},{"previousOwnerId":{"in":["a9347e28-c430-41a1-980a-1eca1f71c63c","75cfd31e-0e84-4664-bbc3-3c33ba9d26c8"]}}]}
2026-02-15T07:32:00.610Z - [Leads] [Leads] Violations found: 0
2026-02-15T07:33:01.702Z - [Leads] Entered getViolations
2026-02-15T07:33:01.703Z - [Leads] User: a9347e28-c430-41a1-980a-1eca1f71c63c, Role: admin
2026-02-15T07:33:01.703Z - [Leads] Fetching subordinates...
2026-02-15T07:33:02.623Z - [Leads] Subordinates found: 2
2026-02-15T07:33:02.623Z - [Leads] [Leads] Querying Prisma with where: {"rotationViolation":true,"isDeleted":false,"organisationId":"9abfb72c-5c3f-4c06-a8d0-36686dddeaf7","OR":[{"previousOwnerId":"a9347e28-c430-41a1-980a-1eca1f71c63c"},{"previousOwnerId":{"in":["a9347e28-c430-41a1-980a-1eca1f71c63c","75cfd31e-0e84-4664-bbc3-3c33ba9d26c8"]}}]}
2026-02-15T07:33:02.929Z - [Leads] [Leads] Violations found: 0
2026-02-15T07:34:03.700Z - [Leads] Entered getViolations
2026-02-15T07:34:03.702Z - [Leads] User: a9347e28-c430-41a1-980a-1eca1f71c63c, Role: admin
2026-02-15T07:34:03.702Z - [Leads] Fetching subordinates...
2026-02-15T07:34:04.161Z - [Leads] Subordinates found: 2
2026-02-15T07:34:04.162Z - [Leads] [Leads] Querying Prisma with where: {"rotationViolation":true,"isDeleted":false,"organisationId":"9abfb72c-5c3f-4c06-a8d0-36686dddeaf7","OR":[{"previousOwnerId":"a9347e28-c430-41a1-980a-1eca1f71c63c"},{"previousOwnerId":{"in":["a9347e28-c430-41a1-980a-1eca1f71c63c","75cfd31e-0e84-4664-bbc3-3c33ba9d26c8"]}}]}
2026-02-15T07:34:04.399Z - [Leads] [Leads] Violations found: 0
2026-02-15T07:35:05.105Z - [Leads] Entered getViolations
2026-02-15T07:35:05.108Z - [Leads] User: a9347e28-c430-41a1-980a-1eca1f71c63c, Role: admin
2026-02-15T07:35:05.108Z - [Leads] Fetching subordinates...
2026-02-15T07:35:05.713Z - [Leads] Subordinates found: 2
2026-02-15T07:35:05.714Z - [Leads] [Leads] Querying Prisma with where: {"rotationViolation":true,"isDeleted":false,"organisationId":"9abfb72c-5c3f-4c06-a8d0-36686dddeaf7","OR":[{"previousOwnerId":"a9347e28-c430-41a1-980a-1eca1f71c63c"},{"previousOwnerId":{"in":["a9347e28-c430-41a1-980a-1eca1f71c63c","75cfd31e-0e84-4664-bbc3-3c33ba9d26c8"]}}]}
2026-02-15T07:35:05.947Z - [Leads] [Leads] Violations found: 0
2026-02-15T08:27:21.564Z - [Leads] Entered getViolations
2026-02-15T08:27:21.566Z - [Leads] User: a9347e28-c430-41a1-980a-1eca1f71c63c, Role: admin
2026-02-15T08:27:21.566Z - [Leads] Fetching subordinates...
2026-02-15T08:27:21.967Z - Entered getDashboardStats
2026-02-15T08:27:21.967Z - [Analytics] User: a9347e28-c430-41a1-980a-1eca1f71c63c, Org: 9abfb72c-5c3f-4c06-a8d0-36686dddeaf7, SuperAdmin: false
2026-02-15T08:27:21.967Z - [Analytics] Importing hierarchyUtils...
2026-02-15T08:27:21.967Z - [Analytics] Fetching subordinateIds...
2026-02-15T08:27:22.218Z - [Leads] Subordinates found: 2
2026-02-15T08:27:22.218Z - [Leads] [Leads] Querying Prisma with where: {"rotationViolation":true,"isDeleted":false,"organisationId":"9abfb72c-5c3f-4c06-a8d0-36686dddeaf7","OR":[{"previousOwnerId":"a9347e28-c430-41a1-980a-1eca1f71c63c"},{"previousOwnerId":{"in":["a9347e28-c430-41a1-980a-1eca1f71c63c","75cfd31e-0e84-4664-bbc3-3c33ba9d26c8"]}}]}
2026-02-15T08:27:22.649Z - [Leads] [Leads] Violations found: 0
2026-02-15T08:27:22.908Z - [Analytics] Subordinates: 2
2026-02-15T08:27:34.552Z - [Leads] Entered getViolations
2026-02-15T08:27:34.552Z - [Leads] User: a9347e28-c430-41a1-980a-1eca1f71c63c, Role: admin
2026-02-15T08:27:34.552Z - [Leads] Fetching subordinates...
2026-02-15T08:27:35.073Z - [Leads] Subordinates found: 2
2026-02-15T08:27:35.073Z - [Leads] [Leads] Querying Prisma with where: {"rotationViolation":true,"isDeleted":false,"organisationId":"9abfb72c-5c3f-4c06-a8d0-36686dddeaf7","OR":[{"previousOwnerId":"a9347e28-c430-41a1-980a-1eca1f71c63c"},{"previousOwnerId":{"in":["a9347e28-c430-41a1-980a-1eca1f71c63c","75cfd31e-0e84-4664-bbc3-3c33ba9d26c8"]}}]}
2026-02-15T08:27:35.634Z - [Leads] [Leads] Violations found: 0
2026-02-15T08:28:11.218Z - [Leads] Entered getViolations
2026-02-15T08:28:11.219Z - [Leads] User: a9347e28-c430-41a1-980a-1eca1f71c63c, Role: admin
2026-02-15T08:28:11.219Z - [Leads] Fetching subordinates...
2026-02-15T08:28:11.257Z - Entered getDashboardStats
2026-02-15T08:28:11.258Z - [Analytics] User: a9347e28-c430-41a1-980a-1eca1f71c63c, Org: 9abfb72c-5c3f-4c06-a8d0-36686dddeaf7, SuperAdmin: false
2026-02-15T08:28:11.258Z - [Analytics] Importing hierarchyUtils...
2026-02-15T08:28:11.258Z - [Analytics] Fetching subordinateIds...
2026-02-15T08:28:11.849Z - [Leads] Subordinates found: 2
2026-02-15T08:28:11.849Z - [Leads] [Leads] Querying Prisma with where: {"rotationViolation":true,"isDeleted":false,"organisationId":"9abfb72c-5c3f-4c06-a8d0-36686dddeaf7","OR":[{"previousOwnerId":"a9347e28-c430-41a1-980a-1eca1f71c63c"},{"previousOwnerId":{"in":["a9347e28-c430-41a1-980a-1eca1f71c63c","75cfd31e-0e84-4664-bbc3-3c33ba9d26c8"]}}]}
2026-02-15T08:28:11.880Z - [Analytics] Subordinates: 2
2026-02-15T08:28:12.285Z - [Leads] [Leads] Violations found: 0
2026-02-15T08:28:44.060Z - Entered getDashboardStats
2026-02-15T08:28:44.061Z - [Analytics] User: a9347e28-c430-41a1-980a-1eca1f71c63c, Org: 9abfb72c-5c3f-4c06-a8d0-36686dddeaf7, SuperAdmin: false
2026-02-15T08:28:44.061Z - [Analytics] Importing hierarchyUtils...
2026-02-15T08:28:44.061Z - [Analytics] Fetching subordinateIds...
2026-02-15T08:28:44.207Z - [Leads] Entered getViolations
2026-02-15T08:28:44.208Z - [Leads] User: a9347e28-c430-41a1-980a-1eca1f71c63c, Role: admin
2026-02-15T08:28:44.208Z - [Leads] Fetching subordinates...
2026-02-15T08:28:44.692Z - [Analytics] Subordinates: 2
2026-02-15T08:28:44.873Z - [Leads] Subordinates found: 2
2026-02-15T08:28:44.873Z - [Leads] [Leads] Querying Prisma with where: {"rotationViolation":true,"isDeleted":false,"organisationId":"9abfb72c-5c3f-4c06-a8d0-36686dddeaf7","OR":[{"previousOwnerId":"a9347e28-c430-41a1-980a-1eca1f71c63c"},{"previousOwnerId":{"in":["a9347e28-c430-41a1-980a-1eca1f71c63c","75cfd31e-0e84-4664-bbc3-3c33ba9d26c8"]}}]}
2026-02-15T08:28:45.333Z - [Leads] [Leads] Violations found: 0
2026-02-15T08:29:01.527Z - Entered getDashboardStats
2026-02-15T08:29:01.529Z - [Analytics] User: a9347e28-c430-41a1-980a-1eca1f71c63c, Org: 9abfb72c-5c3f-4c06-a8d0-36686dddeaf7, SuperAdmin: false
2026-02-15T08:29:01.529Z - [Analytics] Importing hierarchyUtils...
2026-02-15T08:29:01.529Z - [Analytics] Fetching subordinateIds...
2026-02-15T08:29:02.152Z - [Analytics] Subordinates: 2
2026-02-15T08:31:06.565Z - [Leads] Entered getViolations
2026-02-15T08:31:06.567Z - [Leads] User: a9347e28-c430-41a1-980a-1eca1f71c63c, Role: admin
2026-02-15T08:31:06.567Z - [Leads] Fetching subordinates...
2026-02-15T08:31:07.259Z - [Leads] Subordinates found: 2
2026-02-15T08:31:07.260Z - [Leads] [Leads] Querying Prisma with where: {"rotationViolation":true,"isDeleted":false,"organisationId":"9abfb72c-5c3f-4c06-a8d0-36686dddeaf7","OR":[{"previousOwnerId":"a9347e28-c430-41a1-980a-1eca1f71c63c"},{"previousOwnerId":{"in":["a9347e28-c430-41a1-980a-1eca1f71c63c","75cfd31e-0e84-4664-bbc3-3c33ba9d26c8"]}}]}
2026-02-15T08:31:07.717Z - [Leads] [Leads] Violations found: 0
2026-02-15T08:32:08.676Z - [Leads] Entered getViolations
2026-02-15T08:32:08.678Z - [Leads] User: a9347e28-c430-41a1-980a-1eca1f71c63c, Role: admin
2026-02-15T08:32:08.679Z - [Leads] Fetching subordinates...
2026-02-15T08:32:09.583Z - [Leads] Subordinates found: 2
2026-02-15T08:32:09.583Z - [Leads] [Leads] Querying Prisma with where: {"rotationViolation":true,"isDeleted":false,"organisationId":"9abfb72c-5c3f-4c06-a8d0-36686dddeaf7","OR":[{"previousOwnerId":"a9347e28-c430-41a1-980a-1eca1f71c63c"},{"previousOwnerId":{"in":["a9347e28-c430-41a1-980a-1eca1f71c63c","75cfd31e-0e84-4664-bbc3-3c33ba9d26c8"]}}]}
2026-02-15T08:32:10.102Z - [Leads] [Leads] Violations found: 0
2026-02-15T08:32:23.648Z - [Leads] Entered getViolations
2026-02-15T08:32:23.649Z - [Leads] User: a9347e28-c430-41a1-980a-1eca1f71c63c, Role: admin
2026-02-15T08:32:23.649Z - [Leads] Fetching subordinates...
2026-02-15T08:32:24.272Z - [Leads] Subordinates found: 2
2026-02-15T08:32:24.272Z - [Leads] [Leads] Querying Prisma with where: {"rotationViolation":true,"isDeleted":false,"organisationId":"9abfb72c-5c3f-4c06-a8d0-36686dddeaf7","OR":[{"previousOwnerId":"a9347e28-c430-41a1-980a-1eca1f71c63c"},{"previousOwnerId":{"in":["a9347e28-c430-41a1-980a-1eca1f71c63c","75cfd31e-0e84-4664-bbc3-3c33ba9d26c8"]}}]}
2026-02-15T08:32:24.705Z - [Leads] [Leads] Violations found: 0
2026-02-15T08:32:53.364Z - Entered getDashboardStats
2026-02-15T08:32:53.365Z - [Analytics] User: a9347e28-c430-41a1-980a-1eca1f71c63c, Org: 9abfb72c-5c3f-4c06-a8d0-36686dddeaf7, SuperAdmin: false
2026-02-15T08:32:53.365Z - [Analytics] Importing hierarchyUtils...
2026-02-15T08:32:53.366Z - [Analytics] Fetching subordinateIds...
2026-02-15T08:32:54.322Z - [Analytics] Subordinates: 2
2026-02-15T08:33:25.832Z - [Leads] Entered getViolations
2026-02-15T08:33:25.834Z - [Leads] User: a9347e28-c430-41a1-980a-1eca1f71c63c, Role: admin
2026-02-15T08:33:25.834Z - [Leads] Fetching subordinates...
2026-02-15T08:33:26.264Z - [Leads] Subordinates found: 2
2026-02-15T08:33:26.265Z - [Leads] [Leads] Querying Prisma with where: {"rotationViolation":true,"isDeleted":false,"organisationId":"9abfb72c-5c3f-4c06-a8d0-36686dddeaf7","OR":[{"previousOwnerId":"a9347e28-c430-41a1-980a-1eca1f71c63c"},{"previousOwnerId":{"in":["a9347e28-c430-41a1-980a-1eca1f71c63c","75cfd31e-0e84-4664-bbc3-3c33ba9d26c8"]}}]}
2026-02-15T08:33:26.489Z - [Leads] [Leads] Violations found: 0
2026-02-19T04:57:04.742Z - Entered getDashboardStats
2026-02-19T04:57:04.744Z - [Analytics] User: fd5d3776-6c9e-43f1-879a-413070c0faf5, Org: 47a9aadc-3374-4b52-92b3-18c92c3600a8, SuperAdmin: false
2026-02-19T04:57:04.744Z - [Analytics] Importing hierarchyUtils...
2026-02-19T04:57:04.745Z - [Analytics] Fetching subordinateIds...
2026-02-19T04:57:04.749Z - [Leads] Entered getViolations
2026-02-19T04:57:04.749Z - [Leads] User: fd5d3776-6c9e-43f1-879a-413070c0faf5, Role: admin
2026-02-19T04:57:04.749Z - [Leads] Fetching subordinates...
2026-02-19T04:57:15.417Z - [Leads] Subordinates found: 28
2026-02-19T04:57:15.418Z - [Leads] [Leads] Querying Prisma with where: {"rotationViolation":true,"isDeleted":false,"organisationId":"47a9aadc-3374-4b52-92b3-18c92c3600a8","OR":[{"previousOwnerId":"fd5d3776-6c9e-43f1-879a-413070c0faf5"},{"previousOwnerId":{"in":["fd5d3776-6c9e-43f1-879a-413070c0faf5","437d9c78-e48f-473a-a92c-d8d3794ec2f9","2d2eb0a9-be06-44dc-bb3b-edd90c9f2df2","f1da3bfc-4a8a-44cc-ace2-1310ffacf71a","75c4540d-3f05-4bee-86be-6e82013591b7","22523ee8-d42d-475b-a526-3891ee82d300","2208b5b2-3d53-4134-a7fb-8f88e03e4159","cb5b0259-eaad-48d1-ab2a-6b0016f80be3","696ef54d-606e-4f04-b739-ae7406d70b25","a6db9ced-c3bb-4b7c-9a76-d120b2f215e0","fc8ae833-3cff-4278-aef3-b25709c3eb40","595d3f09-d793-46e6-be7c-c66fb2df6837","0af542d3-8f47-4c04-ba49-79f93cc0b098","0ff96846-1a3f-4fb9-b58e-22e6a387d531","4aa3cd24-c42e-4183-a474-98f6eed47407","895d16fa-cd01-477d-bd30-cf0498bb058c","f1b177b9-cc83-455a-bf1d-84867b8fb3ea","1481e256-707d-4d8b-9bb0-686cbdaea09e","fb9bca87-b8d0-48a5-87a3-0c78d7b85e97","f85984c9-1c75-4f5a-ba1e-95e293273b6f","00449870-26b5-4a0b-a560-53afecfca58c","1f1f60e1-8a77-4e25-a6d9-ec6a58bd7316","3b451835-2409-41ff-920c-113317cf7ccd","627b9d8c-d0bb-4b0f-8a4d-feec3bf856ea","c1c633e2-2b50-4fa7-a4d9-d67f78bb2a2f","be9afd06-a467-40fa-9ed1-4c82b567a73c","4b7fbdda-f35e-459f-9022-cde9f0059fad","ff17bc00-3941-453a-a624-4b08b54b0224"]}}]}
2026-02-19T04:57:15.793Z - [Analytics] Subordinates: 28
2026-02-19T04:57:16.131Z - [Leads] [Leads] Violations found: 0
2026-02-19T04:58:01.361Z - [Leads] Entered getViolations
2026-02-19T04:58:01.364Z - [Leads] User: fd5d3776-6c9e-43f1-879a-413070c0faf5, Role: admin
2026-02-19T04:58:01.364Z - [Leads] Fetching subordinates...
2026-02-19T04:58:01.366Z - Entered getDashboardStats
2026-02-19T04:58:01.366Z - [Analytics] User: fd5d3776-6c9e-43f1-879a-413070c0faf5, Org: 47a9aadc-3374-4b52-92b3-18c92c3600a8, SuperAdmin: false
2026-02-19T04:58:01.366Z - [Analytics] Importing hierarchyUtils...
2026-02-19T04:58:01.367Z - [Analytics] Fetching subordinateIds...
2026-02-19T04:58:12.829Z - [Leads] Subordinates found: 28
2026-02-19T04:58:12.830Z - [Leads] [Leads] Querying Prisma with where: {"rotationViolation":true,"isDeleted":false,"organisationId":"47a9aadc-3374-4b52-92b3-18c92c3600a8","OR":[{"previousOwnerId":"fd5d3776-6c9e-43f1-879a-413070c0faf5"},{"previousOwnerId":{"in":["fd5d3776-6c9e-43f1-879a-413070c0faf5","437d9c78-e48f-473a-a92c-d8d3794ec2f9","2d2eb0a9-be06-44dc-bb3b-edd90c9f2df2","f1da3bfc-4a8a-44cc-ace2-1310ffacf71a","75c4540d-3f05-4bee-86be-6e82013591b7","22523ee8-d42d-475b-a526-3891ee82d300","2208b5b2-3d53-4134-a7fb-8f88e03e4159","cb5b0259-eaad-48d1-ab2a-6b0016f80be3","696ef54d-606e-4f04-b739-ae7406d70b25","a6db9ced-c3bb-4b7c-9a76-d120b2f215e0","fc8ae833-3cff-4278-aef3-b25709c3eb40","595d3f09-d793-46e6-be7c-c66fb2df6837","0af542d3-8f47-4c04-ba49-79f93cc0b098","0ff96846-1a3f-4fb9-b58e-22e6a387d531","4aa3cd24-c42e-4183-a474-98f6eed47407","895d16fa-cd01-477d-bd30-cf0498bb058c","f1b177b9-cc83-455a-bf1d-84867b8fb3ea","1481e256-707d-4d8b-9bb0-686cbdaea09e","fb9bca87-b8d0-48a5-87a3-0c78d7b85e97","f85984c9-1c75-4f5a-ba1e-95e293273b6f","00449870-26b5-4a0b-a560-53afecfca58c","1f1f60e1-8a77-4e25-a6d9-ec6a58bd7316","3b451835-2409-41ff-920c-113317cf7ccd","627b9d8c-d0bb-4b0f-8a4d-feec3bf856ea","c1c633e2-2b50-4fa7-a4d9-d67f78bb2a2f","be9afd06-a467-40fa-9ed1-4c82b567a73c","4b7fbdda-f35e-459f-9022-cde9f0059fad","ff17bc00-3941-453a-a624-4b08b54b0224"]}}]}
2026-02-19T04:58:12.831Z - [Analytics] Subordinates: 28
2026-02-19T04:58:13.648Z - [Leads] [Leads] Violations found: 0
2026-02-19T05:00:53.006Z - [Leads] Entered getViolations
2026-02-19T05:00:53.007Z - [Leads] User: fd5d3776-6c9e-43f1-879a-413070c0faf5, Role: admin
2026-02-19T05:00:53.008Z - [Leads] Fetching subordinates...
2026-02-19T05:01:01.876Z - [Leads] Subordinates found: 28
2026-02-19T05:01:01.877Z - [Leads] [Leads] Querying Prisma with where: {"rotationViolation":true,"isDeleted":false,"organisationId":"47a9aadc-3374-4b52-92b3-18c92c3600a8","OR":[{"previousOwnerId":"fd5d3776-6c9e-43f1-879a-413070c0faf5"},{"previousOwnerId":{"in":["fd5d3776-6c9e-43f1-879a-413070c0faf5","437d9c78-e48f-473a-a92c-d8d3794ec2f9","2d2eb0a9-be06-44dc-bb3b-edd90c9f2df2","f1da3bfc-4a8a-44cc-ace2-1310ffacf71a","75c4540d-3f05-4bee-86be-6e82013591b7","22523ee8-d42d-475b-a526-3891ee82d300","2208b5b2-3d53-4134-a7fb-8f88e03e4159","cb5b0259-eaad-48d1-ab2a-6b0016f80be3","696ef54d-606e-4f04-b739-ae7406d70b25","a6db9ced-c3bb-4b7c-9a76-d120b2f215e0","fc8ae833-3cff-4278-aef3-b25709c3eb40","595d3f09-d793-46e6-be7c-c66fb2df6837","0af542d3-8f47-4c04-ba49-79f93cc0b098","0ff96846-1a3f-4fb9-b58e-22e6a387d531","4aa3cd24-c42e-4183-a474-98f6eed47407","895d16fa-cd01-477d-bd30-cf0498bb058c","f1b177b9-cc83-455a-bf1d-84867b8fb3ea","1481e256-707d-4d8b-9bb0-686cbdaea09e","fb9bca87-b8d0-48a5-87a3-0c78d7b85e97","f85984c9-1c75-4f5a-ba1e-95e293273b6f","00449870-26b5-4a0b-a560-53afecfca58c","1f1f60e1-8a77-4e25-a6d9-ec6a58bd7316","3b451835-2409-41ff-920c-113317cf7ccd","627b9d8c-d0bb-4b0f-8a4d-feec3bf856ea","c1c633e2-2b50-4fa7-a4d9-d67f78bb2a2f","be9afd06-a467-40fa-9ed1-4c82b567a73c","4b7fbdda-f35e-459f-9022-cde9f0059fad","ff17bc00-3941-453a-a624-4b08b54b0224"]}}]}
2026-02-19T05:01:02.515Z - [Leads] [Leads] Violations found: 0
2026-02-19T05:08:17.560Z - [Leads] Entered getViolations
2026-02-19T05:08:17.561Z - [Leads] User: fd5d3776-6c9e-43f1-879a-413070c0faf5, Role: admin
2026-02-19T05:08:17.561Z - [Leads] Fetching subordinates...
2026-02-19T05:08:27.437Z - [Leads] Subordinates found: 28
2026-02-19T05:08:27.438Z - [Leads] [Leads] Querying Prisma with where: {"rotationViolation":true,"isDeleted":false,"organisationId":"47a9aadc-3374-4b52-92b3-18c92c3600a8","OR":[{"previousOwnerId":"fd5d3776-6c9e-43f1-879a-413070c0faf5"},{"previousOwnerId":{"in":["fd5d3776-6c9e-43f1-879a-413070c0faf5","437d9c78-e48f-473a-a92c-d8d3794ec2f9","2d2eb0a9-be06-44dc-bb3b-edd90c9f2df2","f1da3bfc-4a8a-44cc-ace2-1310ffacf71a","75c4540d-3f05-4bee-86be-6e82013591b7","22523ee8-d42d-475b-a526-3891ee82d300","2208b5b2-3d53-4134-a7fb-8f88e03e4159","cb5b0259-eaad-48d1-ab2a-6b0016f80be3","696ef54d-606e-4f04-b739-ae7406d70b25","a6db9ced-c3bb-4b7c-9a76-d120b2f215e0","fc8ae833-3cff-4278-aef3-b25709c3eb40","595d3f09-d793-46e6-be7c-c66fb2df6837","0af542d3-8f47-4c04-ba49-79f93cc0b098","0ff96846-1a3f-4fb9-b58e-22e6a387d531","4aa3cd24-c42e-4183-a474-98f6eed47407","895d16fa-cd01-477d-bd30-cf0498bb058c","f1b177b9-cc83-455a-bf1d-84867b8fb3ea","1481e256-707d-4d8b-9bb0-686cbdaea09e","fb9bca87-b8d0-48a5-87a3-0c78d7b85e97","f85984c9-1c75-4f5a-ba1e-95e293273b6f","00449870-26b5-4a0b-a560-53afecfca58c","1f1f60e1-8a77-4e25-a6d9-ec6a58bd7316","3b451835-2409-41ff-920c-113317cf7ccd","627b9d8c-d0bb-4b0f-8a4d-feec3bf856ea","c1c633e2-2b50-4fa7-a4d9-d67f78bb2a2f","be9afd06-a467-40fa-9ed1-4c82b567a73c","4b7fbdda-f35e-459f-9022-cde9f0059fad","ff17bc00-3941-453a-a624-4b08b54b0224"]}}]}
2026-02-19T05:08:28.210Z - [Leads] [Leads] Violations found: 0
2026-02-19T05:09:05.341Z - [Leads] Entered getViolations
2026-02-19T05:09:05.343Z - [Leads] User: fd5d3776-6c9e-43f1-879a-413070c0faf5, Role: admin
2026-02-19T05:09:05.343Z - [Leads] Fetching subordinates...
2026-02-19T05:09:15.464Z - [Leads] Subordinates found: 28
2026-02-19T05:09:15.465Z - [Leads] [Leads] Querying Prisma with where: {"rotationViolation":true,"isDeleted":false,"organisationId":"47a9aadc-3374-4b52-92b3-18c92c3600a8","OR":[{"previousOwnerId":"fd5d3776-6c9e-43f1-879a-413070c0faf5"},{"previousOwnerId":{"in":["fd5d3776-6c9e-43f1-879a-413070c0faf5","437d9c78-e48f-473a-a92c-d8d3794ec2f9","2d2eb0a9-be06-44dc-bb3b-edd90c9f2df2","f1da3bfc-4a8a-44cc-ace2-1310ffacf71a","75c4540d-3f05-4bee-86be-6e82013591b7","22523ee8-d42d-475b-a526-3891ee82d300","2208b5b2-3d53-4134-a7fb-8f88e03e4159","cb5b0259-eaad-48d1-ab2a-6b0016f80be3","696ef54d-606e-4f04-b739-ae7406d70b25","a6db9ced-c3bb-4b7c-9a76-d120b2f215e0","fc8ae833-3cff-4278-aef3-b25709c3eb40","595d3f09-d793-46e6-be7c-c66fb2df6837","0af542d3-8f47-4c04-ba49-79f93cc0b098","0ff96846-1a3f-4fb9-b58e-22e6a387d531","4aa3cd24-c42e-4183-a474-98f6eed47407","895d16fa-cd01-477d-bd30-cf0498bb058c","f1b177b9-cc83-455a-bf1d-84867b8fb3ea","1481e256-707d-4d8b-9bb0-686cbdaea09e","fb9bca87-b8d0-48a5-87a3-0c78d7b85e97","f85984c9-1c75-4f5a-ba1e-95e293273b6f","00449870-26b5-4a0b-a560-53afecfca58c","1f1f60e1-8a77-4e25-a6d9-ec6a58bd7316","3b451835-2409-41ff-920c-113317cf7ccd","627b9d8c-d0bb-4b0f-8a4d-feec3bf856ea","c1c633e2-2b50-4fa7-a4d9-d67f78bb2a2f","be9afd06-a467-40fa-9ed1-4c82b567a73c","4b7fbdda-f35e-459f-9022-cde9f0059fad","ff17bc00-3941-453a-a624-4b08b54b0224"]}}]}
2026-02-19T05:09:16.694Z - [Leads] [Leads] Violations found: 0
2026-02-19T05:09:31.816Z - [Leads] Entered getViolations
2026-02-19T05:09:31.818Z - [Leads] User: fd5d3776-6c9e-43f1-879a-413070c0faf5, Role: admin
2026-02-19T05:09:31.818Z - [Leads] Fetching subordinates...
2026-02-19T05:09:33.589Z - Entered getDashboardStats
2026-02-19T05:09:33.590Z - [Analytics] User: fd5d3776-6c9e-43f1-879a-413070c0faf5, Org: 47a9aadc-3374-4b52-92b3-18c92c3600a8, SuperAdmin: false
2026-02-19T05:09:33.591Z - [Analytics] Importing hierarchyUtils...
2026-02-19T05:09:33.591Z - [Analytics] Fetching subordinateIds...
2026-02-19T05:09:41.999Z - [Leads] Subordinates found: 28
2026-02-19T05:09:42.001Z - [Leads] [Leads] Querying Prisma with where: {"rotationViolation":true,"isDeleted":false,"organisationId":"47a9aadc-3374-4b52-92b3-18c92c3600a8","OR":[{"previousOwnerId":"fd5d3776-6c9e-43f1-879a-413070c0faf5"},{"previousOwnerId":{"in":["fd5d3776-6c9e-43f1-879a-413070c0faf5","437d9c78-e48f-473a-a92c-d8d3794ec2f9","2d2eb0a9-be06-44dc-bb3b-edd90c9f2df2","f1da3bfc-4a8a-44cc-ace2-1310ffacf71a","75c4540d-3f05-4bee-86be-6e82013591b7","22523ee8-d42d-475b-a526-3891ee82d300","2208b5b2-3d53-4134-a7fb-8f88e03e4159","cb5b0259-eaad-48d1-ab2a-6b0016f80be3","696ef54d-606e-4f04-b739-ae7406d70b25","a6db9ced-c3bb-4b7c-9a76-d120b2f215e0","fc8ae833-3cff-4278-aef3-b25709c3eb40","595d3f09-d793-46e6-be7c-c66fb2df6837","0af542d3-8f47-4c04-ba49-79f93cc0b098","0ff96846-1a3f-4fb9-b58e-22e6a387d531","4aa3cd24-c42e-4183-a474-98f6eed47407","895d16fa-cd01-477d-bd30-cf0498bb058c","f1b177b9-cc83-455a-bf1d-84867b8fb3ea","1481e256-707d-4d8b-9bb0-686cbdaea09e","fb9bca87-b8d0-48a5-87a3-0c78d7b85e97","f85984c9-1c75-4f5a-ba1e-95e293273b6f","00449870-26b5-4a0b-a560-53afecfca58c","1f1f60e1-8a77-4e25-a6d9-ec6a58bd7316","3b451835-2409-41ff-920c-113317cf7ccd","627b9d8c-d0bb-4b0f-8a4d-feec3bf856ea","c1c633e2-2b50-4fa7-a4d9-d67f78bb2a2f","be9afd06-a467-40fa-9ed1-4c82b567a73c","4b7fbdda-f35e-459f-9022-cde9f0059fad","ff17bc00-3941-453a-a624-4b08b54b0224"]}}]}
2026-02-19T05:09:42.703Z - [Leads] [Leads] Violations found: 0
2026-02-19T05:09:43.527Z - [Analytics] Subordinates: 28
2026-02-19T05:10:00.815Z - [Leads] Entered getViolations
2026-02-19T05:10:00.817Z - [Leads] User: fd5d3776-6c9e-43f1-879a-413070c0faf5, Role: admin
2026-02-19T05:10:00.817Z - [Leads] Fetching subordinates...
2026-02-19T05:10:09.598Z - [Leads] Subordinates found: 28
2026-02-19T05:10:09.599Z - [Leads] [Leads] Querying Prisma with where: {"rotationViolation":true,"isDeleted":false,"organisationId":"47a9aadc-3374-4b52-92b3-18c92c3600a8","OR":[{"previousOwnerId":"fd5d3776-6c9e-43f1-879a-413070c0faf5"},{"previousOwnerId":{"in":["fd5d3776-6c9e-43f1-879a-413070c0faf5","437d9c78-e48f-473a-a92c-d8d3794ec2f9","2d2eb0a9-be06-44dc-bb3b-edd90c9f2df2","f1da3bfc-4a8a-44cc-ace2-1310ffacf71a","75c4540d-3f05-4bee-86be-6e82013591b7","22523ee8-d42d-475b-a526-3891ee82d300","2208b5b2-3d53-4134-a7fb-8f88e03e4159","cb5b0259-eaad-48d1-ab2a-6b0016f80be3","696ef54d-606e-4f04-b739-ae7406d70b25","a6db9ced-c3bb-4b7c-9a76-d120b2f215e0","fc8ae833-3cff-4278-aef3-b25709c3eb40","595d3f09-d793-46e6-be7c-c66fb2df6837","0af542d3-8f47-4c04-ba49-79f93cc0b098","0ff96846-1a3f-4fb9-b58e-22e6a387d531","4aa3cd24-c42e-4183-a474-98f6eed47407","895d16fa-cd01-477d-bd30-cf0498bb058c","f1b177b9-cc83-455a-bf1d-84867b8fb3ea","1481e256-707d-4d8b-9bb0-686cbdaea09e","fb9bca87-b8d0-48a5-87a3-0c78d7b85e97","f85984c9-1c75-4f5a-ba1e-95e293273b6f","00449870-26b5-4a0b-a560-53afecfca58c","1f1f60e1-8a77-4e25-a6d9-ec6a58bd7316","3b451835-2409-41ff-920c-113317cf7ccd","627b9d8c-d0bb-4b0f-8a4d-feec3bf856ea","c1c633e2-2b50-4fa7-a4d9-d67f78bb2a2f","be9afd06-a467-40fa-9ed1-4c82b567a73c","4b7fbdda-f35e-459f-9022-cde9f0059fad","ff17bc00-3941-453a-a624-4b08b54b0224"]}}]}
2026-02-19T05:10:10.224Z - [Leads] [Leads] Violations found: 0
2026-04-03T09:01:09.729Z - Entered getDashboardStats
2026-04-03T09:01:09.732Z - [Analytics] User: da6399d0-96e6-4b32-ba56-e7cf794974aa, Org: 0d4556dd-7dc5-4fc2-809a-d88573133125, SuperAdmin: false
2026-04-03T09:01:09.732Z - [Analytics] Importing hierarchyUtils...
2026-04-03T09:01:09.733Z - [Analytics] Fetching visibleUserIds...
2026-04-03T09:01:09.744Z - [Leads] Entered getViolations
2026-04-03T09:01:09.744Z - [Leads] User: da6399d0-96e6-4b32-ba56-e7cf794974aa, Role: admin
2026-04-03T09:01:09.744Z - [Leads] Fetching visible users...
2026-04-03T09:01:10.196Z - [Analytics] Visible users: 9
2026-04-03T09:01:10.243Z - [Leads] Visible users found: 9
2026-04-03T09:01:10.243Z - [Leads] [Leads] Querying Prisma with where: {"rotationViolation":true,"isDeleted":false,"organisationId":"0d4556dd-7dc5-4fc2-809a-d88573133125","previousOwnerId":{"in":["da6399d0-96e6-4b32-ba56-e7cf794974aa","dc439ccd-3a7b-49f6-92bd-77421c19a7f4","86bddf13-353c-4798-902a-67550b19838c","62f09183-45d0-48ef-9c55-a9ad4c1f2a95","1e1de92b-b9f1-4323-add6-b0a9e02f30b9","cbdec98c-53a8-4541-9327-d4ccc9d6282b","f7dc61d9-66ae-4f6b-8528-737905703f19","534cf5b3-2691-435e-95fe-28b5fd857f4a","1129d208-dfb9-4c17-b280-e976cc9fd003"]}}
2026-04-03T09:01:10.340Z - [Leads] [Leads] Violations found: 0
2026-04-03T09:13:10.368Z - Entered getDashboardStats
2026-04-03T09:13:10.370Z - [Analytics] User: da6399d0-96e6-4b32-ba56-e7cf794974aa, Org: 0d4556dd-7dc5-4fc2-809a-d88573133125, SuperAdmin: false
2026-04-03T09:13:10.371Z - [Analytics] Importing hierarchyUtils...
2026-04-03T09:13:10.371Z - [Analytics] Fetching visibleUserIds...
2026-04-03T09:13:10.621Z - [Leads] Entered getViolations
2026-04-03T09:13:10.622Z - [Leads] User: da6399d0-96e6-4b32-ba56-e7cf794974aa, Role: admin
2026-04-03T09:13:10.622Z - [Leads] Fetching visible users...
2026-04-03T09:13:10.785Z - [Analytics] Visible users: 9
2026-04-03T09:13:11.103Z - [Leads] Visible users found: 9
2026-04-03T09:13:11.103Z - [Leads] [Leads] Querying Prisma with where: {"rotationViolation":true,"isDeleted":false,"organisationId":"0d4556dd-7dc5-4fc2-809a-d88573133125","previousOwnerId":{"in":["da6399d0-96e6-4b32-ba56-e7cf794974aa","dc439ccd-3a7b-49f6-92bd-77421c19a7f4","86bddf13-353c-4798-902a-67550b19838c","62f09183-45d0-48ef-9c55-a9ad4c1f2a95","1e1de92b-b9f1-4323-add6-b0a9e02f30b9","cbdec98c-53a8-4541-9327-d4ccc9d6282b","f7dc61d9-66ae-4f6b-8528-737905703f19","534cf5b3-2691-435e-95fe-28b5fd857f4a","1129d208-dfb9-4c17-b280-e976cc9fd003"]}}
2026-04-03T09:13:11.166Z - [Leads] [Leads] Violations found: 0
2026-04-03T09:14:11.357Z - [Leads] Entered getViolations
2026-04-03T09:14:11.359Z - [Leads] User: da6399d0-96e6-4b32-ba56-e7cf794974aa, Role: admin
2026-04-03T09:14:11.359Z - [Leads] Fetching visible users...
2026-04-03T09:14:11.781Z - [Leads] Visible users found: 9
2026-04-03T09:14:11.781Z - [Leads] [Leads] Querying Prisma with where: {"rotationViolation":true,"isDeleted":false,"organisationId":"0d4556dd-7dc5-4fc2-809a-d88573133125","previousOwnerId":{"in":["da6399d0-96e6-4b32-ba56-e7cf794974aa","dc439ccd-3a7b-49f6-92bd-77421c19a7f4","86bddf13-353c-4798-902a-67550b19838c","62f09183-45d0-48ef-9c55-a9ad4c1f2a95","1e1de92b-b9f1-4323-add6-b0a9e02f30b9","cbdec98c-53a8-4541-9327-d4ccc9d6282b","f7dc61d9-66ae-4f6b-8528-737905703f19","534cf5b3-2691-435e-95fe-28b5fd857f4a","1129d208-dfb9-4c17-b280-e976cc9fd003"]}}
2026-04-03T09:14:11.855Z - [Leads] [Leads] Violations found: 0
2026-04-03T09:15:12.052Z - [Leads] Entered getViolations
2026-04-03T09:15:12.053Z - [Leads] User: da6399d0-96e6-4b32-ba56-e7cf794974aa, Role: admin
2026-04-03T09:15:12.053Z - [Leads] Fetching visible users...
2026-04-03T09:15:12.405Z - [Leads] Visible users found: 9
2026-04-03T09:15:12.405Z - [Leads] [Leads] Querying Prisma with where: {"rotationViolation":true,"isDeleted":false,"organisationId":"0d4556dd-7dc5-4fc2-809a-d88573133125","previousOwnerId":{"in":["da6399d0-96e6-4b32-ba56-e7cf794974aa","dc439ccd-3a7b-49f6-92bd-77421c19a7f4","86bddf13-353c-4798-902a-67550b19838c","62f09183-45d0-48ef-9c55-a9ad4c1f2a95","1e1de92b-b9f1-4323-add6-b0a9e02f30b9","cbdec98c-53a8-4541-9327-d4ccc9d6282b","f7dc61d9-66ae-4f6b-8528-737905703f19","534cf5b3-2691-435e-95fe-28b5fd857f4a","1129d208-dfb9-4c17-b280-e976cc9fd003"]}}
2026-04-03T09:15:12.442Z - [Leads] [Leads] Violations found: 0
2026-04-03T09:16:16.752Z - [Leads] Entered getViolations
2026-04-03T09:16:16.754Z - [Leads] User: da6399d0-96e6-4b32-ba56-e7cf794974aa, Role: admin
2026-04-03T09:16:16.754Z - [Leads] Fetching visible users...
2026-04-03T09:16:17.227Z - [Leads] Visible users found: 9
2026-04-03T09:16:17.228Z - [Leads] [Leads] Querying Prisma with where: {"rotationViolation":true,"isDeleted":false,"organisationId":"0d4556dd-7dc5-4fc2-809a-d88573133125","previousOwnerId":{"in":["da6399d0-96e6-4b32-ba56-e7cf794974aa","dc439ccd-3a7b-49f6-92bd-77421c19a7f4","86bddf13-353c-4798-902a-67550b19838c","62f09183-45d0-48ef-9c55-a9ad4c1f2a95","1e1de92b-b9f1-4323-add6-b0a9e02f30b9","cbdec98c-53a8-4541-9327-d4ccc9d6282b","f7dc61d9-66ae-4f6b-8528-737905703f19","534cf5b3-2691-435e-95fe-28b5fd857f4a","1129d208-dfb9-4c17-b280-e976cc9fd003"]}}
2026-04-03T09:16:17.269Z - [Leads] [Leads] Violations found: 0
2026-04-03T09:17:19.498Z - [Leads] Entered getViolations
2026-04-03T09:17:19.531Z - [Leads] User: da6399d0-96e6-4b32-ba56-e7cf794974aa, Role: admin
2026-04-03T09:17:19.535Z - [Leads] Fetching visible users...
2026-04-03T09:17:19.958Z - [Leads] Visible users found: 9
2026-04-03T09:17:19.962Z - [Leads] [Leads] Querying Prisma with where: {"rotationViolation":true,"isDeleted":false,"organisationId":"0d4556dd-7dc5-4fc2-809a-d88573133125","previousOwnerId":{"in":["da6399d0-96e6-4b32-ba56-e7cf794974aa","dc439ccd-3a7b-49f6-92bd-77421c19a7f4","86bddf13-353c-4798-902a-67550b19838c","62f09183-45d0-48ef-9c55-a9ad4c1f2a95","1e1de92b-b9f1-4323-add6-b0a9e02f30b9","cbdec98c-53a8-4541-9327-d4ccc9d6282b","f7dc61d9-66ae-4f6b-8528-737905703f19","534cf5b3-2691-435e-95fe-28b5fd857f4a","1129d208-dfb9-4c17-b280-e976cc9fd003"]}}
2026-04-03T09:17:20.079Z - [Leads] [Leads] Violations found: 0
2026-04-03T09:17:57.123Z - [Leads] Entered getViolations
2026-04-03T09:17:57.124Z - [Leads] User: da6399d0-96e6-4b32-ba56-e7cf794974aa, Role: admin
2026-04-03T09:17:57.124Z - [Leads] Fetching visible users...
2026-04-03T09:17:57.596Z - [Leads] Visible users found: 9
2026-04-03T09:17:57.597Z - [Leads] [Leads] Querying Prisma with where: {"rotationViolation":true,"isDeleted":false,"organisationId":"0d4556dd-7dc5-4fc2-809a-d88573133125","previousOwnerId":{"in":["da6399d0-96e6-4b32-ba56-e7cf794974aa","dc439ccd-3a7b-49f6-92bd-77421c19a7f4","86bddf13-353c-4798-902a-67550b19838c","62f09183-45d0-48ef-9c55-a9ad4c1f2a95","1e1de92b-b9f1-4323-add6-b0a9e02f30b9","cbdec98c-53a8-4541-9327-d4ccc9d6282b","f7dc61d9-66ae-4f6b-8528-737905703f19","534cf5b3-2691-435e-95fe-28b5fd857f4a","1129d208-dfb9-4c17-b280-e976cc9fd003"]}}
2026-04-03T09:17:57.676Z - [Leads] [Leads] Violations found: 0
2026-04-03T09:18:39.156Z - [Leads] Entered getViolations
2026-04-03T09:18:39.158Z - [Leads] User: da6399d0-96e6-4b32-ba56-e7cf794974aa, Role: admin
2026-04-03T09:18:39.158Z - [Leads] Fetching visible users...
2026-04-03T09:18:39.659Z - [Leads] Visible users found: 9
2026-04-03T09:18:39.659Z - [Leads] [Leads] Querying Prisma with where: {"rotationViolation":true,"isDeleted":false,"organisationId":"0d4556dd-7dc5-4fc2-809a-d88573133125","previousOwnerId":{"in":["da6399d0-96e6-4b32-ba56-e7cf794974aa","dc439ccd-3a7b-49f6-92bd-77421c19a7f4","86bddf13-353c-4798-902a-67550b19838c","62f09183-45d0-48ef-9c55-a9ad4c1f2a95","1e1de92b-b9f1-4323-add6-b0a9e02f30b9","cbdec98c-53a8-4541-9327-d4ccc9d6282b","f7dc61d9-66ae-4f6b-8528-737905703f19","534cf5b3-2691-435e-95fe-28b5fd857f4a","1129d208-dfb9-4c17-b280-e976cc9fd003"]}}
2026-04-03T09:18:39.731Z - [Leads] [Leads] Violations found: 0
2026-04-03T09:19:05.290Z - [Leads] Entered getViolations
2026-04-03T09:19:05.292Z - [Leads] User: da6399d0-96e6-4b32-ba56-e7cf794974aa, Role: admin
2026-04-03T09:19:05.292Z - [Leads] Fetching visible users...
2026-04-03T09:19:05.712Z - [Leads] Visible users found: 9
2026-04-03T09:19:05.712Z - [Leads] [Leads] Querying Prisma with where: {"rotationViolation":true,"isDeleted":false,"organisationId":"0d4556dd-7dc5-4fc2-809a-d88573133125","previousOwnerId":{"in":["da6399d0-96e6-4b32-ba56-e7cf794974aa","dc439ccd-3a7b-49f6-92bd-77421c19a7f4","86bddf13-353c-4798-902a-67550b19838c","62f09183-45d0-48ef-9c55-a9ad4c1f2a95","1e1de92b-b9f1-4323-add6-b0a9e02f30b9","cbdec98c-53a8-4541-9327-d4ccc9d6282b","f7dc61d9-66ae-4f6b-8528-737905703f19","534cf5b3-2691-435e-95fe-28b5fd857f4a","1129d208-dfb9-4c17-b280-e976cc9fd003"]}}
2026-04-03T09:19:05.789Z - [Leads] [Leads] Violations found: 0
2026-04-03T09:20:05.983Z - [Leads] Entered getViolations
2026-04-03T09:20:05.984Z - [Leads] User: da6399d0-96e6-4b32-ba56-e7cf794974aa, Role: admin
2026-04-03T09:20:05.984Z - [Leads] Fetching visible users...
2026-04-03T09:20:06.331Z - [Leads] Visible users found: 9
2026-04-03T09:20:06.331Z - [Leads] [Leads] Querying Prisma with where: {"rotationViolation":true,"isDeleted":false,"organisationId":"0d4556dd-7dc5-4fc2-809a-d88573133125","previousOwnerId":{"in":["da6399d0-96e6-4b32-ba56-e7cf794974aa","dc439ccd-3a7b-49f6-92bd-77421c19a7f4","86bddf13-353c-4798-902a-67550b19838c","62f09183-45d0-48ef-9c55-a9ad4c1f2a95","1e1de92b-b9f1-4323-add6-b0a9e02f30b9","cbdec98c-53a8-4541-9327-d4ccc9d6282b","f7dc61d9-66ae-4f6b-8528-737905703f19","534cf5b3-2691-435e-95fe-28b5fd857f4a","1129d208-dfb9-4c17-b280-e976cc9fd003"]}}
2026-04-03T09:20:06.368Z - [Leads] [Leads] Violations found: 0
2026-04-03T09:21:06.509Z - [Leads] Entered getViolations
2026-04-03T09:21:06.512Z - [Leads] User: da6399d0-96e6-4b32-ba56-e7cf794974aa, Role: admin
2026-04-03T09:21:06.512Z - [Leads] Fetching visible users...
2026-04-03T09:21:06.946Z - [Leads] Visible users found: 9
2026-04-03T09:21:06.949Z - [Leads] [Leads] Querying Prisma with where: {"rotationViolation":true,"isDeleted":false,"organisationId":"0d4556dd-7dc5-4fc2-809a-d88573133125","previousOwnerId":{"in":["da6399d0-96e6-4b32-ba56-e7cf794974aa","dc439ccd-3a7b-49f6-92bd-77421c19a7f4","86bddf13-353c-4798-902a-67550b19838c","62f09183-45d0-48ef-9c55-a9ad4c1f2a95","1e1de92b-b9f1-4323-add6-b0a9e02f30b9","cbdec98c-53a8-4541-9327-d4ccc9d6282b","f7dc61d9-66ae-4f6b-8528-737905703f19","534cf5b3-2691-435e-95fe-28b5fd857f4a","1129d208-dfb9-4c17-b280-e976cc9fd003"]}}
2026-04-03T09:21:06.998Z - [Leads] [Leads] Violations found: 0
2026-04-03T09:22:07.174Z - [Leads] Entered getViolations
2026-04-03T09:22:07.178Z - [Leads] User: da6399d0-96e6-4b32-ba56-e7cf794974aa, Role: admin
2026-04-03T09:22:07.183Z - [Leads] Fetching visible users...
2026-04-03T09:22:07.545Z - [Leads] Visible users found: 9
2026-04-03T09:22:07.547Z - [Leads] [Leads] Querying Prisma with where: {"rotationViolation":true,"isDeleted":false,"organisationId":"0d4556dd-7dc5-4fc2-809a-d88573133125","previousOwnerId":{"in":["da6399d0-96e6-4b32-ba56-e7cf794974aa","dc439ccd-3a7b-49f6-92bd-77421c19a7f4","86bddf13-353c-4798-902a-67550b19838c","62f09183-45d0-48ef-9c55-a9ad4c1f2a95","1e1de92b-b9f1-4323-add6-b0a9e02f30b9","cbdec98c-53a8-4541-9327-d4ccc9d6282b","f7dc61d9-66ae-4f6b-8528-737905703f19","534cf5b3-2691-435e-95fe-28b5fd857f4a","1129d208-dfb9-4c17-b280-e976cc9fd003"]}}
2026-04-03T09:22:07.595Z - [Leads] [Leads] Violations found: 0
2026-04-03T09:23:18.608Z - [Leads] Entered getViolations
2026-04-03T09:23:18.634Z - [Leads] User: da6399d0-96e6-4b32-ba56-e7cf794974aa, Role: admin
2026-04-03T09:23:18.644Z - [Leads] Fetching visible users...
2026-04-03T09:23:19.113Z - [Leads] Visible users found: 9
2026-04-03T09:23:19.114Z - [Leads] [Leads] Querying Prisma with where: {"rotationViolation":true,"isDeleted":false,"organisationId":"0d4556dd-7dc5-4fc2-809a-d88573133125","previousOwnerId":{"in":["da6399d0-96e6-4b32-ba56-e7cf794974aa","dc439ccd-3a7b-49f6-92bd-77421c19a7f4","86bddf13-353c-4798-902a-67550b19838c","62f09183-45d0-48ef-9c55-a9ad4c1f2a95","1e1de92b-b9f1-4323-add6-b0a9e02f30b9","cbdec98c-53a8-4541-9327-d4ccc9d6282b","f7dc61d9-66ae-4f6b-8528-737905703f19","534cf5b3-2691-435e-95fe-28b5fd857f4a","1129d208-dfb9-4c17-b280-e976cc9fd003"]}}
2026-04-03T09:23:19.206Z - [Leads] [Leads] Violations found: 0
2026-04-03T09:24:29.546Z - [Leads] Entered getViolations
2026-04-03T09:24:29.588Z - [Leads] User: da6399d0-96e6-4b32-ba56-e7cf794974aa, Role: admin
2026-04-03T09:24:29.609Z - [Leads] Fetching visible users...
2026-04-03T09:24:30.094Z - [Leads] Visible users found: 9
2026-04-03T09:24:30.386Z - [Leads] [Leads] Querying Prisma with where: {"rotationViolation":true,"isDeleted":false,"organisationId":"0d4556dd-7dc5-4fc2-809a-d88573133125","previousOwnerId":{"in":["da6399d0-96e6-4b32-ba56-e7cf794974aa","dc439ccd-3a7b-49f6-92bd-77421c19a7f4","86bddf13-353c-4798-902a-67550b19838c","62f09183-45d0-48ef-9c55-a9ad4c1f2a95","1e1de92b-b9f1-4323-add6-b0a9e02f30b9","cbdec98c-53a8-4541-9327-d4ccc9d6282b","f7dc61d9-66ae-4f6b-8528-737905703f19","534cf5b3-2691-435e-95fe-28b5fd857f4a","1129d208-dfb9-4c17-b280-e976cc9fd003"]}}
2026-04-03T09:24:30.489Z - [Leads] [Leads] Violations found: 0
2026-04-03T09:25:30.726Z - [Leads] Entered getViolations
2026-04-03T09:25:30.727Z - [Leads] User: da6399d0-96e6-4b32-ba56-e7cf794974aa, Role: admin
2026-04-03T09:25:30.727Z - [Leads] Fetching visible users...
2026-04-03T09:25:31.109Z - [Leads] Visible users found: 9
2026-04-03T09:25:31.110Z - [Leads] [Leads] Querying Prisma with where: {"rotationViolation":true,"isDeleted":false,"organisationId":"0d4556dd-7dc5-4fc2-809a-d88573133125","previousOwnerId":{"in":["da6399d0-96e6-4b32-ba56-e7cf794974aa","dc439ccd-3a7b-49f6-92bd-77421c19a7f4","86bddf13-353c-4798-902a-67550b19838c","62f09183-45d0-48ef-9c55-a9ad4c1f2a95","1e1de92b-b9f1-4323-add6-b0a9e02f30b9","cbdec98c-53a8-4541-9327-d4ccc9d6282b","f7dc61d9-66ae-4f6b-8528-737905703f19","534cf5b3-2691-435e-95fe-28b5fd857f4a","1129d208-dfb9-4c17-b280-e976cc9fd003"]}}
2026-04-03T09:25:31.149Z - [Leads] [Leads] Violations found: 0
2026-04-03T09:26:31.375Z - [Leads] Entered getViolations
2026-04-03T09:26:31.376Z - [Leads] User: da6399d0-96e6-4b32-ba56-e7cf794974aa, Role: admin
2026-04-03T09:26:31.376Z - [Leads] Fetching visible users...
2026-04-03T09:26:31.828Z - [Leads] Visible users found: 9
2026-04-03T09:26:31.829Z - [Leads] [Leads] Querying Prisma with where: {"rotationViolation":true,"isDeleted":false,"organisationId":"0d4556dd-7dc5-4fc2-809a-d88573133125","previousOwnerId":{"in":["da6399d0-96e6-4b32-ba56-e7cf794974aa","dc439ccd-3a7b-49f6-92bd-77421c19a7f4","86bddf13-353c-4798-902a-67550b19838c","62f09183-45d0-48ef-9c55-a9ad4c1f2a95","1e1de92b-b9f1-4323-add6-b0a9e02f30b9","cbdec98c-53a8-4541-9327-d4ccc9d6282b","f7dc61d9-66ae-4f6b-8528-737905703f19","534cf5b3-2691-435e-95fe-28b5fd857f4a","1129d208-dfb9-4c17-b280-e976cc9fd003"]}}
2026-04-03T09:26:31.907Z - [Leads] [Leads] Violations found: 0
2026-04-03T09:27:13.008Z - [Leads] Entered getViolations
2026-04-03T09:27:13.009Z - [Leads] User: da6399d0-96e6-4b32-ba56-e7cf794974aa, Role: admin
2026-04-03T09:27:13.009Z - [Leads] Fetching visible users...
2026-04-03T09:27:13.479Z - [Leads] Visible users found: 9
2026-04-03T09:27:13.480Z - [Leads] [Leads] Querying Prisma with where: {"rotationViolation":true,"isDeleted":false,"organisationId":"0d4556dd-7dc5-4fc2-809a-d88573133125","previousOwnerId":{"in":["da6399d0-96e6-4b32-ba56-e7cf794974aa","dc439ccd-3a7b-49f6-92bd-77421c19a7f4","86bddf13-353c-4798-902a-67550b19838c","62f09183-45d0-48ef-9c55-a9ad4c1f2a95","1e1de92b-b9f1-4323-add6-b0a9e02f30b9","cbdec98c-53a8-4541-9327-d4ccc9d6282b","f7dc61d9-66ae-4f6b-8528-737905703f19","534cf5b3-2691-435e-95fe-28b5fd857f4a","1129d208-dfb9-4c17-b280-e976cc9fd003"]}}
2026-04-03T09:27:13.553Z - [Leads] [Leads] Violations found: 0
2026-04-03T09:27:24.730Z - Entered getDashboardStats
2026-04-03T09:27:24.731Z - [Analytics] User: da6399d0-96e6-4b32-ba56-e7cf794974aa, Org: 0d4556dd-7dc5-4fc2-809a-d88573133125, SuperAdmin: false
2026-04-03T09:27:24.731Z - [Analytics] Importing hierarchyUtils...
2026-04-03T09:27:24.731Z - [Analytics] Fetching visibleUserIds...
2026-04-03T09:27:25.126Z - [Analytics] Visible users: 9
2026-04-03T09:28:13.759Z - [Leads] Entered getViolations
2026-04-03T09:28:13.761Z - [Leads] User: da6399d0-96e6-4b32-ba56-e7cf794974aa, Role: admin
2026-04-03T09:28:13.761Z - [Leads] Fetching visible users...
2026-04-03T09:28:14.205Z - [Leads] Visible users found: 9
2026-04-03T09:28:14.205Z - [Leads] [Leads] Querying Prisma with where: {"rotationViolation":true,"isDeleted":false,"organisationId":"0d4556dd-7dc5-4fc2-809a-d88573133125","previousOwnerId":{"in":["da6399d0-96e6-4b32-ba56-e7cf794974aa","dc439ccd-3a7b-49f6-92bd-77421c19a7f4","86bddf13-353c-4798-902a-67550b19838c","62f09183-45d0-48ef-9c55-a9ad4c1f2a95","1e1de92b-b9f1-4323-add6-b0a9e02f30b9","cbdec98c-53a8-4541-9327-d4ccc9d6282b","f7dc61d9-66ae-4f6b-8528-737905703f19","534cf5b3-2691-435e-95fe-28b5fd857f4a","1129d208-dfb9-4c17-b280-e976cc9fd003"]}}
2026-04-03T09:28:14.279Z - [Leads] [Leads] Violations found: 0
2026-04-03T09:29:14.488Z - [Leads] Entered getViolations
2026-04-03T09:29:14.491Z - [Leads] User: da6399d0-96e6-4b32-ba56-e7cf794974aa, Role: admin
2026-04-03T09:29:14.491Z - [Leads] Fetching visible users...
2026-04-03T09:29:14.855Z - [Leads] Visible users found: 9
2026-04-03T09:29:14.856Z - [Leads] [Leads] Querying Prisma with where: {"rotationViolation":true,"isDeleted":false,"organisationId":"0d4556dd-7dc5-4fc2-809a-d88573133125","previousOwnerId":{"in":["da6399d0-96e6-4b32-ba56-e7cf794974aa","dc439ccd-3a7b-49f6-92bd-77421c19a7f4","86bddf13-353c-4798-902a-67550b19838c","62f09183-45d0-48ef-9c55-a9ad4c1f2a95","1e1de92b-b9f1-4323-add6-b0a9e02f30b9","cbdec98c-53a8-4541-9327-d4ccc9d6282b","f7dc61d9-66ae-4f6b-8528-737905703f19","534cf5b3-2691-435e-95fe-28b5fd857f4a","1129d208-dfb9-4c17-b280-e976cc9fd003"]}}
2026-04-03T09:29:14.899Z - [Leads] [Leads] Violations found: 0
2026-04-03T09:30:15.115Z - [Leads] Entered getViolations
2026-04-03T09:30:15.119Z - [Leads] User: da6399d0-96e6-4b32-ba56-e7cf794974aa, Role: admin
2026-04-03T09:30:15.119Z - [Leads] Fetching visible users...
2026-04-03T09:30:15.595Z - [Leads] Visible users found: 9
2026-04-03T09:30:15.595Z - [Leads] [Leads] Querying Prisma with where: {"rotationViolation":true,"isDeleted":false,"organisationId":"0d4556dd-7dc5-4fc2-809a-d88573133125","previousOwnerId":{"in":["da6399d0-96e6-4b32-ba56-e7cf794974aa","dc439ccd-3a7b-49f6-92bd-77421c19a7f4","86bddf13-353c-4798-902a-67550b19838c","62f09183-45d0-48ef-9c55-a9ad4c1f2a95","1e1de92b-b9f1-4323-add6-b0a9e02f30b9","cbdec98c-53a8-4541-9327-d4ccc9d6282b","f7dc61d9-66ae-4f6b-8528-737905703f19","534cf5b3-2691-435e-95fe-28b5fd857f4a","1129d208-dfb9-4c17-b280-e976cc9fd003"]}}
2026-04-03T09:30:15.672Z - [Leads] [Leads] Violations found: 0
2026-04-03T09:31:16.050Z - [Leads] Entered getViolations
2026-04-03T09:31:16.051Z - [Leads] User: da6399d0-96e6-4b32-ba56-e7cf794974aa, Role: admin
2026-04-03T09:31:16.051Z - [Leads] Fetching visible users...
2026-04-03T09:31:16.422Z - [Leads] Visible users found: 9
2026-04-03T09:31:16.422Z - [Leads] [Leads] Querying Prisma with where: {"rotationViolation":true,"isDeleted":false,"organisationId":"0d4556dd-7dc5-4fc2-809a-d88573133125","previousOwnerId":{"in":["da6399d0-96e6-4b32-ba56-e7cf794974aa","dc439ccd-3a7b-49f6-92bd-77421c19a7f4","86bddf13-353c-4798-902a-67550b19838c","62f09183-45d0-48ef-9c55-a9ad4c1f2a95","1e1de92b-b9f1-4323-add6-b0a9e02f30b9","cbdec98c-53a8-4541-9327-d4ccc9d6282b","f7dc61d9-66ae-4f6b-8528-737905703f19","534cf5b3-2691-435e-95fe-28b5fd857f4a","1129d208-dfb9-4c17-b280-e976cc9fd003"]}}
2026-04-03T09:31:16.461Z - [Leads] [Leads] Violations found: 0
2026-04-03T09:33:19.567Z - [Leads] Entered getViolations
2026-04-03T09:33:19.573Z - [Leads] User: da6399d0-96e6-4b32-ba56-e7cf794974aa, Role: admin
2026-04-03T09:33:19.573Z - [Leads] Fetching visible users...
2026-04-03T09:33:19.949Z - [Leads] Visible users found: 9
2026-04-03T09:33:19.949Z - [Leads] [Leads] Querying Prisma with where: {"rotationViolation":true,"isDeleted":false,"organisationId":"0d4556dd-7dc5-4fc2-809a-d88573133125","previousOwnerId":{"in":["da6399d0-96e6-4b32-ba56-e7cf794974aa","dc439ccd-3a7b-49f6-92bd-77421c19a7f4","86bddf13-353c-4798-902a-67550b19838c","62f09183-45d0-48ef-9c55-a9ad4c1f2a95","1e1de92b-b9f1-4323-add6-b0a9e02f30b9","cbdec98c-53a8-4541-9327-d4ccc9d6282b","f7dc61d9-66ae-4f6b-8528-737905703f19","534cf5b3-2691-435e-95fe-28b5fd857f4a","1129d208-dfb9-4c17-b280-e976cc9fd003"]}}
2026-04-03T09:33:20.024Z - [Leads] [Leads] Violations found: 0
2026-04-03T09:34:20.311Z - [Leads] Entered getViolations
2026-04-03T09:34:20.313Z - [Leads] User: da6399d0-96e6-4b32-ba56-e7cf794974aa, Role: admin
2026-04-03T09:34:20.313Z - [Leads] Fetching visible users...
2026-04-03T09:34:20.656Z - [Leads] Visible users found: 9
2026-04-03T09:34:20.656Z - [Leads] [Leads] Querying Prisma with where: {"rotationViolation":true,"isDeleted":false,"organisationId":"0d4556dd-7dc5-4fc2-809a-d88573133125","previousOwnerId":{"in":["da6399d0-96e6-4b32-ba56-e7cf794974aa","dc439ccd-3a7b-49f6-92bd-77421c19a7f4","86bddf13-353c-4798-902a-67550b19838c","62f09183-45d0-48ef-9c55-a9ad4c1f2a95","1e1de92b-b9f1-4323-add6-b0a9e02f30b9","cbdec98c-53a8-4541-9327-d4ccc9d6282b","f7dc61d9-66ae-4f6b-8528-737905703f19","534cf5b3-2691-435e-95fe-28b5fd857f4a","1129d208-dfb9-4c17-b280-e976cc9fd003"]}}
2026-04-03T09:34:20.688Z - [Leads] [Leads] Violations found: 0
2026-07-11T10:43:24.871Z - Entered getDashboardStats
2026-07-11T10:43:24.886Z - [Analytics] User: fc139c17-d8ba-40f0-8fc0-de857274c943, Org: 23d99450-83e7-4382-9312-d07f083447c0, SuperAdmin: false
2026-07-11T10:43:24.900Z - [Analytics] Importing hierarchyUtils...
2026-07-11T10:43:24.928Z - [Analytics] Fetching visibleUserIds...
2026-07-11T10:43:25.903Z - [Leads] Entered getViolations
2026-07-11T10:43:25.912Z - [Leads] User: fc139c17-d8ba-40f0-8fc0-de857274c943, Role: admin
2026-07-11T10:43:25.916Z - [Leads] Fetching visible users...
2026-07-11T10:43:25.970Z - [Analytics] Visible users: 5
2026-07-11T10:43:26.808Z - [Leads] Visible users found: 5
2026-07-11T10:43:26.827Z - [Leads] [Leads] Querying Prisma with where: {"rotationViolation":true,"isDeleted":false,"organisationId":"23d99450-83e7-4382-9312-d07f083447c0","previousOwnerId":{"in":["fc139c17-d8ba-40f0-8fc0-de857274c943","a2d5ddb4-f3f3-4638-882b-b1f4e23bb501","9543cddb-bdd2-4a8c-beed-a04ab0c6a687","e910d0ee-3bcc-4c46-82f8-4f696dd15078","a05b52ee-a5e2-4523-866f-fa6941e787a1"]}}
2026-07-11T10:43:26.922Z - [Leads] [Leads] Violations found: 0
2026-07-11T10:44:27.518Z - [Leads] Entered getViolations
2026-07-11T10:44:27.521Z - [Leads] User: fc139c17-d8ba-40f0-8fc0-de857274c943, Role: admin
2026-07-11T10:44:27.523Z - [Leads] Fetching visible users...
2026-07-11T10:44:27.878Z - [Leads] Visible users found: 5
2026-07-11T10:44:27.885Z - [Leads] [Leads] Querying Prisma with where: {"rotationViolation":true,"isDeleted":false,"organisationId":"23d99450-83e7-4382-9312-d07f083447c0","previousOwnerId":{"in":["fc139c17-d8ba-40f0-8fc0-de857274c943","a2d5ddb4-f3f3-4638-882b-b1f4e23bb501","9543cddb-bdd2-4a8c-beed-a04ab0c6a687","e910d0ee-3bcc-4c46-82f8-4f696dd15078","a05b52ee-a5e2-4523-866f-fa6941e787a1"]}}
2026-07-11T10:44:27.964Z - [Leads] [Leads] Violations found: 0
2026-07-11T10:56:04.467Z - [Leads] Entered getViolations
2026-07-11T10:56:04.609Z - [Leads] User: fc139c17-d8ba-40f0-8fc0-de857274c943, Role: admin
2026-07-11T10:56:04.702Z - [Leads] Fetching visible users...
2026-07-11T10:56:05.562Z - [Leads] Visible users found: 5
2026-07-11T10:56:05.566Z - [Leads] [Leads] Querying Prisma with where: {"rotationViolation":true,"isDeleted":false,"organisationId":"23d99450-83e7-4382-9312-d07f083447c0","previousOwnerId":{"in":["fc139c17-d8ba-40f0-8fc0-de857274c943","a2d5ddb4-f3f3-4638-882b-b1f4e23bb501","9543cddb-bdd2-4a8c-beed-a04ab0c6a687","e910d0ee-3bcc-4c46-82f8-4f696dd15078","a05b52ee-a5e2-4523-866f-fa6941e787a1"]}}
2026-07-11T10:56:05.647Z - [Leads] [Leads] Violations found: 0
2026-07-11T10:56:55.001Z - [Leads] Entered getViolations
2026-07-11T10:56:55.013Z - [Leads] User: fc139c17-d8ba-40f0-8fc0-de857274c943, Role: admin
2026-07-11T10:56:55.019Z - [Leads] Fetching visible users...
2026-07-11T10:56:55.657Z - [Leads] Visible users found: 5
2026-07-11T10:56:55.672Z - [Leads] [Leads] Querying Prisma with where: {"rotationViolation":true,"isDeleted":false,"organisationId":"23d99450-83e7-4382-9312-d07f083447c0","previousOwnerId":{"in":["fc139c17-d8ba-40f0-8fc0-de857274c943","a2d5ddb4-f3f3-4638-882b-b1f4e23bb501","9543cddb-bdd2-4a8c-beed-a04ab0c6a687","e910d0ee-3bcc-4c46-82f8-4f696dd15078","a05b52ee-a5e2-4523-866f-fa6941e787a1"]}}
2026-07-11T10:56:55.767Z - [Leads] [Leads] Violations found: 0
2026-07-11T10:57:58.334Z - [Leads] Entered getViolations
2026-07-11T10:57:58.338Z - [Leads] User: fc139c17-d8ba-40f0-8fc0-de857274c943, Role: admin
2026-07-11T10:57:58.340Z - [Leads] Fetching visible users...
2026-07-11T10:57:58.732Z - [Leads] Visible users found: 5
2026-07-11T10:57:58.734Z - [Leads] [Leads] Querying Prisma with where: {"rotationViolation":true,"isDeleted":false,"organisationId":"23d99450-83e7-4382-9312-d07f083447c0","previousOwnerId":{"in":["fc139c17-d8ba-40f0-8fc0-de857274c943","a2d5ddb4-f3f3-4638-882b-b1f4e23bb501","9543cddb-bdd2-4a8c-beed-a04ab0c6a687","e910d0ee-3bcc-4c46-82f8-4f696dd15078","a05b52ee-a5e2-4523-866f-fa6941e787a1"]}}
2026-07-11T10:57:58.805Z - [Leads] [Leads] Violations found: 0
2026-07-11T10:58:58.963Z - [Leads] Entered getViolations
2026-07-11T10:58:58.965Z - [Leads] User: fc139c17-d8ba-40f0-8fc0-de857274c943, Role: admin
2026-07-11T10:58:58.967Z - [Leads] Fetching visible users...
2026-07-11T10:58:59.269Z - [Leads] Visible users found: 5
2026-07-11T10:58:59.273Z - [Leads] [Leads] Querying Prisma with where: {"rotationViolation":true,"isDeleted":false,"organisationId":"23d99450-83e7-4382-9312-d07f083447c0","previousOwnerId":{"in":["fc139c17-d8ba-40f0-8fc0-de857274c943","a2d5ddb4-f3f3-4638-882b-b1f4e23bb501","9543cddb-bdd2-4a8c-beed-a04ab0c6a687","e910d0ee-3bcc-4c46-82f8-4f696dd15078","a05b52ee-a5e2-4523-866f-fa6941e787a1"]}}
2026-07-11T10:58:59.318Z - [Leads] [Leads] Violations found: 0
2026-07-17T06:55:37.974Z - [Leads] Entered getViolations
2026-07-17T06:55:37.982Z - [Leads] User: fc139c17-d8ba-40f0-8fc0-de857274c943, Role: admin
2026-07-17T06:55:37.987Z - [Leads] Fetching visible users...
2026-07-17T06:55:38.802Z - [Leads] Visible users found: 5
2026-07-17T06:55:38.806Z - [Leads] [Leads] Querying Prisma with where: {"rotationViolation":true,"isDeleted":false,"organisationId":"23d99450-83e7-4382-9312-d07f083447c0","previousOwnerId":{"in":["fc139c17-d8ba-40f0-8fc0-de857274c943","e910d0ee-3bcc-4c46-82f8-4f696dd15078","a05b52ee-a5e2-4523-866f-fa6941e787a1","a2d5ddb4-f3f3-4638-882b-b1f4e23bb501","9543cddb-bdd2-4a8c-beed-a04ab0c6a687"]}}
2026-07-17T06:55:38.933Z - [Leads] [Leads] Violations found: 0
2026-07-17T07:04:04.941Z - [Leads] Entered getViolations
2026-07-17T07:04:04.964Z - [Leads] User: fc139c17-d8ba-40f0-8fc0-de857274c943, Role: admin
2026-07-17T07:04:04.977Z - [Leads] Fetching visible users...
2026-07-17T07:04:05.728Z - [Leads] Visible users found: 5
2026-07-17T07:04:05.738Z - [Leads] [Leads] Querying Prisma with where: {"rotationViolation":true,"isDeleted":false,"organisationId":"23d99450-83e7-4382-9312-d07f083447c0","previousOwnerId":{"in":["fc139c17-d8ba-40f0-8fc0-de857274c943","e910d0ee-3bcc-4c46-82f8-4f696dd15078","a05b52ee-a5e2-4523-866f-fa6941e787a1","a2d5ddb4-f3f3-4638-882b-b1f4e23bb501","9543cddb-bdd2-4a8c-beed-a04ab0c6a687"]}}
2026-07-17T07:04:05.911Z - [Leads] [Leads] Violations found: 0
2026-07-17T07:19:26.315Z - [Leads] Entered getViolations
2026-07-17T07:19:26.323Z - [Leads] User: fc139c17-d8ba-40f0-8fc0-de857274c943, Role: admin
2026-07-17T07:19:26.338Z - [Leads] Fetching visible users...
2026-07-17T07:19:27.085Z - [Leads] Visible users found: 5
2026-07-17T07:19:27.096Z - [Leads] [Leads] Querying Prisma with where: {"rotationViolation":true,"isDeleted":false,"organisationId":"23d99450-83e7-4382-9312-d07f083447c0","previousOwnerId":{"in":["fc139c17-d8ba-40f0-8fc0-de857274c943","e910d0ee-3bcc-4c46-82f8-4f696dd15078","a05b52ee-a5e2-4523-866f-fa6941e787a1","a2d5ddb4-f3f3-4638-882b-b1f4e23bb501","9543cddb-bdd2-4a8c-beed-a04ab0c6a687"]}}
2026-07-17T07:19:27.235Z - [Leads] [Leads] Violations found: 0
2026-07-17T07:19:52.303Z - [Leads] Entered getViolations
2026-07-17T07:19:52.306Z - [Leads] User: fc139c17-d8ba-40f0-8fc0-de857274c943, Role: admin
2026-07-17T07:19:52.310Z - [Leads] Fetching visible users...
2026-07-17T07:19:53.364Z - [Leads] Visible users found: 5
2026-07-17T07:19:53.372Z - [Leads] [Leads] Querying Prisma with where: {"rotationViolation":true,"isDeleted":false,"organisationId":"23d99450-83e7-4382-9312-d07f083447c0","previousOwnerId":{"in":["fc139c17-d8ba-40f0-8fc0-de857274c943","e910d0ee-3bcc-4c46-82f8-4f696dd15078","a05b52ee-a5e2-4523-866f-fa6941e787a1","a2d5ddb4-f3f3-4638-882b-b1f4e23bb501","9543cddb-bdd2-4a8c-beed-a04ab0c6a687"]}}
2026-07-17T07:19:53.485Z - [Leads] [Leads] Violations found: 0
2026-07-17T07:43:13.409Z - [Leads] Entered getViolations
2026-07-17T07:43:13.451Z - [Leads] User: fc139c17-d8ba-40f0-8fc0-de857274c943, Role: admin
2026-07-17T07:43:13.478Z - [Leads] Fetching visible users...
2026-07-17T07:43:15.998Z - [Leads] Visible users found: 5
2026-07-17T07:43:16.014Z - [Leads] [Leads] Querying Prisma with where: {"rotationViolation":true,"isDeleted":false,"organisationId":"23d99450-83e7-4382-9312-d07f083447c0","previousOwnerId":{"in":["fc139c17-d8ba-40f0-8fc0-de857274c943","e910d0ee-3bcc-4c46-82f8-4f696dd15078","a05b52ee-a5e2-4523-866f-fa6941e787a1","a2d5ddb4-f3f3-4638-882b-b1f4e23bb501","9543cddb-bdd2-4a8c-beed-a04ab0c6a687"]}}
2026-07-17T07:43:16.409Z - [Leads] [Leads] Violations found: 0
2026-07-17T07:44:09.797Z - [Leads] Entered getViolations
2026-07-17T07:44:09.826Z - [Leads] User: d86f65fa-bd2b-4083-baa2-516038552d86, Role: admin
2026-07-17T07:44:09.846Z - [Leads] Fetching visible users...
2026-07-17T07:44:10.790Z - Entered getDashboardStats
2026-07-17T07:44:10.808Z - [Analytics] User: d86f65fa-bd2b-4083-baa2-516038552d86, Org: 85cc3715-7f8d-4f22-b0b0-a40a502bc6fa, SuperAdmin: false
2026-07-17T07:44:10.825Z - [Analytics] Importing hierarchyUtils...
2026-07-17T07:44:10.835Z - [Analytics] Fetching visibleUserIds...
2026-07-17T07:44:12.748Z - [Leads] Visible users found: 23
2026-07-17T07:44:12.755Z - [Leads] [Leads] Querying Prisma with where: {"rotationViolation":true,"isDeleted":false,"organisationId":"85cc3715-7f8d-4f22-b0b0-a40a502bc6fa","previousOwnerId":{"in":["d86f65fa-bd2b-4083-baa2-516038552d86","c2d7e5d0-62e6-49b3-8a73-ef28e4fc7a1a","c449e1d9-16c0-4dfc-9a6f-45b840924d9a","53da2bee-1da9-4273-9fe0-288637801d6d","de32f640-3438-4145-84b4-c69d59c883d1","5711e40b-0fb5-4f86-b8cd-7f3543da1b54","a5e061e5-5541-434d-acf6-a50b1df6c92d","0f77cacf-7d0d-4327-8779-f47048733a9c","a83eeafe-3682-412e-a86d-28799d8e642d","28f1e09a-6b76-4480-af09-4dec0c995f59","ca027094-f249-4f67-9cbf-82d865538036","64f74066-5d85-4f77-800a-b5acfdbc9c5f","0a0630d9-203e-43a9-836b-2ff7f7ae1922","f37694d5-97f2-42e4-8c8d-f9cb6a710119","3f2d8415-3217-4844-adb3-cd3a8643ff94","39ea93f0-49b5-4ef3-a16c-c5198e60002b","e416a7ee-17a5-4f33-92e4-1bfa1272055a","fef128ca-8930-4a6e-b783-94e31a0253ed","35da508c-48cc-4cec-8a9e-3833339ecc75","1375bc35-3082-4bec-9bbc-3e3646f6af36","55c81c25-e204-4b0d-8597-5b7a63671958","f8bea1af-cd6e-4c67-93a4-dd7e78aa5f00","78b350ab-a756-4bb2-8bbd-0b511e205b63"]}}
2026-07-17T07:44:12.934Z - [Leads] [Leads] Violations found: 0
2026-07-17T07:44:13.159Z - [Analytics] Visible users: 23
2026-07-17T07:45:13.274Z - [Leads] Entered getViolations
2026-07-17T07:45:13.279Z - [Leads] User: d86f65fa-bd2b-4083-baa2-516038552d86, Role: admin
2026-07-17T07:45:13.281Z - [Leads] Fetching visible users...
2026-07-17T07:45:14.802Z - [Leads] Visible users found: 23
2026-07-17T07:45:14.819Z - [Leads] [Leads] Querying Prisma with where: {"rotationViolation":true,"isDeleted":false,"organisationId":"85cc3715-7f8d-4f22-b0b0-a40a502bc6fa","previousOwnerId":{"in":["d86f65fa-bd2b-4083-baa2-516038552d86","c2d7e5d0-62e6-49b3-8a73-ef28e4fc7a1a","c449e1d9-16c0-4dfc-9a6f-45b840924d9a","53da2bee-1da9-4273-9fe0-288637801d6d","de32f640-3438-4145-84b4-c69d59c883d1","5711e40b-0fb5-4f86-b8cd-7f3543da1b54","a5e061e5-5541-434d-acf6-a50b1df6c92d","0f77cacf-7d0d-4327-8779-f47048733a9c","a83eeafe-3682-412e-a86d-28799d8e642d","28f1e09a-6b76-4480-af09-4dec0c995f59","ca027094-f249-4f67-9cbf-82d865538036","64f74066-5d85-4f77-800a-b5acfdbc9c5f","0a0630d9-203e-43a9-836b-2ff7f7ae1922","f37694d5-97f2-42e4-8c8d-f9cb6a710119","3f2d8415-3217-4844-adb3-cd3a8643ff94","39ea93f0-49b5-4ef3-a16c-c5198e60002b","e416a7ee-17a5-4f33-92e4-1bfa1272055a","fef128ca-8930-4a6e-b783-94e31a0253ed","35da508c-48cc-4cec-8a9e-3833339ecc75","1375bc35-3082-4bec-9bbc-3e3646f6af36","55c81c25-e204-4b0d-8597-5b7a63671958","f8bea1af-cd6e-4c67-93a4-dd7e78aa5f00","78b350ab-a756-4bb2-8bbd-0b511e205b63"]}}
2026-07-17T07:45:14.936Z - [Leads] [Leads] Violations found: 0
2026-07-17T07:46:06.923Z - Entered getDashboardStats
2026-07-17T07:46:06.929Z - [Analytics] User: fc139c17-d8ba-40f0-8fc0-de857274c943, Org: 23d99450-83e7-4382-9312-d07f083447c0, SuperAdmin: false
2026-07-17T07:46:06.939Z - [Analytics] Importing hierarchyUtils...
2026-07-17T07:46:06.942Z - [Analytics] Fetching visibleUserIds...
2026-07-17T07:46:07.519Z - [Leads] Entered getViolations
2026-07-17T07:46:07.525Z - [Leads] User: fc139c17-d8ba-40f0-8fc0-de857274c943, Role: admin
2026-07-17T07:46:07.529Z - [Leads] Fetching visible users...
2026-07-17T07:46:07.816Z - [Analytics] Visible users: 5
2026-07-17T07:46:08.301Z - [Leads] Visible users found: 5
2026-07-17T07:46:08.307Z - [Leads] [Leads] Querying Prisma with where: {"rotationViolation":true,"isDeleted":false,"organisationId":"23d99450-83e7-4382-9312-d07f083447c0","previousOwnerId":{"in":["fc139c17-d8ba-40f0-8fc0-de857274c943","e910d0ee-3bcc-4c46-82f8-4f696dd15078","a05b52ee-a5e2-4523-866f-fa6941e787a1","a2d5ddb4-f3f3-4638-882b-b1f4e23bb501","9543cddb-bdd2-4a8c-beed-a04ab0c6a687"]}}
2026-07-17T07:46:08.414Z - [Leads] [Leads] Violations found: 0
2026-07-17T07:47:08.916Z - [Leads] Entered getViolations
2026-07-17T07:47:08.919Z - [Leads] User: fc139c17-d8ba-40f0-8fc0-de857274c943, Role: admin
2026-07-17T07:47:08.921Z - [Leads] Fetching visible users...
2026-07-17T07:47:09.353Z - [Leads] Visible users found: 5
2026-07-17T07:47:09.355Z - [Leads] [Leads] Querying Prisma with where: {"rotationViolation":true,"isDeleted":false,"organisationId":"23d99450-83e7-4382-9312-d07f083447c0","previousOwnerId":{"in":["fc139c17-d8ba-40f0-8fc0-de857274c943","e910d0ee-3bcc-4c46-82f8-4f696dd15078","a05b52ee-a5e2-4523-866f-fa6941e787a1","a2d5ddb4-f3f3-4638-882b-b1f4e23bb501","9543cddb-bdd2-4a8c-beed-a04ab0c6a687"]}}
2026-07-17T07:47:09.457Z - [Leads] [Leads] Violations found: 0
2026-07-17T07:48:09.725Z - [Leads] Entered getViolations
2026-07-17T07:48:09.727Z - [Leads] User: fc139c17-d8ba-40f0-8fc0-de857274c943, Role: admin
2026-07-17T07:48:09.729Z - [Leads] Fetching visible users...
2026-07-17T07:48:10.197Z - [Leads] Visible users found: 5
2026-07-17T07:48:10.203Z - [Leads] [Leads] Querying Prisma with where: {"rotationViolation":true,"isDeleted":false,"organisationId":"23d99450-83e7-4382-9312-d07f083447c0","previousOwnerId":{"in":["fc139c17-d8ba-40f0-8fc0-de857274c943","e910d0ee-3bcc-4c46-82f8-4f696dd15078","a05b52ee-a5e2-4523-866f-fa6941e787a1","a2d5ddb4-f3f3-4638-882b-b1f4e23bb501","9543cddb-bdd2-4a8c-beed-a04ab0c6a687"]}}
2026-07-17T07:48:10.257Z - [Leads] [Leads] Violations found: 0
2026-07-17T08:31:01.574Z - [Leads] Entered getViolations
2026-07-17T08:31:01.577Z - [Leads] User: fc139c17-d8ba-40f0-8fc0-de857274c943, Role: admin
2026-07-17T08:31:01.582Z - [Leads] Fetching visible users...
2026-07-17T08:31:02.320Z - [Leads] Visible users found: 5
2026-07-17T08:31:02.326Z - [Leads] [Leads] Querying Prisma with where: {"rotationViolation":true,"isDeleted":false,"organisationId":"23d99450-83e7-4382-9312-d07f083447c0","previousOwnerId":{"in":["fc139c17-d8ba-40f0-8fc0-de857274c943","e910d0ee-3bcc-4c46-82f8-4f696dd15078","a05b52ee-a5e2-4523-866f-fa6941e787a1","a2d5ddb4-f3f3-4638-882b-b1f4e23bb501","9543cddb-bdd2-4a8c-beed-a04ab0c6a687"]}}
2026-07-17T08:31:02.431Z - [Leads] [Leads] Violations found: 0
2026-07-17T08:31:37.621Z - [Leads] Entered getViolations
2026-07-17T08:31:37.623Z - [Leads] User: fc139c17-d8ba-40f0-8fc0-de857274c943, Role: admin
2026-07-17T08:31:37.626Z - [Leads] Fetching visible users...
2026-07-17T08:31:38.525Z - [Leads] Visible users found: 5
2026-07-17T08:31:38.530Z - [Leads] [Leads] Querying Prisma with where: {"rotationViolation":true,"isDeleted":false,"organisationId":"23d99450-83e7-4382-9312-d07f083447c0","previousOwnerId":{"in":["fc139c17-d8ba-40f0-8fc0-de857274c943","e910d0ee-3bcc-4c46-82f8-4f696dd15078","a05b52ee-a5e2-4523-866f-fa6941e787a1","a2d5ddb4-f3f3-4638-882b-b1f4e23bb501","9543cddb-bdd2-4a8c-beed-a04ab0c6a687"]}}
2026-07-17T08:31:38.662Z - [Leads] [Leads] Violations found: 0
2026-07-17T08:38:39.106Z - [Leads] Entered getViolations
2026-07-17T08:38:39.114Z - [Leads] User: fc139c17-d8ba-40f0-8fc0-de857274c943, Role: admin
2026-07-17T08:38:39.121Z - [Leads] Fetching visible users...
2026-07-17T08:38:40.157Z - [Leads] Visible users found: 5
2026-07-17T08:38:40.161Z - [Leads] [Leads] Querying Prisma with where: {"rotationViolation":true,"isDeleted":false,"organisationId":"23d99450-83e7-4382-9312-d07f083447c0","previousOwnerId":{"in":["fc139c17-d8ba-40f0-8fc0-de857274c943","e910d0ee-3bcc-4c46-82f8-4f696dd15078","a05b52ee-a5e2-4523-866f-fa6941e787a1","a2d5ddb4-f3f3-4638-882b-b1f4e23bb501","9543cddb-bdd2-4a8c-beed-a04ab0c6a687"]}}
2026-07-17T08:38:40.301Z - [Leads] [Leads] Violations found: 0
2026-07-17T08:39:40.592Z - [Leads] Entered getViolations
2026-07-17T08:39:40.599Z - [Leads] User: fc139c17-d8ba-40f0-8fc0-de857274c943, Role: admin
2026-07-17T08:39:40.604Z - [Leads] Fetching visible users...
2026-07-17T08:39:41.406Z - [Leads] Visible users found: 5
2026-07-17T08:39:41.410Z - [Leads] [Leads] Querying Prisma with where: {"rotationViolation":true,"isDeleted":false,"organisationId":"23d99450-83e7-4382-9312-d07f083447c0","previousOwnerId":{"in":["fc139c17-d8ba-40f0-8fc0-de857274c943","e910d0ee-3bcc-4c46-82f8-4f696dd15078","a05b52ee-a5e2-4523-866f-fa6941e787a1","a2d5ddb4-f3f3-4638-882b-b1f4e23bb501","9543cddb-bdd2-4a8c-beed-a04ab0c6a687"]}}
2026-07-17T08:39:41.529Z - [Leads] [Leads] Violations found: 0
2026-07-17T08:40:41.888Z - [Leads] Entered getViolations
2026-07-17T08:40:41.891Z - [Leads] User: fc139c17-d8ba-40f0-8fc0-de857274c943, Role: admin
2026-07-17T08:40:41.895Z - [Leads] Fetching visible users...
2026-07-17T08:40:42.371Z - [Leads] Visible users found: 5
2026-07-17T08:40:42.374Z - [Leads] [Leads] Querying Prisma with where: {"rotationViolation":true,"isDeleted":false,"organisationId":"23d99450-83e7-4382-9312-d07f083447c0","previousOwnerId":{"in":["fc139c17-d8ba-40f0-8fc0-de857274c943","e910d0ee-3bcc-4c46-82f8-4f696dd15078","a05b52ee-a5e2-4523-866f-fa6941e787a1","a2d5ddb4-f3f3-4638-882b-b1f4e23bb501","9543cddb-bdd2-4a8c-beed-a04ab0c6a687"]}}
2026-07-17T08:40:42.434Z - [Leads] [Leads] Violations found: 0
2026-07-17T09:19:46.969Z - [Leads] Entered getViolations
2026-07-17T09:19:46.977Z - [Leads] User: fc139c17-d8ba-40f0-8fc0-de857274c943, Role: admin
2026-07-17T09:19:46.979Z - [Leads] Fetching visible users...
2026-07-17T09:19:47.852Z - [Leads] Visible users found: 5
2026-07-17T09:19:47.861Z - [Leads] [Leads] Querying Prisma with where: {"rotationViolation":true,"isDeleted":false,"organisationId":"23d99450-83e7-4382-9312-d07f083447c0","previousOwnerId":{"in":["fc139c17-d8ba-40f0-8fc0-de857274c943","e910d0ee-3bcc-4c46-82f8-4f696dd15078","a05b52ee-a5e2-4523-866f-fa6941e787a1","a2d5ddb4-f3f3-4638-882b-b1f4e23bb501","9543cddb-bdd2-4a8c-beed-a04ab0c6a687"]}}
2026-07-17T09:19:47.979Z - [Leads] [Leads] Violations found: 0
2026-07-17T09:37:47.666Z - [Leads] Entered getViolations
2026-07-17T09:37:47.678Z - [Leads] User: fc139c17-d8ba-40f0-8fc0-de857274c943, Role: admin
2026-07-17T09:37:47.684Z - [Leads] Fetching visible users...
2026-07-17T09:37:48.497Z - [Leads] Visible users found: 5
2026-07-17T09:37:48.503Z - [Leads] [Leads] Querying Prisma with where: {"rotationViolation":true,"isDeleted":false,"organisationId":"23d99450-83e7-4382-9312-d07f083447c0","previousOwnerId":{"in":["fc139c17-d8ba-40f0-8fc0-de857274c943","e910d0ee-3bcc-4c46-82f8-4f696dd15078","a05b52ee-a5e2-4523-866f-fa6941e787a1","a2d5ddb4-f3f3-4638-882b-b1f4e23bb501","9543cddb-bdd2-4a8c-beed-a04ab0c6a687"]}}
2026-07-17T09:37:48.631Z - [Leads] [Leads] Violations found: 0
2026-07-17T10:10:14.121Z - [Leads] Entered getViolations
2026-07-17T10:10:14.130Z - [Leads] User: fc139c17-d8ba-40f0-8fc0-de857274c943, Role: admin
2026-07-17T10:10:14.137Z - [Leads] Fetching visible users...
2026-07-17T10:10:15.225Z - [Leads] Visible users found: 5
2026-07-17T10:10:15.238Z - [Leads] [Leads] Querying Prisma with where: {"rotationViolation":true,"isDeleted":false,"organisationId":"23d99450-83e7-4382-9312-d07f083447c0","previousOwnerId":{"in":["fc139c17-d8ba-40f0-8fc0-de857274c943","e910d0ee-3bcc-4c46-82f8-4f696dd15078","a05b52ee-a5e2-4523-866f-fa6941e787a1","a2d5ddb4-f3f3-4638-882b-b1f4e23bb501","9543cddb-bdd2-4a8c-beed-a04ab0c6a687"]}}
2026-07-17T10:10:15.396Z - [Leads] [Leads] Violations found: 0
2026-07-17T10:11:15.218Z - [Leads] Entered getViolations
2026-07-17T10:11:15.222Z - [Leads] User: fc139c17-d8ba-40f0-8fc0-de857274c943, Role: admin
2026-07-17T10:11:15.229Z - [Leads] Fetching visible users...
2026-07-17T10:11:16.354Z - [Leads] Visible users found: 5
2026-07-17T10:11:16.363Z - [Leads] [Leads] Querying Prisma with where: {"rotationViolation":true,"isDeleted":false,"organisationId":"23d99450-83e7-4382-9312-d07f083447c0","previousOwnerId":{"in":["fc139c17-d8ba-40f0-8fc0-de857274c943","e910d0ee-3bcc-4c46-82f8-4f696dd15078","a05b52ee-a5e2-4523-866f-fa6941e787a1","a2d5ddb4-f3f3-4638-882b-b1f4e23bb501","9543cddb-bdd2-4a8c-beed-a04ab0c6a687"]}}
2026-07-17T10:11:16.500Z - [Leads] [Leads] Violations found: 0
2026-07-17T10:11:40.582Z - [Leads] Entered getViolations
2026-07-17T10:11:40.599Z - [Leads] User: d86f65fa-bd2b-4083-baa2-516038552d86, Role: admin
2026-07-17T10:11:40.604Z - [Leads] Fetching visible users...
2026-07-17T10:11:41.187Z - Entered getDashboardStats
2026-07-17T10:11:41.193Z - [Analytics] User: d86f65fa-bd2b-4083-baa2-516038552d86, Org: 85cc3715-7f8d-4f22-b0b0-a40a502bc6fa, SuperAdmin: false
2026-07-17T10:11:41.206Z - [Analytics] Importing hierarchyUtils...
2026-07-17T10:11:41.211Z - [Analytics] Fetching visibleUserIds...
2026-07-17T10:11:42.426Z - [Leads] Visible users found: 23
2026-07-17T10:11:42.435Z - [Leads] [Leads] Querying Prisma with where: {"rotationViolation":true,"isDeleted":false,"organisationId":"85cc3715-7f8d-4f22-b0b0-a40a502bc6fa","previousOwnerId":{"in":["d86f65fa-bd2b-4083-baa2-516038552d86","c2d7e5d0-62e6-49b3-8a73-ef28e4fc7a1a","c449e1d9-16c0-4dfc-9a6f-45b840924d9a","53da2bee-1da9-4273-9fe0-288637801d6d","de32f640-3438-4145-84b4-c69d59c883d1","5711e40b-0fb5-4f86-b8cd-7f3543da1b54","a5e061e5-5541-434d-acf6-a50b1df6c92d","0f77cacf-7d0d-4327-8779-f47048733a9c","a83eeafe-3682-412e-a86d-28799d8e642d","28f1e09a-6b76-4480-af09-4dec0c995f59","ca027094-f249-4f67-9cbf-82d865538036","64f74066-5d85-4f77-800a-b5acfdbc9c5f","0a0630d9-203e-43a9-836b-2ff7f7ae1922","f37694d5-97f2-42e4-8c8d-f9cb6a710119","3f2d8415-3217-4844-adb3-cd3a8643ff94","39ea93f0-49b5-4ef3-a16c-c5198e60002b","e416a7ee-17a5-4f33-92e4-1bfa1272055a","fef128ca-8930-4a6e-b783-94e31a0253ed","35da508c-48cc-4cec-8a9e-3833339ecc75","1375bc35-3082-4bec-9bbc-3e3646f6af36","55c81c25-e204-4b0d-8597-5b7a63671958","f8bea1af-cd6e-4c67-93a4-dd7e78aa5f00","78b350ab-a756-4bb2-8bbd-0b511e205b63"]}}
2026-07-17T10:11:42.545Z - [Leads] [Leads] Violations found: 0
2026-07-17T10:11:42.992Z - [Analytics] Visible users: 23
2026-07-17T10:12:42.828Z - [Leads] Entered getViolations
2026-07-17T10:12:42.832Z - [Leads] User: d86f65fa-bd2b-4083-baa2-516038552d86, Role: admin
2026-07-17T10:12:42.834Z - [Leads] Fetching visible users...
2026-07-17T10:12:44.445Z - [Leads] Visible users found: 23
2026-07-17T10:12:44.460Z - [Leads] [Leads] Querying Prisma with where: {"rotationViolation":true,"isDeleted":false,"organisationId":"85cc3715-7f8d-4f22-b0b0-a40a502bc6fa","previousOwnerId":{"in":["d86f65fa-bd2b-4083-baa2-516038552d86","c2d7e5d0-62e6-49b3-8a73-ef28e4fc7a1a","c449e1d9-16c0-4dfc-9a6f-45b840924d9a","53da2bee-1da9-4273-9fe0-288637801d6d","de32f640-3438-4145-84b4-c69d59c883d1","5711e40b-0fb5-4f86-b8cd-7f3543da1b54","a5e061e5-5541-434d-acf6-a50b1df6c92d","0f77cacf-7d0d-4327-8779-f47048733a9c","a83eeafe-3682-412e-a86d-28799d8e642d","28f1e09a-6b76-4480-af09-4dec0c995f59","ca027094-f249-4f67-9cbf-82d865538036","64f74066-5d85-4f77-800a-b5acfdbc9c5f","0a0630d9-203e-43a9-836b-2ff7f7ae1922","f37694d5-97f2-42e4-8c8d-f9cb6a710119","3f2d8415-3217-4844-adb3-cd3a8643ff94","39ea93f0-49b5-4ef3-a16c-c5198e60002b","e416a7ee-17a5-4f33-92e4-1bfa1272055a","fef128ca-8930-4a6e-b783-94e31a0253ed","35da508c-48cc-4cec-8a9e-3833339ecc75","1375bc35-3082-4bec-9bbc-3e3646f6af36","55c81c25-e204-4b0d-8597-5b7a63671958","f8bea1af-cd6e-4c67-93a4-dd7e78aa5f00","78b350ab-a756-4bb2-8bbd-0b511e205b63"]}}
2026-07-17T10:12:44.600Z - [Leads] [Leads] Violations found: 0
2026-07-17T10:13:44.915Z - [Leads] Entered getViolations
2026-07-17T10:13:44.926Z - [Leads] User: d86f65fa-bd2b-4083-baa2-516038552d86, Role: admin
2026-07-17T10:13:44.936Z - [Leads] Fetching visible users...
2026-07-17T10:13:46.352Z - [Leads] Visible users found: 23
2026-07-17T10:13:46.367Z - [Leads] [Leads] Querying Prisma with where: {"rotationViolation":true,"isDeleted":false,"organisationId":"85cc3715-7f8d-4f22-b0b0-a40a502bc6fa","previousOwnerId":{"in":["d86f65fa-bd2b-4083-baa2-516038552d86","c2d7e5d0-62e6-49b3-8a73-ef28e4fc7a1a","c449e1d9-16c0-4dfc-9a6f-45b840924d9a","53da2bee-1da9-4273-9fe0-288637801d6d","de32f640-3438-4145-84b4-c69d59c883d1","5711e40b-0fb5-4f86-b8cd-7f3543da1b54","a5e061e5-5541-434d-acf6-a50b1df6c92d","0f77cacf-7d0d-4327-8779-f47048733a9c","a83eeafe-3682-412e-a86d-28799d8e642d","28f1e09a-6b76-4480-af09-4dec0c995f59","ca027094-f249-4f67-9cbf-82d865538036","64f74066-5d85-4f77-800a-b5acfdbc9c5f","0a0630d9-203e-43a9-836b-2ff7f7ae1922","f37694d5-97f2-42e4-8c8d-f9cb6a710119","3f2d8415-3217-4844-adb3-cd3a8643ff94","39ea93f0-49b5-4ef3-a16c-c5198e60002b","e416a7ee-17a5-4f33-92e4-1bfa1272055a","fef128ca-8930-4a6e-b783-94e31a0253ed","35da508c-48cc-4cec-8a9e-3833339ecc75","1375bc35-3082-4bec-9bbc-3e3646f6af36","55c81c25-e204-4b0d-8597-5b7a63671958","f8bea1af-cd6e-4c67-93a4-dd7e78aa5f00","78b350ab-a756-4bb2-8bbd-0b511e205b63"]}}
2026-07-17T10:13:46.448Z - [Leads] [Leads] Violations found: 0
2026-07-17T10:28:52.005Z - [Leads] Entered getViolations
2026-07-17T10:28:52.017Z - [Leads] User: d86f65fa-bd2b-4083-baa2-516038552d86, Role: admin
2026-07-17T10:28:52.031Z - [Leads] Fetching visible users...
2026-07-17T10:28:54.223Z - [Leads] Visible users found: 23
2026-07-17T10:28:54.279Z - [Leads] [Leads] Querying Prisma with where: {"rotationViolation":true,"isDeleted":false,"organisationId":"85cc3715-7f8d-4f22-b0b0-a40a502bc6fa","previousOwnerId":{"in":["d86f65fa-bd2b-4083-baa2-516038552d86","c2d7e5d0-62e6-49b3-8a73-ef28e4fc7a1a","c449e1d9-16c0-4dfc-9a6f-45b840924d9a","53da2bee-1da9-4273-9fe0-288637801d6d","de32f640-3438-4145-84b4-c69d59c883d1","5711e40b-0fb5-4f86-b8cd-7f3543da1b54","a5e061e5-5541-434d-acf6-a50b1df6c92d","0f77cacf-7d0d-4327-8779-f47048733a9c","a83eeafe-3682-412e-a86d-28799d8e642d","28f1e09a-6b76-4480-af09-4dec0c995f59","ca027094-f249-4f67-9cbf-82d865538036","64f74066-5d85-4f77-800a-b5acfdbc9c5f","0a0630d9-203e-43a9-836b-2ff7f7ae1922","f37694d5-97f2-42e4-8c8d-f9cb6a710119","3f2d8415-3217-4844-adb3-cd3a8643ff94","39ea93f0-49b5-4ef3-a16c-c5198e60002b","e416a7ee-17a5-4f33-92e4-1bfa1272055a","fef128ca-8930-4a6e-b783-94e31a0253ed","35da508c-48cc-4cec-8a9e-3833339ecc75","1375bc35-3082-4bec-9bbc-3e3646f6af36","55c81c25-e204-4b0d-8597-5b7a63671958","f8bea1af-cd6e-4c67-93a4-dd7e78aa5f00","78b350ab-a756-4bb2-8bbd-0b511e205b63"]}}
2026-07-17T10:28:55.140Z - [Leads] [Leads] Violations found: 0
2026-07-17T10:29:58.138Z - [Leads] Entered getViolations
2026-07-17T10:29:58.224Z - [Leads] User: d86f65fa-bd2b-4083-baa2-516038552d86, Role: admin
2026-07-17T10:29:58.328Z - [Leads] Fetching visible users...
2026-07-17T10:30:07.900Z - [Leads] Visible users found: 23
2026-07-17T10:30:07.914Z - [Leads] [Leads] Querying Prisma with where: {"rotationViolation":true,"isDeleted":false,"organisationId":"85cc3715-7f8d-4f22-b0b0-a40a502bc6fa","previousOwnerId":{"in":["d86f65fa-bd2b-4083-baa2-516038552d86","c2d7e5d0-62e6-49b3-8a73-ef28e4fc7a1a","c449e1d9-16c0-4dfc-9a6f-45b840924d9a","53da2bee-1da9-4273-9fe0-288637801d6d","de32f640-3438-4145-84b4-c69d59c883d1","5711e40b-0fb5-4f86-b8cd-7f3543da1b54","a5e061e5-5541-434d-acf6-a50b1df6c92d","0f77cacf-7d0d-4327-8779-f47048733a9c","a83eeafe-3682-412e-a86d-28799d8e642d","28f1e09a-6b76-4480-af09-4dec0c995f59","ca027094-f249-4f67-9cbf-82d865538036","64f74066-5d85-4f77-800a-b5acfdbc9c5f","0a0630d9-203e-43a9-836b-2ff7f7ae1922","f37694d5-97f2-42e4-8c8d-f9cb6a710119","3f2d8415-3217-4844-adb3-cd3a8643ff94","39ea93f0-49b5-4ef3-a16c-c5198e60002b","e416a7ee-17a5-4f33-92e4-1bfa1272055a","fef128ca-8930-4a6e-b783-94e31a0253ed","35da508c-48cc-4cec-8a9e-3833339ecc75","1375bc35-3082-4bec-9bbc-3e3646f6af36","55c81c25-e204-4b0d-8597-5b7a63671958","f8bea1af-cd6e-4c67-93a4-dd7e78aa5f00","78b350ab-a756-4bb2-8bbd-0b511e205b63"]}}
2026-07-17T10:30:08.067Z - [Leads] [Leads] Violations found: 0
2026-07-17T10:38:37.515Z - [Leads] Entered getViolations
2026-07-17T10:38:37.524Z - [Leads] User: d86f65fa-bd2b-4083-baa2-516038552d86, Role: admin
2026-07-17T10:38:37.533Z - [Leads] Fetching visible users...
2026-07-17T10:38:39.310Z - [Leads] Visible users found: 23
2026-07-17T10:38:39.331Z - [Leads] [Leads] Querying Prisma with where: {"rotationViolation":true,"isDeleted":false,"organisationId":"85cc3715-7f8d-4f22-b0b0-a40a502bc6fa","previousOwnerId":{"in":["d86f65fa-bd2b-4083-baa2-516038552d86","c2d7e5d0-62e6-49b3-8a73-ef28e4fc7a1a","c449e1d9-16c0-4dfc-9a6f-45b840924d9a","53da2bee-1da9-4273-9fe0-288637801d6d","de32f640-3438-4145-84b4-c69d59c883d1","5711e40b-0fb5-4f86-b8cd-7f3543da1b54","a5e061e5-5541-434d-acf6-a50b1df6c92d","0f77cacf-7d0d-4327-8779-f47048733a9c","a83eeafe-3682-412e-a86d-28799d8e642d","28f1e09a-6b76-4480-af09-4dec0c995f59","ca027094-f249-4f67-9cbf-82d865538036","64f74066-5d85-4f77-800a-b5acfdbc9c5f","0a0630d9-203e-43a9-836b-2ff7f7ae1922","f37694d5-97f2-42e4-8c8d-f9cb6a710119","3f2d8415-3217-4844-adb3-cd3a8643ff94","39ea93f0-49b5-4ef3-a16c-c5198e60002b","e416a7ee-17a5-4f33-92e4-1bfa1272055a","fef128ca-8930-4a6e-b783-94e31a0253ed","35da508c-48cc-4cec-8a9e-3833339ecc75","1375bc35-3082-4bec-9bbc-3e3646f6af36","55c81c25-e204-4b0d-8597-5b7a63671958","f8bea1af-cd6e-4c67-93a4-dd7e78aa5f00","78b350ab-a756-4bb2-8bbd-0b511e205b63"]}}
2026-07-17T10:38:39.510Z - [Leads] [Leads] Violations found: 0
2026-07-17T10:41:40.229Z - [Leads] Entered getViolations
2026-07-17T10:41:40.232Z - [Leads] User: d86f65fa-bd2b-4083-baa2-516038552d86, Role: admin
2026-07-17T10:41:40.239Z - [Leads] Fetching visible users...
2026-07-17T10:41:41.958Z - [Leads] Visible users found: 23
2026-07-17T10:41:41.961Z - [Leads] [Leads] Querying Prisma with where: {"rotationViolation":true,"isDeleted":false,"organisationId":"85cc3715-7f8d-4f22-b0b0-a40a502bc6fa","previousOwnerId":{"in":["d86f65fa-bd2b-4083-baa2-516038552d86","c2d7e5d0-62e6-49b3-8a73-ef28e4fc7a1a","c449e1d9-16c0-4dfc-9a6f-45b840924d9a","53da2bee-1da9-4273-9fe0-288637801d6d","de32f640-3438-4145-84b4-c69d59c883d1","5711e40b-0fb5-4f86-b8cd-7f3543da1b54","a5e061e5-5541-434d-acf6-a50b1df6c92d","0f77cacf-7d0d-4327-8779-f47048733a9c","a83eeafe-3682-412e-a86d-28799d8e642d","28f1e09a-6b76-4480-af09-4dec0c995f59","ca027094-f249-4f67-9cbf-82d865538036","64f74066-5d85-4f77-800a-b5acfdbc9c5f","0a0630d9-203e-43a9-836b-2ff7f7ae1922","f37694d5-97f2-42e4-8c8d-f9cb6a710119","3f2d8415-3217-4844-adb3-cd3a8643ff94","39ea93f0-49b5-4ef3-a16c-c5198e60002b","e416a7ee-17a5-4f33-92e4-1bfa1272055a","fef128ca-8930-4a6e-b783-94e31a0253ed","35da508c-48cc-4cec-8a9e-3833339ecc75","1375bc35-3082-4bec-9bbc-3e3646f6af36","55c81c25-e204-4b0d-8597-5b7a63671958","f8bea1af-cd6e-4c67-93a4-dd7e78aa5f00","78b350ab-a756-4bb2-8bbd-0b511e205b63"]}}
2026-07-17T10:41:42.024Z - [Leads] [Leads] Violations found: 0
2026-07-17T10:42:42.482Z - [Leads] Entered getViolations
2026-07-17T10:42:42.485Z - [Leads] User: d86f65fa-bd2b-4083-baa2-516038552d86, Role: admin
2026-07-17T10:42:42.487Z - [Leads] Fetching visible users...
2026-07-17T10:42:44.415Z - [Leads] Visible users found: 23
2026-07-17T10:42:44.420Z - [Leads] [Leads] Querying Prisma with where: {"rotationViolation":true,"isDeleted":false,"organisationId":"85cc3715-7f8d-4f22-b0b0-a40a502bc6fa","previousOwnerId":{"in":["d86f65fa-bd2b-4083-baa2-516038552d86","c2d7e5d0-62e6-49b3-8a73-ef28e4fc7a1a","c449e1d9-16c0-4dfc-9a6f-45b840924d9a","53da2bee-1da9-4273-9fe0-288637801d6d","de32f640-3438-4145-84b4-c69d59c883d1","5711e40b-0fb5-4f86-b8cd-7f3543da1b54","a5e061e5-5541-434d-acf6-a50b1df6c92d","0f77cacf-7d0d-4327-8779-f47048733a9c","a83eeafe-3682-412e-a86d-28799d8e642d","28f1e09a-6b76-4480-af09-4dec0c995f59","ca027094-f249-4f67-9cbf-82d865538036","64f74066-5d85-4f77-800a-b5acfdbc9c5f","0a0630d9-203e-43a9-836b-2ff7f7ae1922","f37694d5-97f2-42e4-8c8d-f9cb6a710119","3f2d8415-3217-4844-adb3-cd3a8643ff94","39ea93f0-49b5-4ef3-a16c-c5198e60002b","e416a7ee-17a5-4f33-92e4-1bfa1272055a","fef128ca-8930-4a6e-b783-94e31a0253ed","35da508c-48cc-4cec-8a9e-3833339ecc75","1375bc35-3082-4bec-9bbc-3e3646f6af36","55c81c25-e204-4b0d-8597-5b7a63671958","f8bea1af-cd6e-4c67-93a4-dd7e78aa5f00","78b350ab-a756-4bb2-8bbd-0b511e205b63"]}}
2026-07-17T10:42:44.579Z - [Leads] [Leads] Violations found: 0
2026-07-17T10:43:44.901Z - [Leads] Entered getViolations
2026-07-17T10:43:44.904Z - [Leads] User: d86f65fa-bd2b-4083-baa2-516038552d86, Role: admin
2026-07-17T10:43:44.907Z - [Leads] Fetching visible users...
2026-07-17T10:43:46.452Z - [Leads] Visible users found: 23
2026-07-17T10:43:46.466Z - [Leads] [Leads] Querying Prisma with where: {"rotationViolation":true,"isDeleted":false,"organisationId":"85cc3715-7f8d-4f22-b0b0-a40a502bc6fa","previousOwnerId":{"in":["d86f65fa-bd2b-4083-baa2-516038552d86","c2d7e5d0-62e6-49b3-8a73-ef28e4fc7a1a","c449e1d9-16c0-4dfc-9a6f-45b840924d9a","53da2bee-1da9-4273-9fe0-288637801d6d","de32f640-3438-4145-84b4-c69d59c883d1","5711e40b-0fb5-4f86-b8cd-7f3543da1b54","a5e061e5-5541-434d-acf6-a50b1df6c92d","0f77cacf-7d0d-4327-8779-f47048733a9c","a83eeafe-3682-412e-a86d-28799d8e642d","28f1e09a-6b76-4480-af09-4dec0c995f59","ca027094-f249-4f67-9cbf-82d865538036","64f74066-5d85-4f77-800a-b5acfdbc9c5f","0a0630d9-203e-43a9-836b-2ff7f7ae1922","f37694d5-97f2-42e4-8c8d-f9cb6a710119","3f2d8415-3217-4844-adb3-cd3a8643ff94","39ea93f0-49b5-4ef3-a16c-c5198e60002b","e416a7ee-17a5-4f33-92e4-1bfa1272055a","fef128ca-8930-4a6e-b783-94e31a0253ed","35da508c-48cc-4cec-8a9e-3833339ecc75","1375bc35-3082-4bec-9bbc-3e3646f6af36","55c81c25-e204-4b0d-8597-5b7a63671958","f8bea1af-cd6e-4c67-93a4-dd7e78aa5f00","78b350ab-a756-4bb2-8bbd-0b511e205b63"]}}
2026-07-17T10:43:46.597Z - [Leads] [Leads] Violations found: 0
2026-07-17T10:44:46.911Z - [Leads] Entered getViolations
2026-07-17T10:44:46.915Z - [Leads] User: d86f65fa-bd2b-4083-baa2-516038552d86, Role: admin
2026-07-17T10:44:46.920Z - [Leads] Fetching visible users...
2026-07-17T10:44:48.891Z - [Leads] Visible users found: 23
2026-07-17T10:44:48.894Z - [Leads] [Leads] Querying Prisma with where: {"rotationViolation":true,"isDeleted":false,"organisationId":"85cc3715-7f8d-4f22-b0b0-a40a502bc6fa","previousOwnerId":{"in":["d86f65fa-bd2b-4083-baa2-516038552d86","c2d7e5d0-62e6-49b3-8a73-ef28e4fc7a1a","c449e1d9-16c0-4dfc-9a6f-45b840924d9a","53da2bee-1da9-4273-9fe0-288637801d6d","de32f640-3438-4145-84b4-c69d59c883d1","5711e40b-0fb5-4f86-b8cd-7f3543da1b54","a5e061e5-5541-434d-acf6-a50b1df6c92d","0f77cacf-7d0d-4327-8779-f47048733a9c","a83eeafe-3682-412e-a86d-28799d8e642d","28f1e09a-6b76-4480-af09-4dec0c995f59","ca027094-f249-4f67-9cbf-82d865538036","64f74066-5d85-4f77-800a-b5acfdbc9c5f","0a0630d9-203e-43a9-836b-2ff7f7ae1922","f37694d5-97f2-42e4-8c8d-f9cb6a710119","3f2d8415-3217-4844-adb3-cd3a8643ff94","39ea93f0-49b5-4ef3-a16c-c5198e60002b","e416a7ee-17a5-4f33-92e4-1bfa1272055a","fef128ca-8930-4a6e-b783-94e31a0253ed","35da508c-48cc-4cec-8a9e-3833339ecc75","1375bc35-3082-4bec-9bbc-3e3646f6af36","55c81c25-e204-4b0d-8597-5b7a63671958","f8bea1af-cd6e-4c67-93a4-dd7e78aa5f00","78b350ab-a756-4bb2-8bbd-0b511e205b63"]}}
2026-07-17T10:44:49.223Z - [Leads] [Leads] Violations found: 0
2026-07-17T10:50:31.584Z - [Leads] Entered getViolations
2026-07-17T10:50:31.594Z - [Leads] User: fc139c17-d8ba-40f0-8fc0-de857274c943, Role: admin
2026-07-17T10:50:31.606Z - [Leads] Fetching visible users...
2026-07-17T10:50:32.466Z - Entered getDashboardStats
2026-07-17T10:50:32.469Z - [Analytics] User: fc139c17-d8ba-40f0-8fc0-de857274c943, Org: 23d99450-83e7-4382-9312-d07f083447c0, SuperAdmin: false
2026-07-17T10:50:32.480Z - [Analytics] Importing hierarchyUtils...
2026-07-17T10:50:32.486Z - [Analytics] Fetching visibleUserIds...
2026-07-17T10:50:32.500Z - [Leads] Visible users found: 5
2026-07-17T10:50:32.502Z - [Leads] [Leads] Querying Prisma with where: {"rotationViolation":true,"isDeleted":false,"organisationId":"23d99450-83e7-4382-9312-d07f083447c0","previousOwnerId":{"in":["fc139c17-d8ba-40f0-8fc0-de857274c943","e910d0ee-3bcc-4c46-82f8-4f696dd15078","a05b52ee-a5e2-4523-866f-fa6941e787a1","a2d5ddb4-f3f3-4638-882b-b1f4e23bb501","9543cddb-bdd2-4a8c-beed-a04ab0c6a687"]}}
2026-07-17T10:50:32.624Z - [Leads] [Leads] Violations found: 0
2026-07-17T10:50:33.409Z - [Analytics] Visible users: 5
2026-07-17T10:51:33.247Z - [Leads] Entered getViolations
2026-07-17T10:51:33.250Z - [Leads] User: fc139c17-d8ba-40f0-8fc0-de857274c943, Role: admin
2026-07-17T10:51:33.254Z - [Leads] Fetching visible users...
2026-07-17T10:51:34.318Z - [Leads] Visible users found: 5
2026-07-17T10:51:34.326Z - [Leads] [Leads] Querying Prisma with where: {"rotationViolation":true,"isDeleted":false,"organisationId":"23d99450-83e7-4382-9312-d07f083447c0","previousOwnerId":{"in":["fc139c17-d8ba-40f0-8fc0-de857274c943","e910d0ee-3bcc-4c46-82f8-4f696dd15078","a05b52ee-a5e2-4523-866f-fa6941e787a1","a2d5ddb4-f3f3-4638-882b-b1f4e23bb501","9543cddb-bdd2-4a8c-beed-a04ab0c6a687"]}}
2026-07-17T10:51:34.464Z - [Leads] [Leads] Violations found: 0
2026-07-17T10:52:34.796Z - [Leads] Entered getViolations
2026-07-17T10:52:34.802Z - [Leads] User: fc139c17-d8ba-40f0-8fc0-de857274c943, Role: admin
2026-07-17T10:52:34.806Z - [Leads] Fetching visible users...
2026-07-17T10:52:35.275Z - [Leads] Visible users found: 5
2026-07-17T10:52:35.279Z - [Leads] [Leads] Querying Prisma with where: {"rotationViolation":true,"isDeleted":false,"organisationId":"23d99450-83e7-4382-9312-d07f083447c0","previousOwnerId":{"in":["fc139c17-d8ba-40f0-8fc0-de857274c943","e910d0ee-3bcc-4c46-82f8-4f696dd15078","a05b52ee-a5e2-4523-866f-fa6941e787a1","a2d5ddb4-f3f3-4638-882b-b1f4e23bb501","9543cddb-bdd2-4a8c-beed-a04ab0c6a687"]}}
2026-07-17T10:52:35.335Z - [Leads] [Leads] Violations found: 0
2026-07-17T10:54:01.070Z - [Leads] Entered getViolations
2026-07-17T10:54:01.082Z - [Leads] User: fc139c17-d8ba-40f0-8fc0-de857274c943, Role: admin
2026-07-17T10:54:01.088Z - [Leads] Fetching visible users...
2026-07-17T10:54:01.954Z - [Leads] Visible users found: 5
2026-07-17T10:54:01.959Z - [Leads] [Leads] Querying Prisma with where: {"rotationViolation":true,"isDeleted":false,"organisationId":"23d99450-83e7-4382-9312-d07f083447c0","previousOwnerId":{"in":["fc139c17-d8ba-40f0-8fc0-de857274c943","e910d0ee-3bcc-4c46-82f8-4f696dd15078","a05b52ee-a5e2-4523-866f-fa6941e787a1","a2d5ddb4-f3f3-4638-882b-b1f4e23bb501","9543cddb-bdd2-4a8c-beed-a04ab0c6a687"]}}
2026-07-17T10:54:02.073Z - [Leads] [Leads] Violations found: 0
2026-07-17T10:56:02.665Z - [Leads] Entered getViolations
2026-07-17T10:56:02.670Z - [Leads] User: fc139c17-d8ba-40f0-8fc0-de857274c943, Role: admin
2026-07-17T10:56:02.677Z - [Leads] Fetching visible users...
2026-07-17T10:56:03.464Z - [Leads] Visible users found: 5
2026-07-17T10:56:03.469Z - [Leads] [Leads] Querying Prisma with where: {"rotationViolation":true,"isDeleted":false,"organisationId":"23d99450-83e7-4382-9312-d07f083447c0","previousOwnerId":{"in":["fc139c17-d8ba-40f0-8fc0-de857274c943","e910d0ee-3bcc-4c46-82f8-4f696dd15078","a05b52ee-a5e2-4523-866f-fa6941e787a1","a2d5ddb4-f3f3-4638-882b-b1f4e23bb501","9543cddb-bdd2-4a8c-beed-a04ab0c6a687"]}}
2026-07-17T10:56:03.589Z - [Leads] [Leads] Violations found: 0
2026-07-17T11:02:37.397Z - [Leads] Entered getViolations
2026-07-17T11:02:37.412Z - [Leads] User: fc139c17-d8ba-40f0-8fc0-de857274c943, Role: admin
2026-07-17T11:02:37.416Z - [Leads] Fetching visible users...
2026-07-17T11:02:38.780Z - [Leads] Visible users found: 5
2026-07-17T11:02:38.796Z - [Leads] [Leads] Querying Prisma with where: {"rotationViolation":true,"isDeleted":false,"organisationId":"23d99450-83e7-4382-9312-d07f083447c0","previousOwnerId":{"in":["fc139c17-d8ba-40f0-8fc0-de857274c943","e910d0ee-3bcc-4c46-82f8-4f696dd15078","a05b52ee-a5e2-4523-866f-fa6941e787a1","a2d5ddb4-f3f3-4638-882b-b1f4e23bb501","9543cddb-bdd2-4a8c-beed-a04ab0c6a687"]}}
2026-07-17T11:02:38.960Z - [Leads] [Leads] Violations found: 0
2026-07-17T11:03:39.415Z - [Leads] Entered getViolations
2026-07-17T11:03:39.421Z - [Leads] User: fc139c17-d8ba-40f0-8fc0-de857274c943, Role: admin
2026-07-17T11:03:39.425Z - [Leads] Fetching visible users...
2026-07-17T11:03:40.078Z - [Leads] Visible users found: 5
2026-07-17T11:03:40.080Z - [Leads] [Leads] Querying Prisma with where: {"rotationViolation":true,"isDeleted":false,"organisationId":"23d99450-83e7-4382-9312-d07f083447c0","previousOwnerId":{"in":["fc139c17-d8ba-40f0-8fc0-de857274c943","e910d0ee-3bcc-4c46-82f8-4f696dd15078","a05b52ee-a5e2-4523-866f-fa6941e787a1","a2d5ddb4-f3f3-4638-882b-b1f4e23bb501","9543cddb-bdd2-4a8c-beed-a04ab0c6a687"]}}
2026-07-17T11:03:40.201Z - [Leads] [Leads] Violations found: 0
2026-07-17T11:04:40.485Z - [Leads] Entered getViolations
2026-07-17T11:04:40.489Z - [Leads] User: fc139c17-d8ba-40f0-8fc0-de857274c943, Role: admin
2026-07-17T11:04:40.491Z - [Leads] Fetching visible users...
2026-07-17T11:04:41.114Z - [Leads] Visible users found: 5
2026-07-17T11:04:41.117Z - [Leads] [Leads] Querying Prisma with where: {"rotationViolation":true,"isDeleted":false,"organisationId":"23d99450-83e7-4382-9312-d07f083447c0","previousOwnerId":{"in":["fc139c17-d8ba-40f0-8fc0-de857274c943","e910d0ee-3bcc-4c46-82f8-4f696dd15078","a05b52ee-a5e2-4523-866f-fa6941e787a1","a2d5ddb4-f3f3-4638-882b-b1f4e23bb501","9543cddb-bdd2-4a8c-beed-a04ab0c6a687"]}}
2026-07-17T11:04:41.229Z - [Leads] [Leads] Violations found: 0
2026-07-17T11:05:41.522Z - [Leads] Entered getViolations
2026-07-17T11:05:41.525Z - [Leads] User: fc139c17-d8ba-40f0-8fc0-de857274c943, Role: admin
2026-07-17T11:05:41.534Z - [Leads] Fetching visible users...
2026-07-17T11:05:42.058Z - [Leads] Visible users found: 5
2026-07-17T11:05:42.061Z - [Leads] [Leads] Querying Prisma with where: {"rotationViolation":true,"isDeleted":false,"organisationId":"23d99450-83e7-4382-9312-d07f083447c0","previousOwnerId":{"in":["fc139c17-d8ba-40f0-8fc0-de857274c943","e910d0ee-3bcc-4c46-82f8-4f696dd15078","a05b52ee-a5e2-4523-866f-fa6941e787a1","a2d5ddb4-f3f3-4638-882b-b1f4e23bb501","9543cddb-bdd2-4a8c-beed-a04ab0c6a687"]}}
2026-07-17T11:05:42.119Z - [Leads] [Leads] Violations found: 0
2026-07-17T11:06:42.443Z - [Leads] Entered getViolations
2026-07-17T11:06:42.450Z - [Leads] User: fc139c17-d8ba-40f0-8fc0-de857274c943, Role: admin
2026-07-17T11:06:42.451Z - [Leads] Fetching visible users...
2026-07-17T11:06:43.216Z - [Leads] Visible users found: 5
2026-07-17T11:06:43.218Z - [Leads] [Leads] Querying Prisma with where: {"rotationViolation":true,"isDeleted":false,"organisationId":"23d99450-83e7-4382-9312-d07f083447c0","previousOwnerId":{"in":["fc139c17-d8ba-40f0-8fc0-de857274c943","e910d0ee-3bcc-4c46-82f8-4f696dd15078","a05b52ee-a5e2-4523-866f-fa6941e787a1","a2d5ddb4-f3f3-4638-882b-b1f4e23bb501","9543cddb-bdd2-4a8c-beed-a04ab0c6a687"]}}
2026-07-17T11:06:43.277Z - [Leads] [Leads] Violations found: 0
2026-07-17T11:07:43.507Z - [Leads] Entered getViolations
2026-07-17T11:07:43.509Z - [Leads] User: fc139c17-d8ba-40f0-8fc0-de857274c943, Role: admin
2026-07-17T11:07:43.513Z - [Leads] Fetching visible users...
2026-07-17T11:07:44.224Z - [Leads] Visible users found: 5
2026-07-17T11:07:44.227Z - [Leads] [Leads] Querying Prisma with where: {"rotationViolation":true,"isDeleted":false,"organisationId":"23d99450-83e7-4382-9312-d07f083447c0","previousOwnerId":{"in":["fc139c17-d8ba-40f0-8fc0-de857274c943","e910d0ee-3bcc-4c46-82f8-4f696dd15078","a05b52ee-a5e2-4523-866f-fa6941e787a1","a2d5ddb4-f3f3-4638-882b-b1f4e23bb501","9543cddb-bdd2-4a8c-beed-a04ab0c6a687"]}}
2026-07-17T11:07:44.344Z - [Leads] [Leads] Violations found: 0
2026-07-17T11:09:44.722Z - [Leads] Entered getViolations
2026-07-17T11:09:44.724Z - [Leads] User: fc139c17-d8ba-40f0-8fc0-de857274c943, Role: admin
2026-07-17T11:09:44.728Z - [Leads] Fetching visible users...
2026-07-17T11:09:45.198Z - [Leads] Visible users found: 5
2026-07-17T11:09:45.200Z - [Leads] [Leads] Querying Prisma with where: {"rotationViolation":true,"isDeleted":false,"organisationId":"23d99450-83e7-4382-9312-d07f083447c0","previousOwnerId":{"in":["fc139c17-d8ba-40f0-8fc0-de857274c943","e910d0ee-3bcc-4c46-82f8-4f696dd15078","a05b52ee-a5e2-4523-866f-fa6941e787a1","a2d5ddb4-f3f3-4638-882b-b1f4e23bb501","9543cddb-bdd2-4a8c-beed-a04ab0c6a687"]}}
2026-07-17T11:09:45.306Z - [Leads] [Leads] Violations found: 0
2026-07-17T11:10:45.596Z - [Leads] Entered getViolations
2026-07-17T11:10:45.604Z - [Leads] User: fc139c17-d8ba-40f0-8fc0-de857274c943, Role: admin
2026-07-17T11:10:45.609Z - [Leads] Fetching visible users...
2026-07-17T11:10:46.323Z - [Leads] Visible users found: 5
2026-07-17T11:10:46.326Z - [Leads] [Leads] Querying Prisma with where: {"rotationViolation":true,"isDeleted":false,"organisationId":"23d99450-83e7-4382-9312-d07f083447c0","previousOwnerId":{"in":["fc139c17-d8ba-40f0-8fc0-de857274c943","e910d0ee-3bcc-4c46-82f8-4f696dd15078","a05b52ee-a5e2-4523-866f-fa6941e787a1","a2d5ddb4-f3f3-4638-882b-b1f4e23bb501","9543cddb-bdd2-4a8c-beed-a04ab0c6a687"]}}
2026-07-17T11:10:46.437Z - [Leads] [Leads] Violations found: 0
2026-07-17T11:21:04.150Z - [Leads] Entered getViolations
2026-07-17T11:21:04.154Z - [Leads] User: fc139c17-d8ba-40f0-8fc0-de857274c943, Role: admin
2026-07-17T11:21:04.156Z - [Leads] Fetching visible users...
2026-07-17T11:21:04.620Z - [Leads] Visible users found: 5
2026-07-17T11:21:04.623Z - [Leads] [Leads] Querying Prisma with where: {"rotationViolation":true,"isDeleted":false,"organisationId":"23d99450-83e7-4382-9312-d07f083447c0","previousOwnerId":{"in":["fc139c17-d8ba-40f0-8fc0-de857274c943","e910d0ee-3bcc-4c46-82f8-4f696dd15078","a05b52ee-a5e2-4523-866f-fa6941e787a1","a2d5ddb4-f3f3-4638-882b-b1f4e23bb501","9543cddb-bdd2-4a8c-beed-a04ab0c6a687"]}}
2026-07-17T11:21:04.734Z - [Leads] [Leads] Violations found: 0
2026-07-17T11:22:05.078Z - [Leads] Entered getViolations
2026-07-17T11:22:05.081Z - [Leads] User: fc139c17-d8ba-40f0-8fc0-de857274c943, Role: admin
2026-07-17T11:22:05.083Z - [Leads] Fetching visible users...
2026-07-17T11:22:05.544Z - [Leads] Visible users found: 5
2026-07-17T11:22:05.547Z - [Leads] [Leads] Querying Prisma with where: {"rotationViolation":true,"isDeleted":false,"organisationId":"23d99450-83e7-4382-9312-d07f083447c0","previousOwnerId":{"in":["fc139c17-d8ba-40f0-8fc0-de857274c943","e910d0ee-3bcc-4c46-82f8-4f696dd15078","a05b52ee-a5e2-4523-866f-fa6941e787a1","a2d5ddb4-f3f3-4638-882b-b1f4e23bb501","9543cddb-bdd2-4a8c-beed-a04ab0c6a687"]}}
2026-07-17T11:22:05.609Z - [Leads] [Leads] Violations found: 0
2026-07-17T11:23:05.954Z - [Leads] Entered getViolations
2026-07-17T11:23:05.959Z - [Leads] User: fc139c17-d8ba-40f0-8fc0-de857274c943, Role: admin
2026-07-17T11:23:05.964Z - [Leads] Fetching visible users...
2026-07-17T11:23:06.589Z - [Leads] Visible users found: 5
2026-07-17T11:23:06.594Z - [Leads] [Leads] Querying Prisma with where: {"rotationViolation":true,"isDeleted":false,"organisationId":"23d99450-83e7-4382-9312-d07f083447c0","previousOwnerId":{"in":["fc139c17-d8ba-40f0-8fc0-de857274c943","e910d0ee-3bcc-4c46-82f8-4f696dd15078","a05b52ee-a5e2-4523-866f-fa6941e787a1","a2d5ddb4-f3f3-4638-882b-b1f4e23bb501","9543cddb-bdd2-4a8c-beed-a04ab0c6a687"]}}
2026-07-17T11:23:06.665Z - [Leads] [Leads] Violations found: 0
2026-07-17T11:24:06.968Z - [Leads] Entered getViolations
2026-07-17T11:24:06.971Z - [Leads] User: fc139c17-d8ba-40f0-8fc0-de857274c943, Role: admin
2026-07-17T11:24:06.974Z - [Leads] Fetching visible users...
2026-07-17T11:24:07.918Z - [Leads] Visible users found: 5
2026-07-17T11:24:07.921Z - [Leads] [Leads] Querying Prisma with where: {"rotationViolation":true,"isDeleted":false,"organisationId":"23d99450-83e7-4382-9312-d07f083447c0","previousOwnerId":{"in":["fc139c17-d8ba-40f0-8fc0-de857274c943","e910d0ee-3bcc-4c46-82f8-4f696dd15078","a05b52ee-a5e2-4523-866f-fa6941e787a1","a2d5ddb4-f3f3-4638-882b-b1f4e23bb501","9543cddb-bdd2-4a8c-beed-a04ab0c6a687"]}}
2026-07-17T11:24:08.105Z - [Leads] [Leads] Violations found: 0
2026-07-17T11:25:46.761Z - [Leads] Entered getViolations
2026-07-17T11:25:46.764Z - [Leads] User: fc139c17-d8ba-40f0-8fc0-de857274c943, Role: admin
2026-07-17T11:25:46.771Z - [Leads] Fetching visible users...
2026-07-17T11:25:48.451Z - [Leads] Visible users found: 5
2026-07-17T11:25:48.456Z - [Leads] [Leads] Querying Prisma with where: {"rotationViolation":true,"isDeleted":false,"organisationId":"23d99450-83e7-4382-9312-d07f083447c0","previousOwnerId":{"in":["fc139c17-d8ba-40f0-8fc0-de857274c943","e910d0ee-3bcc-4c46-82f8-4f696dd15078","a05b52ee-a5e2-4523-866f-fa6941e787a1","a2d5ddb4-f3f3-4638-882b-b1f4e23bb501","9543cddb-bdd2-4a8c-beed-a04ab0c6a687"]}}
2026-07-17T11:25:48.615Z - [Leads] [Leads] Violations found: 0
2026-07-17T14:17:06.239Z - [Leads] Entered getViolations
2026-07-17T14:17:06.260Z - [Leads] User: fc139c17-d8ba-40f0-8fc0-de857274c943, Role: admin
2026-07-17T14:17:06.263Z - [Leads] Fetching visible users...
2026-07-17T14:17:07.213Z - [Leads] Visible users found: 5
2026-07-17T14:17:07.222Z - [Leads] [Leads] Querying Prisma with where: {"rotationViolation":true,"isDeleted":false,"organisationId":"23d99450-83e7-4382-9312-d07f083447c0","previousOwnerId":{"in":["fc139c17-d8ba-40f0-8fc0-de857274c943","e910d0ee-3bcc-4c46-82f8-4f696dd15078","a05b52ee-a5e2-4523-866f-fa6941e787a1","a2d5ddb4-f3f3-4638-882b-b1f4e23bb501","9543cddb-bdd2-4a8c-beed-a04ab0c6a687"]}}
2026-07-17T14:17:07.430Z - [Leads] [Leads] Violations found: 0
2026-07-17T14:26:08.166Z - [Leads] Entered getViolations
2026-07-17T14:26:08.174Z - [Leads] User: fc139c17-d8ba-40f0-8fc0-de857274c943, Role: admin
2026-07-17T14:26:08.177Z - [Leads] Fetching visible users...
2026-07-17T14:26:08.545Z - [Leads] Visible users found: 5
2026-07-17T14:26:08.550Z - [Leads] [Leads] Querying Prisma with where: {"rotationViolation":true,"isDeleted":false,"organisationId":"23d99450-83e7-4382-9312-d07f083447c0","previousOwnerId":{"in":["fc139c17-d8ba-40f0-8fc0-de857274c943","e910d0ee-3bcc-4c46-82f8-4f696dd15078","a05b52ee-a5e2-4523-866f-fa6941e787a1","a2d5ddb4-f3f3-4638-882b-b1f4e23bb501","9543cddb-bdd2-4a8c-beed-a04ab0c6a687"]}}
2026-07-17T14:26:08.647Z - [Leads] [Leads] Violations found: 0
2026-07-17T14:26:44.859Z - [Leads] Entered getViolations
2026-07-17T14:26:44.861Z - [Leads] User: fc139c17-d8ba-40f0-8fc0-de857274c943, Role: admin
2026-07-17T14:26:44.868Z - [Leads] Fetching visible users...
2026-07-17T14:26:45.442Z - [Leads] Visible users found: 5
2026-07-17T14:26:45.445Z - [Leads] [Leads] Querying Prisma with where: {"rotationViolation":true,"isDeleted":false,"organisationId":"23d99450-83e7-4382-9312-d07f083447c0","previousOwnerId":{"in":["fc139c17-d8ba-40f0-8fc0-de857274c943","e910d0ee-3bcc-4c46-82f8-4f696dd15078","a05b52ee-a5e2-4523-866f-fa6941e787a1","a2d5ddb4-f3f3-4638-882b-b1f4e23bb501","9543cddb-bdd2-4a8c-beed-a04ab0c6a687"]}}
2026-07-17T14:26:45.517Z - [Leads] [Leads] Violations found: 0
2026-07-17T15:19:38.052Z - [Leads] Entered getViolations
2026-07-17T15:19:38.064Z - [Leads] User: fc139c17-d8ba-40f0-8fc0-de857274c943, Role: admin
2026-07-17T15:19:38.068Z - [Leads] Fetching visible users...
2026-07-17T15:19:38.685Z - [Leads] Visible users found: 5
2026-07-17T15:19:38.691Z - [Leads] [Leads] Querying Prisma with where: {"rotationViolation":true,"isDeleted":false,"organisationId":"23d99450-83e7-4382-9312-d07f083447c0","previousOwnerId":{"in":["fc139c17-d8ba-40f0-8fc0-de857274c943","e910d0ee-3bcc-4c46-82f8-4f696dd15078","a05b52ee-a5e2-4523-866f-fa6941e787a1","a2d5ddb4-f3f3-4638-882b-b1f4e23bb501","9543cddb-bdd2-4a8c-beed-a04ab0c6a687"]}}
2026-07-17T15:19:38.779Z - [Leads] [Leads] Violations found: 0
2026-07-17T15:21:39.025Z - [Leads] Entered getViolations
2026-07-17T15:21:39.027Z - [Leads] User: fc139c17-d8ba-40f0-8fc0-de857274c943, Role: admin
2026-07-17T15:21:39.029Z - [Leads] Fetching visible users...
2026-07-17T15:21:39.402Z - [Leads] Visible users found: 5
2026-07-17T15:21:39.405Z - [Leads] [Leads] Querying Prisma with where: {"rotationViolation":true,"isDeleted":false,"organisationId":"23d99450-83e7-4382-9312-d07f083447c0","previousOwnerId":{"in":["fc139c17-d8ba-40f0-8fc0-de857274c943","e910d0ee-3bcc-4c46-82f8-4f696dd15078","a05b52ee-a5e2-4523-866f-fa6941e787a1","a2d5ddb4-f3f3-4638-882b-b1f4e23bb501","9543cddb-bdd2-4a8c-beed-a04ab0c6a687"]}}
2026-07-17T15:21:39.486Z - [Leads] [Leads] Violations found: 0
2026-07-17T15:22:31.248Z - [Leads] Entered getViolations
2026-07-17T15:22:31.252Z - [Leads] User: fc139c17-d8ba-40f0-8fc0-de857274c943, Role: admin
2026-07-17T15:22:31.253Z - [Leads] Fetching visible users...
2026-07-17T15:22:31.797Z - [Leads] Visible users found: 5
2026-07-17T15:22:31.799Z - [Leads] [Leads] Querying Prisma with where: {"rotationViolation":true,"isDeleted":false,"organisationId":"23d99450-83e7-4382-9312-d07f083447c0","previousOwnerId":{"in":["fc139c17-d8ba-40f0-8fc0-de857274c943","e910d0ee-3bcc-4c46-82f8-4f696dd15078","a05b52ee-a5e2-4523-866f-fa6941e787a1","a2d5ddb4-f3f3-4638-882b-b1f4e23bb501","9543cddb-bdd2-4a8c-beed-a04ab0c6a687"]}}
2026-07-17T15:22:31.881Z - [Leads] [Leads] Violations found: 0
2026-07-17T15:36:59.903Z - [Leads] Entered getViolations
2026-07-17T15:36:59.906Z - [Leads] User: fc139c17-d8ba-40f0-8fc0-de857274c943, Role: admin
2026-07-17T15:36:59.912Z - [Leads] Fetching visible users...
2026-07-17T15:37:01.570Z - [Leads] Visible users found: 16
2026-07-17T15:37:01.584Z - [Leads] [Leads] Querying Prisma with where: {"rotationViolation":true,"isDeleted":false,"organisationId":"23d99450-83e7-4382-9312-d07f083447c0","previousOwnerId":{"in":["fc139c17-d8ba-40f0-8fc0-de857274c943","e910d0ee-3bcc-4c46-82f8-4f696dd15078","a05b52ee-a5e2-4523-866f-fa6941e787a1","a2d5ddb4-f3f3-4638-882b-b1f4e23bb501","6d5e601a-d676-4cc6-a860-1a65d3734dab","9543cddb-bdd2-4a8c-beed-a04ab0c6a687","c68a8236-7b93-4ff3-be69-01297ecfaceb","3b2c2b6a-7ec1-48cb-b98e-4ce026c6a984","2dc472bd-b2a9-4f5b-9066-b0561963cafe","941754a0-1107-4c7c-b7db-980d23df8557","5dac5c27-9d02-455e-bb18-022d0f9afc43","a98aa35e-414a-4939-b425-e0455bfe7eb7","59c25921-95e6-45bd-b7ad-0a07d7079537","6fbc44cd-4167-4571-8198-953e7281a059","9bd78fcd-deeb-4106-a5ec-68a6df672b97","4a6fae60-0298-4026-b0b6-378ed0ec880b"]}}
2026-07-17T15:37:01.737Z - [Leads] [Leads] Violations found: 0
2026-07-17T15:38:03.343Z - [Leads] Entered getViolations
2026-07-17T15:38:03.368Z - [Leads] User: fc139c17-d8ba-40f0-8fc0-de857274c943, Role: admin
2026-07-17T15:38:03.378Z - [Leads] Fetching visible users...
2026-07-17T15:38:05.412Z - [Leads] Visible users found: 16
2026-07-17T15:38:05.417Z - [Leads] [Leads] Querying Prisma with where: {"rotationViolation":true,"isDeleted":false,"organisationId":"23d99450-83e7-4382-9312-d07f083447c0","previousOwnerId":{"in":["fc139c17-d8ba-40f0-8fc0-de857274c943","e910d0ee-3bcc-4c46-82f8-4f696dd15078","a05b52ee-a5e2-4523-866f-fa6941e787a1","a2d5ddb4-f3f3-4638-882b-b1f4e23bb501","6d5e601a-d676-4cc6-a860-1a65d3734dab","9543cddb-bdd2-4a8c-beed-a04ab0c6a687","c68a8236-7b93-4ff3-be69-01297ecfaceb","3b2c2b6a-7ec1-48cb-b98e-4ce026c6a984","2dc472bd-b2a9-4f5b-9066-b0561963cafe","941754a0-1107-4c7c-b7db-980d23df8557","5dac5c27-9d02-455e-bb18-022d0f9afc43","a98aa35e-414a-4939-b425-e0455bfe7eb7","59c25921-95e6-45bd-b7ad-0a07d7079537","6fbc44cd-4167-4571-8198-953e7281a059","9bd78fcd-deeb-4106-a5ec-68a6df672b97","4a6fae60-0298-4026-b0b6-378ed0ec880b"]}}
2026-07-17T15:38:05.504Z - [Leads] [Leads] Violations found: 0
2026-07-17T15:39:05.993Z - [Leads] Entered getViolations
2026-07-17T15:39:05.995Z - [Leads] User: fc139c17-d8ba-40f0-8fc0-de857274c943, Role: admin
2026-07-17T15:39:05.997Z - [Leads] Fetching visible users...
2026-07-17T15:39:06.715Z - [Leads] Visible users found: 16
2026-07-17T15:39:06.721Z - [Leads] [Leads] Querying Prisma with where: {"rotationViolation":true,"isDeleted":false,"organisationId":"23d99450-83e7-4382-9312-d07f083447c0","previousOwnerId":{"in":["fc139c17-d8ba-40f0-8fc0-de857274c943","e910d0ee-3bcc-4c46-82f8-4f696dd15078","a05b52ee-a5e2-4523-866f-fa6941e787a1","a2d5ddb4-f3f3-4638-882b-b1f4e23bb501","6d5e601a-d676-4cc6-a860-1a65d3734dab","9543cddb-bdd2-4a8c-beed-a04ab0c6a687","c68a8236-7b93-4ff3-be69-01297ecfaceb","3b2c2b6a-7ec1-48cb-b98e-4ce026c6a984","2dc472bd-b2a9-4f5b-9066-b0561963cafe","941754a0-1107-4c7c-b7db-980d23df8557","5dac5c27-9d02-455e-bb18-022d0f9afc43","a98aa35e-414a-4939-b425-e0455bfe7eb7","59c25921-95e6-45bd-b7ad-0a07d7079537","6fbc44cd-4167-4571-8198-953e7281a059","9bd78fcd-deeb-4106-a5ec-68a6df672b97","4a6fae60-0298-4026-b0b6-378ed0ec880b"]}}
2026-07-17T15:39:06.803Z - [Leads] [Leads] Violations found: 0
2026-07-17T15:40:07.015Z - [Leads] Entered getViolations
2026-07-17T15:40:07.018Z - [Leads] User: fc139c17-d8ba-40f0-8fc0-de857274c943, Role: admin
2026-07-17T15:40:07.020Z - [Leads] Fetching visible users...
2026-07-17T15:40:07.770Z - [Leads] Visible users found: 16
2026-07-17T15:40:07.773Z - [Leads] [Leads] Querying Prisma with where: {"rotationViolation":true,"isDeleted":false,"organisationId":"23d99450-83e7-4382-9312-d07f083447c0","previousOwnerId":{"in":["fc139c17-d8ba-40f0-8fc0-de857274c943","e910d0ee-3bcc-4c46-82f8-4f696dd15078","a05b52ee-a5e2-4523-866f-fa6941e787a1","a2d5ddb4-f3f3-4638-882b-b1f4e23bb501","6d5e601a-d676-4cc6-a860-1a65d3734dab","9543cddb-bdd2-4a8c-beed-a04ab0c6a687","c68a8236-7b93-4ff3-be69-01297ecfaceb","3b2c2b6a-7ec1-48cb-b98e-4ce026c6a984","2dc472bd-b2a9-4f5b-9066-b0561963cafe","941754a0-1107-4c7c-b7db-980d23df8557","5dac5c27-9d02-455e-bb18-022d0f9afc43","a98aa35e-414a-4939-b425-e0455bfe7eb7","59c25921-95e6-45bd-b7ad-0a07d7079537","6fbc44cd-4167-4571-8198-953e7281a059","9bd78fcd-deeb-4106-a5ec-68a6df672b97","4a6fae60-0298-4026-b0b6-378ed0ec880b"]}}
2026-07-17T15:40:07.830Z - [Leads] [Leads] Violations found: 0
2026-07-17T15:41:08.063Z - [Leads] Entered getViolations
2026-07-17T15:41:08.066Z - [Leads] User: fc139c17-d8ba-40f0-8fc0-de857274c943, Role: admin
2026-07-17T15:41:08.068Z - [Leads] Fetching visible users...
2026-07-17T15:41:08.827Z - [Leads] Visible users found: 15
2026-07-17T15:41:08.831Z - [Leads] [Leads] Querying Prisma with where: {"rotationViolation":true,"isDeleted":false,"organisationId":"23d99450-83e7-4382-9312-d07f083447c0","previousOwnerId":{"in":["fc139c17-d8ba-40f0-8fc0-de857274c943","a05b52ee-a5e2-4523-866f-fa6941e787a1","a2d5ddb4-f3f3-4638-882b-b1f4e23bb501","6d5e601a-d676-4cc6-a860-1a65d3734dab","9543cddb-bdd2-4a8c-beed-a04ab0c6a687","c68a8236-7b93-4ff3-be69-01297ecfaceb","3b2c2b6a-7ec1-48cb-b98e-4ce026c6a984","2dc472bd-b2a9-4f5b-9066-b0561963cafe","941754a0-1107-4c7c-b7db-980d23df8557","5dac5c27-9d02-455e-bb18-022d0f9afc43","a98aa35e-414a-4939-b425-e0455bfe7eb7","59c25921-95e6-45bd-b7ad-0a07d7079537","6fbc44cd-4167-4571-8198-953e7281a059","9bd78fcd-deeb-4106-a5ec-68a6df672b97","4a6fae60-0298-4026-b0b6-378ed0ec880b"]}}
2026-07-17T15:41:08.917Z - [Leads] [Leads] Violations found: 0
2026-07-17T15:46:30.746Z - [Leads] Entered getViolations
2026-07-17T15:46:30.749Z - [Leads] User: fc139c17-d8ba-40f0-8fc0-de857274c943, Role: admin
2026-07-17T15:46:30.752Z - [Leads] Fetching visible users...
2026-07-17T15:46:31.886Z - [Leads] Visible users found: 13
2026-07-17T15:46:31.891Z - [Leads] [Leads] Querying Prisma with where: {"rotationViolation":true,"isDeleted":false,"organisationId":"23d99450-83e7-4382-9312-d07f083447c0","previousOwnerId":{"in":["fc139c17-d8ba-40f0-8fc0-de857274c943","a05b52ee-a5e2-4523-866f-fa6941e787a1","6d5e601a-d676-4cc6-a860-1a65d3734dab","c68a8236-7b93-4ff3-be69-01297ecfaceb","3b2c2b6a-7ec1-48cb-b98e-4ce026c6a984","2dc472bd-b2a9-4f5b-9066-b0561963cafe","941754a0-1107-4c7c-b7db-980d23df8557","5dac5c27-9d02-455e-bb18-022d0f9afc43","a98aa35e-414a-4939-b425-e0455bfe7eb7","59c25921-95e6-45bd-b7ad-0a07d7079537","6fbc44cd-4167-4571-8198-953e7281a059","9bd78fcd-deeb-4106-a5ec-68a6df672b97","4a6fae60-0298-4026-b0b6-378ed0ec880b"]}}
2026-07-17T15:46:31.985Z - [Leads] [Leads] Violations found: 0
2026-07-17T15:52:56.346Z - [Leads] Entered getViolations
2026-07-17T15:52:56.358Z - [Leads] User: fc139c17-d8ba-40f0-8fc0-de857274c943, Role: admin
2026-07-17T15:52:56.368Z - [Leads] Fetching visible users...
2026-07-17T15:52:58.295Z - [Leads] Visible users found: 13
2026-07-17T15:52:58.328Z - [Leads] [Leads] Querying Prisma with where: {"rotationViolation":true,"isDeleted":false,"organisationId":"23d99450-83e7-4382-9312-d07f083447c0","previousOwnerId":{"in":["fc139c17-d8ba-40f0-8fc0-de857274c943","a05b52ee-a5e2-4523-866f-fa6941e787a1","6d5e601a-d676-4cc6-a860-1a65d3734dab","c68a8236-7b93-4ff3-be69-01297ecfaceb","3b2c2b6a-7ec1-48cb-b98e-4ce026c6a984","2dc472bd-b2a9-4f5b-9066-b0561963cafe","941754a0-1107-4c7c-b7db-980d23df8557","5dac5c27-9d02-455e-bb18-022d0f9afc43","a98aa35e-414a-4939-b425-e0455bfe7eb7","59c25921-95e6-45bd-b7ad-0a07d7079537","6fbc44cd-4167-4571-8198-953e7281a059","9bd78fcd-deeb-4106-a5ec-68a6df672b97","4a6fae60-0298-4026-b0b6-378ed0ec880b"]}}
2026-07-17T15:52:58.472Z - [Leads] [Leads] Violations found: 0
2026-07-17T15:54:23.766Z - [Leads] Entered getViolations
2026-07-17T15:54:23.770Z - [Leads] User: fc139c17-d8ba-40f0-8fc0-de857274c943, Role: admin
2026-07-17T15:54:23.773Z - [Leads] Fetching visible users...
2026-07-17T15:54:24.981Z - [Leads] Visible users found: 13
2026-07-17T15:54:25.002Z - [Leads] [Leads] Querying Prisma with where: {"rotationViolation":true,"isDeleted":false,"organisationId":"23d99450-83e7-4382-9312-d07f083447c0","previousOwnerId":{"in":["fc139c17-d8ba-40f0-8fc0-de857274c943","a05b52ee-a5e2-4523-866f-fa6941e787a1","6d5e601a-d676-4cc6-a860-1a65d3734dab","c68a8236-7b93-4ff3-be69-01297ecfaceb","3b2c2b6a-7ec1-48cb-b98e-4ce026c6a984","2dc472bd-b2a9-4f5b-9066-b0561963cafe","941754a0-1107-4c7c-b7db-980d23df8557","5dac5c27-9d02-455e-bb18-022d0f9afc43","a98aa35e-414a-4939-b425-e0455bfe7eb7","59c25921-95e6-45bd-b7ad-0a07d7079537","6fbc44cd-4167-4571-8198-953e7281a059","9bd78fcd-deeb-4106-a5ec-68a6df672b97","4a6fae60-0298-4026-b0b6-378ed0ec880b"]}}
2026-07-17T15:54:25.117Z - [Leads] [Leads] Violations found: 0
2026-07-17T15:55:26.290Z - [Leads] Entered getViolations
2026-07-17T15:55:26.314Z - [Leads] User: fc139c17-d8ba-40f0-8fc0-de857274c943, Role: admin
2026-07-17T15:55:26.358Z - [Leads] Fetching visible users...
2026-07-17T15:55:27.641Z - [Leads] Visible users found: 12
2026-07-17T15:55:27.675Z - [Leads] [Leads] Querying Prisma with where: {"rotationViolation":true,"isDeleted":false,"organisationId":"23d99450-83e7-4382-9312-d07f083447c0","previousOwnerId":{"in":["fc139c17-d8ba-40f0-8fc0-de857274c943","6d5e601a-d676-4cc6-a860-1a65d3734dab","c68a8236-7b93-4ff3-be69-01297ecfaceb","3b2c2b6a-7ec1-48cb-b98e-4ce026c6a984","2dc472bd-b2a9-4f5b-9066-b0561963cafe","941754a0-1107-4c7c-b7db-980d23df8557","5dac5c27-9d02-455e-bb18-022d0f9afc43","a98aa35e-414a-4939-b425-e0455bfe7eb7","59c25921-95e6-45bd-b7ad-0a07d7079537","6fbc44cd-4167-4571-8198-953e7281a059","9bd78fcd-deeb-4106-a5ec-68a6df672b97","4a6fae60-0298-4026-b0b6-378ed0ec880b"]}}
2026-07-17T15:55:27.785Z - [Leads] [Leads] Violations found: 0
2026-07-17T15:56:45.585Z - [Leads] Entered getViolations
2026-07-17T15:56:45.589Z - [Leads] User: 6d5e601a-d676-4cc6-a860-1a65d3734dab, Role: admin
2026-07-17T15:56:45.593Z - [Leads] Fetching visible users...
2026-07-17T15:56:46.012Z - Entered getDashboardStats
2026-07-17T15:56:46.017Z - [Analytics] User: 6d5e601a-d676-4cc6-a860-1a65d3734dab, Org: 23d99450-83e7-4382-9312-d07f083447c0, SuperAdmin: false
2026-07-17T15:56:46.029Z - [Analytics] Importing hierarchyUtils...
2026-07-17T15:56:46.031Z - [Analytics] Fetching visibleUserIds...
2026-07-17T15:56:46.491Z - [Leads] Visible users found: 11
2026-07-17T15:56:46.500Z - [Leads] [Leads] Querying Prisma with where: {"rotationViolation":true,"isDeleted":false,"organisationId":"23d99450-83e7-4382-9312-d07f083447c0","previousOwnerId":{"in":["6d5e601a-d676-4cc6-a860-1a65d3734dab","c68a8236-7b93-4ff3-be69-01297ecfaceb","3b2c2b6a-7ec1-48cb-b98e-4ce026c6a984","2dc472bd-b2a9-4f5b-9066-b0561963cafe","941754a0-1107-4c7c-b7db-980d23df8557","5dac5c27-9d02-455e-bb18-022d0f9afc43","a98aa35e-414a-4939-b425-e0455bfe7eb7","59c25921-95e6-45bd-b7ad-0a07d7079537","6fbc44cd-4167-4571-8198-953e7281a059","9bd78fcd-deeb-4106-a5ec-68a6df672b97","4a6fae60-0298-4026-b0b6-378ed0ec880b"]}}
2026-07-17T15:56:46.592Z - [Leads] [Leads] Violations found: 0
2026-07-17T15:56:46.730Z - [Analytics] Visible users: 11
2026-07-17T16:03:37.050Z - [Leads] Entered getViolations
2026-07-17T16:03:37.119Z - [Leads] User: 6d5e601a-d676-4cc6-a860-1a65d3734dab, Role: admin
2026-07-17T16:03:37.199Z - [Leads] Fetching visible users...
2026-07-17T16:03:38.469Z - [Leads] Visible users found: 11
2026-07-17T16:03:38.483Z - [Leads] [Leads] Querying Prisma with where: {"rotationViolation":true,"isDeleted":false,"organisationId":"23d99450-83e7-4382-9312-d07f083447c0","previousOwnerId":{"in":["6d5e601a-d676-4cc6-a860-1a65d3734dab","c68a8236-7b93-4ff3-be69-01297ecfaceb","3b2c2b6a-7ec1-48cb-b98e-4ce026c6a984","2dc472bd-b2a9-4f5b-9066-b0561963cafe","941754a0-1107-4c7c-b7db-980d23df8557","5dac5c27-9d02-455e-bb18-022d0f9afc43","a98aa35e-414a-4939-b425-e0455bfe7eb7","59c25921-95e6-45bd-b7ad-0a07d7079537","6fbc44cd-4167-4571-8198-953e7281a059","9bd78fcd-deeb-4106-a5ec-68a6df672b97","4a6fae60-0298-4026-b0b6-378ed0ec880b"]}}
2026-07-17T16:03:38.648Z - [Leads] [Leads] Violations found: 0
2026-07-17T16:03:58.790Z - [Leads] Entered getViolations
2026-07-17T16:03:58.838Z - [Leads] User: 6d5e601a-d676-4cc6-a860-1a65d3734dab, Role: admin
2026-07-17T16:03:58.841Z - [Leads] Fetching visible users...
2026-07-17T16:04:02.334Z - [Leads] Visible users found: 11
2026-07-17T16:04:02.337Z - [Leads] [Leads] Querying Prisma with where: {"rotationViolation":true,"isDeleted":false,"organisationId":"23d99450-83e7-4382-9312-d07f083447c0","previousOwnerId":{"in":["6d5e601a-d676-4cc6-a860-1a65d3734dab","c68a8236-7b93-4ff3-be69-01297ecfaceb","3b2c2b6a-7ec1-48cb-b98e-4ce026c6a984","2dc472bd-b2a9-4f5b-9066-b0561963cafe","941754a0-1107-4c7c-b7db-980d23df8557","5dac5c27-9d02-455e-bb18-022d0f9afc43","a98aa35e-414a-4939-b425-e0455bfe7eb7","59c25921-95e6-45bd-b7ad-0a07d7079537","6fbc44cd-4167-4571-8198-953e7281a059","9bd78fcd-deeb-4106-a5ec-68a6df672b97","4a6fae60-0298-4026-b0b6-378ed0ec880b"]}}
2026-07-17T16:04:02.653Z - [Leads] [Leads] Violations found: 0
2026-07-17T16:23:21.838Z - [Leads] Entered getViolations
2026-07-17T16:23:21.853Z - [Leads] User: 6d5e601a-d676-4cc6-a860-1a65d3734dab, Role: admin
2026-07-17T16:23:21.864Z - [Leads] Fetching visible users...
2026-07-17T16:23:23.244Z - [Leads] Visible users found: 11
2026-07-17T16:23:23.257Z - [Leads] [Leads] Querying Prisma with where: {"rotationViolation":true,"isDeleted":false,"organisationId":"23d99450-83e7-4382-9312-d07f083447c0","previousOwnerId":{"in":["6d5e601a-d676-4cc6-a860-1a65d3734dab","c68a8236-7b93-4ff3-be69-01297ecfaceb","3b2c2b6a-7ec1-48cb-b98e-4ce026c6a984","2dc472bd-b2a9-4f5b-9066-b0561963cafe","941754a0-1107-4c7c-b7db-980d23df8557","5dac5c27-9d02-455e-bb18-022d0f9afc43","a98aa35e-414a-4939-b425-e0455bfe7eb7","59c25921-95e6-45bd-b7ad-0a07d7079537","6fbc44cd-4167-4571-8198-953e7281a059","9bd78fcd-deeb-4106-a5ec-68a6df672b97","4a6fae60-0298-4026-b0b6-378ed0ec880b"]}}
2026-07-17T16:23:23.418Z - [Leads] [Leads] Violations found: 0
2026-07-17T16:24:48.540Z - [Leads] Entered getViolations
2026-07-17T16:24:48.544Z - [Leads] User: 6d5e601a-d676-4cc6-a860-1a65d3734dab, Role: admin
2026-07-17T16:24:48.547Z - [Leads] Fetching visible users...
2026-07-17T16:24:49.292Z - [Leads] Visible users found: 11
2026-07-17T16:24:49.293Z - [Leads] [Leads] Querying Prisma with where: {"rotationViolation":true,"isDeleted":false,"organisationId":"23d99450-83e7-4382-9312-d07f083447c0","previousOwnerId":{"in":["6d5e601a-d676-4cc6-a860-1a65d3734dab","c68a8236-7b93-4ff3-be69-01297ecfaceb","3b2c2b6a-7ec1-48cb-b98e-4ce026c6a984","2dc472bd-b2a9-4f5b-9066-b0561963cafe","941754a0-1107-4c7c-b7db-980d23df8557","5dac5c27-9d02-455e-bb18-022d0f9afc43","a98aa35e-414a-4939-b425-e0455bfe7eb7","59c25921-95e6-45bd-b7ad-0a07d7079537","6fbc44cd-4167-4571-8198-953e7281a059","9bd78fcd-deeb-4106-a5ec-68a6df672b97","4a6fae60-0298-4026-b0b6-378ed0ec880b"]}}
2026-07-17T16:24:49.387Z - [Leads] [Leads] Violations found: 0
2026-07-17T16:26:23.480Z - [Leads] Entered getViolations
2026-07-17T16:26:23.490Z - [Leads] User: 6d5e601a-d676-4cc6-a860-1a65d3734dab, Role: admin
2026-07-17T16:26:23.494Z - [Leads] Fetching visible users...
2026-07-17T16:26:24.488Z - [Leads] Visible users found: 11
2026-07-17T16:26:24.493Z - [Leads] [Leads] Querying Prisma with where: {"rotationViolation":true,"isDeleted":false,"organisationId":"23d99450-83e7-4382-9312-d07f083447c0","previousOwnerId":{"in":["6d5e601a-d676-4cc6-a860-1a65d3734dab","c68a8236-7b93-4ff3-be69-01297ecfaceb","3b2c2b6a-7ec1-48cb-b98e-4ce026c6a984","2dc472bd-b2a9-4f5b-9066-b0561963cafe","941754a0-1107-4c7c-b7db-980d23df8557","5dac5c27-9d02-455e-bb18-022d0f9afc43","a98aa35e-414a-4939-b425-e0455bfe7eb7","59c25921-95e6-45bd-b7ad-0a07d7079537","6fbc44cd-4167-4571-8198-953e7281a059","9bd78fcd-deeb-4106-a5ec-68a6df672b97","4a6fae60-0298-4026-b0b6-378ed0ec880b"]}}
2026-07-17T16:26:24.657Z - [Leads] [Leads] Violations found: 0
2026-07-17T16:28:24.983Z - [Leads] Entered getViolations
2026-07-17T16:28:24.990Z - [Leads] User: 6d5e601a-d676-4cc6-a860-1a65d3734dab, Role: admin
2026-07-17T16:28:24.994Z - [Leads] Fetching visible users...
2026-07-17T16:28:25.574Z - [Leads] Visible users found: 11
2026-07-17T16:28:25.582Z - [Leads] [Leads] Querying Prisma with where: {"rotationViolation":true,"isDeleted":false,"organisationId":"23d99450-83e7-4382-9312-d07f083447c0","previousOwnerId":{"in":["6d5e601a-d676-4cc6-a860-1a65d3734dab","c68a8236-7b93-4ff3-be69-01297ecfaceb","3b2c2b6a-7ec1-48cb-b98e-4ce026c6a984","2dc472bd-b2a9-4f5b-9066-b0561963cafe","941754a0-1107-4c7c-b7db-980d23df8557","5dac5c27-9d02-455e-bb18-022d0f9afc43","a98aa35e-414a-4939-b425-e0455bfe7eb7","59c25921-95e6-45bd-b7ad-0a07d7079537","6fbc44cd-4167-4571-8198-953e7281a059","9bd78fcd-deeb-4106-a5ec-68a6df672b97","4a6fae60-0298-4026-b0b6-378ed0ec880b"]}}
2026-07-17T16:28:25.639Z - [Leads] [Leads] Violations found: 0
2026-07-17T16:42:37.296Z - [Leads] Entered getViolations
2026-07-17T16:42:37.301Z - [Leads] User: 6d5e601a-d676-4cc6-a860-1a65d3734dab, Role: admin
2026-07-17T16:42:37.303Z - [Leads] Fetching visible users...
2026-07-17T16:42:38.926Z - [Leads] Visible users found: 11
2026-07-17T16:42:38.929Z - [Leads] [Leads] Querying Prisma with where: {"rotationViolation":true,"isDeleted":false,"organisationId":"23d99450-83e7-4382-9312-d07f083447c0","previousOwnerId":{"in":["6d5e601a-d676-4cc6-a860-1a65d3734dab","c68a8236-7b93-4ff3-be69-01297ecfaceb","3b2c2b6a-7ec1-48cb-b98e-4ce026c6a984","2dc472bd-b2a9-4f5b-9066-b0561963cafe","941754a0-1107-4c7c-b7db-980d23df8557","5dac5c27-9d02-455e-bb18-022d0f9afc43","a98aa35e-414a-4939-b425-e0455bfe7eb7","59c25921-95e6-45bd-b7ad-0a07d7079537","6fbc44cd-4167-4571-8198-953e7281a059","9bd78fcd-deeb-4106-a5ec-68a6df672b97","4a6fae60-0298-4026-b0b6-378ed0ec880b"]}}
2026-07-17T16:42:39.090Z - [Leads] [Leads] Violations found: 0
2026-07-17T17:03:36.011Z - [Leads] Entered getViolations
2026-07-17T17:03:36.023Z - [Leads] User: 6d5e601a-d676-4cc6-a860-1a65d3734dab, Role: admin
2026-07-17T17:03:36.064Z - [Leads] Fetching visible users...
2026-07-17T17:03:36.829Z - [Leads] Visible users found: 11
2026-07-17T17:03:36.834Z - [Leads] [Leads] Querying Prisma with where: {"rotationViolation":true,"isDeleted":false,"organisationId":"23d99450-83e7-4382-9312-d07f083447c0","previousOwnerId":{"in":["6d5e601a-d676-4cc6-a860-1a65d3734dab","c68a8236-7b93-4ff3-be69-01297ecfaceb","3b2c2b6a-7ec1-48cb-b98e-4ce026c6a984","2dc472bd-b2a9-4f5b-9066-b0561963cafe","941754a0-1107-4c7c-b7db-980d23df8557","5dac5c27-9d02-455e-bb18-022d0f9afc43","a98aa35e-414a-4939-b425-e0455bfe7eb7","59c25921-95e6-45bd-b7ad-0a07d7079537","6fbc44cd-4167-4571-8198-953e7281a059","9bd78fcd-deeb-4106-a5ec-68a6df672b97","4a6fae60-0298-4026-b0b6-378ed0ec880b"]}}
2026-07-17T17:03:36.927Z - [Leads] [Leads] Violations found: 0
2026-07-17T17:14:58.752Z - [Leads] Entered getViolations
2026-07-17T17:14:58.766Z - [Leads] User: fc139c17-d8ba-40f0-8fc0-de857274c943, Role: admin
2026-07-17T17:14:58.776Z - [Leads] Fetching visible users...
2026-07-17T17:15:00.176Z - Entered getDashboardStats
2026-07-17T17:15:00.196Z - [Analytics] User: fc139c17-d8ba-40f0-8fc0-de857274c943, Org: 23d99450-83e7-4382-9312-d07f083447c0, SuperAdmin: false
2026-07-17T17:15:00.220Z - [Analytics] Importing hierarchyUtils...
2026-07-17T17:15:00.224Z - [Analytics] Fetching visibleUserIds...
2026-07-17T17:15:05.868Z - [Leads] Visible users found: 12
2026-07-17T17:15:05.872Z - [Leads] [Leads] Querying Prisma with where: {"rotationViolation":true,"isDeleted":false,"organisationId":"23d99450-83e7-4382-9312-d07f083447c0","previousOwnerId":{"in":["fc139c17-d8ba-40f0-8fc0-de857274c943","6d5e601a-d676-4cc6-a860-1a65d3734dab","c68a8236-7b93-4ff3-be69-01297ecfaceb","3b2c2b6a-7ec1-48cb-b98e-4ce026c6a984","2dc472bd-b2a9-4f5b-9066-b0561963cafe","941754a0-1107-4c7c-b7db-980d23df8557","5dac5c27-9d02-455e-bb18-022d0f9afc43","a98aa35e-414a-4939-b425-e0455bfe7eb7","59c25921-95e6-45bd-b7ad-0a07d7079537","6fbc44cd-4167-4571-8198-953e7281a059","9bd78fcd-deeb-4106-a5ec-68a6df672b97","4a6fae60-0298-4026-b0b6-378ed0ec880b"]}}
2026-07-17T17:15:05.893Z - [Analytics] Visible users: 12
2026-07-17T17:15:06.590Z - [Leads] [Leads] Violations found: 0
2026-07-17T17:16:06.937Z - [Leads] Entered getViolations
2026-07-17T17:16:06.942Z - [Leads] User: fc139c17-d8ba-40f0-8fc0-de857274c943, Role: admin
2026-07-17T17:16:06.945Z - [Leads] Fetching visible users...
2026-07-17T17:16:07.773Z - [Leads] Visible users found: 12
2026-07-17T17:16:07.781Z - [Leads] [Leads] Querying Prisma with where: {"rotationViolation":true,"isDeleted":false,"organisationId":"23d99450-83e7-4382-9312-d07f083447c0","previousOwnerId":{"in":["fc139c17-d8ba-40f0-8fc0-de857274c943","6d5e601a-d676-4cc6-a860-1a65d3734dab","c68a8236-7b93-4ff3-be69-01297ecfaceb","3b2c2b6a-7ec1-48cb-b98e-4ce026c6a984","2dc472bd-b2a9-4f5b-9066-b0561963cafe","941754a0-1107-4c7c-b7db-980d23df8557","5dac5c27-9d02-455e-bb18-022d0f9afc43","a98aa35e-414a-4939-b425-e0455bfe7eb7","59c25921-95e6-45bd-b7ad-0a07d7079537","6fbc44cd-4167-4571-8198-953e7281a059","9bd78fcd-deeb-4106-a5ec-68a6df672b97","4a6fae60-0298-4026-b0b6-378ed0ec880b"]}}
2026-07-17T17:16:07.898Z - [Leads] [Leads] Violations found: 0
2026-07-17T17:17:08.169Z - [Leads] Entered getViolations
2026-07-17T17:17:08.172Z - [Leads] User: fc139c17-d8ba-40f0-8fc0-de857274c943, Role: admin
2026-07-17T17:17:08.176Z - [Leads] Fetching visible users...
2026-07-17T17:17:09.342Z - [Leads] Visible users found: 12
2026-07-17T17:17:09.378Z - [Leads] [Leads] Querying Prisma with where: {"rotationViolation":true,"isDeleted":false,"organisationId":"23d99450-83e7-4382-9312-d07f083447c0","previousOwnerId":{"in":["fc139c17-d8ba-40f0-8fc0-de857274c943","6d5e601a-d676-4cc6-a860-1a65d3734dab","c68a8236-7b93-4ff3-be69-01297ecfaceb","3b2c2b6a-7ec1-48cb-b98e-4ce026c6a984","2dc472bd-b2a9-4f5b-9066-b0561963cafe","941754a0-1107-4c7c-b7db-980d23df8557","5dac5c27-9d02-455e-bb18-022d0f9afc43","a98aa35e-414a-4939-b425-e0455bfe7eb7","59c25921-95e6-45bd-b7ad-0a07d7079537","6fbc44cd-4167-4571-8198-953e7281a059","9bd78fcd-deeb-4106-a5ec-68a6df672b97","4a6fae60-0298-4026-b0b6-378ed0ec880b"]}}
2026-07-17T17:17:09.588Z - [Leads] [Leads] Violations found: 0
2026-07-17T17:18:09.913Z - [Leads] Entered getViolations
2026-07-17T17:18:09.918Z - [Leads] User: fc139c17-d8ba-40f0-8fc0-de857274c943, Role: admin
2026-07-17T17:18:09.920Z - [Leads] Fetching visible users...
2026-07-17T17:18:10.559Z - [Leads] Visible users found: 12
2026-07-17T17:18:10.562Z - [Leads] [Leads] Querying Prisma with where: {"rotationViolation":true,"isDeleted":false,"organisationId":"23d99450-83e7-4382-9312-d07f083447c0","previousOwnerId":{"in":["fc139c17-d8ba-40f0-8fc0-de857274c943","6d5e601a-d676-4cc6-a860-1a65d3734dab","c68a8236-7b93-4ff3-be69-01297ecfaceb","3b2c2b6a-7ec1-48cb-b98e-4ce026c6a984","2dc472bd-b2a9-4f5b-9066-b0561963cafe","941754a0-1107-4c7c-b7db-980d23df8557","5dac5c27-9d02-455e-bb18-022d0f9afc43","a98aa35e-414a-4939-b425-e0455bfe7eb7","59c25921-95e6-45bd-b7ad-0a07d7079537","6fbc44cd-4167-4571-8198-953e7281a059","9bd78fcd-deeb-4106-a5ec-68a6df672b97","4a6fae60-0298-4026-b0b6-378ed0ec880b"]}}
2026-07-17T17:18:10.607Z - [Leads] [Leads] Violations found: 0
2026-07-17T17:19:11.050Z - [Leads] Entered getViolations
2026-07-17T17:19:11.053Z - [Leads] User: fc139c17-d8ba-40f0-8fc0-de857274c943, Role: admin
2026-07-17T17:19:11.054Z - [Leads] Fetching visible users...
2026-07-17T17:19:11.710Z - [Leads] Visible users found: 12
2026-07-17T17:19:11.713Z - [Leads] [Leads] Querying Prisma with where: {"rotationViolation":true,"isDeleted":false,"organisationId":"23d99450-83e7-4382-9312-d07f083447c0","previousOwnerId":{"in":["fc139c17-d8ba-40f0-8fc0-de857274c943","6d5e601a-d676-4cc6-a860-1a65d3734dab","c68a8236-7b93-4ff3-be69-01297ecfaceb","3b2c2b6a-7ec1-48cb-b98e-4ce026c6a984","2dc472bd-b2a9-4f5b-9066-b0561963cafe","941754a0-1107-4c7c-b7db-980d23df8557","5dac5c27-9d02-455e-bb18-022d0f9afc43","a98aa35e-414a-4939-b425-e0455bfe7eb7","59c25921-95e6-45bd-b7ad-0a07d7079537","6fbc44cd-4167-4571-8198-953e7281a059","9bd78fcd-deeb-4106-a5ec-68a6df672b97","4a6fae60-0298-4026-b0b6-378ed0ec880b"]}}
2026-07-17T17:19:11.760Z - [Leads] [Leads] Violations found: 0
2026-07-17T17:20:12.556Z - [Leads] Entered getViolations
2026-07-17T17:20:12.563Z - [Leads] User: fc139c17-d8ba-40f0-8fc0-de857274c943, Role: admin
2026-07-17T17:20:12.567Z - [Leads] Fetching visible users...
2026-07-17T17:20:13.567Z - [Leads] Visible users found: 12
2026-07-17T17:20:13.581Z - [Leads] [Leads] Querying Prisma with where: {"rotationViolation":true,"isDeleted":false,"organisationId":"23d99450-83e7-4382-9312-d07f083447c0","previousOwnerId":{"in":["fc139c17-d8ba-40f0-8fc0-de857274c943","6d5e601a-d676-4cc6-a860-1a65d3734dab","c68a8236-7b93-4ff3-be69-01297ecfaceb","3b2c2b6a-7ec1-48cb-b98e-4ce026c6a984","2dc472bd-b2a9-4f5b-9066-b0561963cafe","941754a0-1107-4c7c-b7db-980d23df8557","5dac5c27-9d02-455e-bb18-022d0f9afc43","a98aa35e-414a-4939-b425-e0455bfe7eb7","59c25921-95e6-45bd-b7ad-0a07d7079537","6fbc44cd-4167-4571-8198-953e7281a059","9bd78fcd-deeb-4106-a5ec-68a6df672b97","4a6fae60-0298-4026-b0b6-378ed0ec880b"]}}
2026-07-17T17:20:13.743Z - [Leads] [Leads] Violations found: 0
2026-07-17T17:21:14.111Z - [Leads] Entered getViolations
2026-07-17T17:21:14.115Z - [Leads] User: fc139c17-d8ba-40f0-8fc0-de857274c943, Role: admin
2026-07-17T17:21:14.124Z - [Leads] Fetching visible users...
2026-07-17T17:21:15.087Z - [Leads] Visible users found: 12
2026-07-17T17:21:15.091Z - [Leads] [Leads] Querying Prisma with where: {"rotationViolation":true,"isDeleted":false,"organisationId":"23d99450-83e7-4382-9312-d07f083447c0","previousOwnerId":{"in":["fc139c17-d8ba-40f0-8fc0-de857274c943","6d5e601a-d676-4cc6-a860-1a65d3734dab","c68a8236-7b93-4ff3-be69-01297ecfaceb","3b2c2b6a-7ec1-48cb-b98e-4ce026c6a984","2dc472bd-b2a9-4f5b-9066-b0561963cafe","941754a0-1107-4c7c-b7db-980d23df8557","5dac5c27-9d02-455e-bb18-022d0f9afc43","a98aa35e-414a-4939-b425-e0455bfe7eb7","59c25921-95e6-45bd-b7ad-0a07d7079537","6fbc44cd-4167-4571-8198-953e7281a059","9bd78fcd-deeb-4106-a5ec-68a6df672b97","4a6fae60-0298-4026-b0b6-378ed0ec880b"]}}
2026-07-17T17:21:15.238Z - [Leads] [Leads] Violations found: 0
2026-07-17T17:22:15.469Z - [Leads] Entered getViolations
2026-07-17T17:22:15.472Z - [Leads] User: fc139c17-d8ba-40f0-8fc0-de857274c943, Role: admin
2026-07-17T17:22:15.474Z - [Leads] Fetching visible users...
2026-07-17T17:22:16.083Z - [Leads] Visible users found: 12
2026-07-17T17:22:16.088Z - [Leads] [Leads] Querying Prisma with where: {"rotationViolation":true,"isDeleted":false,"organisationId":"23d99450-83e7-4382-9312-d07f083447c0","previousOwnerId":{"in":["fc139c17-d8ba-40f0-8fc0-de857274c943","6d5e601a-d676-4cc6-a860-1a65d3734dab","c68a8236-7b93-4ff3-be69-01297ecfaceb","3b2c2b6a-7ec1-48cb-b98e-4ce026c6a984","2dc472bd-b2a9-4f5b-9066-b0561963cafe","941754a0-1107-4c7c-b7db-980d23df8557","5dac5c27-9d02-455e-bb18-022d0f9afc43","a98aa35e-414a-4939-b425-e0455bfe7eb7","59c25921-95e6-45bd-b7ad-0a07d7079537","6fbc44cd-4167-4571-8198-953e7281a059","9bd78fcd-deeb-4106-a5ec-68a6df672b97","4a6fae60-0298-4026-b0b6-378ed0ec880b"]}}
2026-07-17T17:22:16.388Z - [Leads] [Leads] Violations found: 0
2026-07-17T17:23:16.646Z - [Leads] Entered getViolations
2026-07-17T17:23:16.651Z - [Leads] User: fc139c17-d8ba-40f0-8fc0-de857274c943, Role: admin
2026-07-17T17:23:16.654Z - [Leads] Fetching visible users...
2026-07-17T17:23:17.438Z - [Leads] Visible users found: 12
2026-07-17T17:23:17.451Z - [Leads] [Leads] Querying Prisma with where: {"rotationViolation":true,"isDeleted":false,"organisationId":"23d99450-83e7-4382-9312-d07f083447c0","previousOwnerId":{"in":["fc139c17-d8ba-40f0-8fc0-de857274c943","6d5e601a-d676-4cc6-a860-1a65d3734dab","c68a8236-7b93-4ff3-be69-01297ecfaceb","3b2c2b6a-7ec1-48cb-b98e-4ce026c6a984","2dc472bd-b2a9-4f5b-9066-b0561963cafe","941754a0-1107-4c7c-b7db-980d23df8557","5dac5c27-9d02-455e-bb18-022d0f9afc43","a98aa35e-414a-4939-b425-e0455bfe7eb7","59c25921-95e6-45bd-b7ad-0a07d7079537","6fbc44cd-4167-4571-8198-953e7281a059","9bd78fcd-deeb-4106-a5ec-68a6df672b97","4a6fae60-0298-4026-b0b6-378ed0ec880b"]}}
2026-07-17T17:23:17.506Z - [Leads] [Leads] Violations found: 0
2026-07-17T17:24:17.748Z - [Leads] Entered getViolations
2026-07-17T17:24:17.752Z - [Leads] User: fc139c17-d8ba-40f0-8fc0-de857274c943, Role: admin
2026-07-17T17:24:17.754Z - [Leads] Fetching visible users...
2026-07-17T17:24:18.498Z - [Leads] Visible users found: 12
2026-07-17T17:24:18.501Z - [Leads] [Leads] Querying Prisma with where: {"rotationViolation":true,"isDeleted":false,"organisationId":"23d99450-83e7-4382-9312-d07f083447c0","previousOwnerId":{"in":["fc139c17-d8ba-40f0-8fc0-de857274c943","6d5e601a-d676-4cc6-a860-1a65d3734dab","c68a8236-7b93-4ff3-be69-01297ecfaceb","3b2c2b6a-7ec1-48cb-b98e-4ce026c6a984","2dc472bd-b2a9-4f5b-9066-b0561963cafe","941754a0-1107-4c7c-b7db-980d23df8557","5dac5c27-9d02-455e-bb18-022d0f9afc43","a98aa35e-414a-4939-b425-e0455bfe7eb7","59c25921-95e6-45bd-b7ad-0a07d7079537","6fbc44cd-4167-4571-8198-953e7281a059","9bd78fcd-deeb-4106-a5ec-68a6df672b97","4a6fae60-0298-4026-b0b6-378ed0ec880b"]}}
2026-07-17T17:24:18.547Z - [Leads] [Leads] Violations found: 0
2026-07-17T17:25:19.310Z - [Leads] Entered getViolations
2026-07-17T17:25:19.312Z - [Leads] User: fc139c17-d8ba-40f0-8fc0-de857274c943, Role: admin
2026-07-17T17:25:19.314Z - [Leads] Fetching visible users...
2026-07-17T17:25:20.213Z - [Leads] Visible users found: 12
2026-07-17T17:25:20.220Z - [Leads] [Leads] Querying Prisma with where: {"rotationViolation":true,"isDeleted":false,"organisationId":"23d99450-83e7-4382-9312-d07f083447c0","previousOwnerId":{"in":["fc139c17-d8ba-40f0-8fc0-de857274c943","6d5e601a-d676-4cc6-a860-1a65d3734dab","c68a8236-7b93-4ff3-be69-01297ecfaceb","3b2c2b6a-7ec1-48cb-b98e-4ce026c6a984","2dc472bd-b2a9-4f5b-9066-b0561963cafe","941754a0-1107-4c7c-b7db-980d23df8557","5dac5c27-9d02-455e-bb18-022d0f9afc43","a98aa35e-414a-4939-b425-e0455bfe7eb7","59c25921-95e6-45bd-b7ad-0a07d7079537","6fbc44cd-4167-4571-8198-953e7281a059","9bd78fcd-deeb-4106-a5ec-68a6df672b97","4a6fae60-0298-4026-b0b6-378ed0ec880b"]}}
2026-07-17T17:25:20.317Z - [Leads] [Leads] Violations found: 0
2026-07-17T17:26:20.613Z - [Leads] Entered getViolations
2026-07-17T17:26:20.616Z - [Leads] User: fc139c17-d8ba-40f0-8fc0-de857274c943, Role: admin
2026-07-17T17:26:20.619Z - [Leads] Fetching visible users...
2026-07-17T17:26:21.347Z - [Leads] Visible users found: 12
2026-07-17T17:26:21.349Z - [Leads] [Leads] Querying Prisma with where: {"rotationViolation":true,"isDeleted":false,"organisationId":"23d99450-83e7-4382-9312-d07f083447c0","previousOwnerId":{"in":["fc139c17-d8ba-40f0-8fc0-de857274c943","6d5e601a-d676-4cc6-a860-1a65d3734dab","c68a8236-7b93-4ff3-be69-01297ecfaceb","3b2c2b6a-7ec1-48cb-b98e-4ce026c6a984","2dc472bd-b2a9-4f5b-9066-b0561963cafe","941754a0-1107-4c7c-b7db-980d23df8557","5dac5c27-9d02-455e-bb18-022d0f9afc43","a98aa35e-414a-4939-b425-e0455bfe7eb7","59c25921-95e6-45bd-b7ad-0a07d7079537","6fbc44cd-4167-4571-8198-953e7281a059","9bd78fcd-deeb-4106-a5ec-68a6df672b97","4a6fae60-0298-4026-b0b6-378ed0ec880b"]}}
2026-07-17T17:26:21.426Z - [Leads] [Leads] Violations found: 0
2026-07-17T17:27:21.687Z - [Leads] Entered getViolations
2026-07-17T17:27:21.692Z - [Leads] User: fc139c17-d8ba-40f0-8fc0-de857274c943, Role: admin
2026-07-17T17:27:21.694Z - [Leads] Fetching visible users...
2026-07-17T17:27:22.476Z - [Leads] Visible users found: 12
2026-07-17T17:27:22.484Z - [Leads] [Leads] Querying Prisma with where: {"rotationViolation":true,"isDeleted":false,"organisationId":"23d99450-83e7-4382-9312-d07f083447c0","previousOwnerId":{"in":["fc139c17-d8ba-40f0-8fc0-de857274c943","6d5e601a-d676-4cc6-a860-1a65d3734dab","c68a8236-7b93-4ff3-be69-01297ecfaceb","3b2c2b6a-7ec1-48cb-b98e-4ce026c6a984","2dc472bd-b2a9-4f5b-9066-b0561963cafe","941754a0-1107-4c7c-b7db-980d23df8557","5dac5c27-9d02-455e-bb18-022d0f9afc43","a98aa35e-414a-4939-b425-e0455bfe7eb7","59c25921-95e6-45bd-b7ad-0a07d7079537","6fbc44cd-4167-4571-8198-953e7281a059","9bd78fcd-deeb-4106-a5ec-68a6df672b97","4a6fae60-0298-4026-b0b6-378ed0ec880b"]}}
2026-07-17T17:27:22.533Z - [Leads] [Leads] Violations found: 0
2026-07-17T17:28:22.791Z - [Leads] Entered getViolations
2026-07-17T17:28:22.794Z - [Leads] User: fc139c17-d8ba-40f0-8fc0-de857274c943, Role: admin
2026-07-17T17:28:22.796Z - [Leads] Fetching visible users...
2026-07-17T17:28:23.531Z - [Leads] Visible users found: 12
2026-07-17T17:28:23.537Z - [Leads] [Leads] Querying Prisma with where: {"rotationViolation":true,"isDeleted":false,"organisationId":"23d99450-83e7-4382-9312-d07f083447c0","previousOwnerId":{"in":["fc139c17-d8ba-40f0-8fc0-de857274c943","6d5e601a-d676-4cc6-a860-1a65d3734dab","c68a8236-7b93-4ff3-be69-01297ecfaceb","3b2c2b6a-7ec1-48cb-b98e-4ce026c6a984","2dc472bd-b2a9-4f5b-9066-b0561963cafe","941754a0-1107-4c7c-b7db-980d23df8557","5dac5c27-9d02-455e-bb18-022d0f9afc43","a98aa35e-414a-4939-b425-e0455bfe7eb7","59c25921-95e6-45bd-b7ad-0a07d7079537","6fbc44cd-4167-4571-8198-953e7281a059","9bd78fcd-deeb-4106-a5ec-68a6df672b97","4a6fae60-0298-4026-b0b6-378ed0ec880b"]}}
2026-07-17T17:28:23.588Z - [Leads] [Leads] Violations found: 0
2026-07-17T17:29:24.131Z - [Leads] Entered getViolations
2026-07-17T17:29:24.134Z - [Leads] User: fc139c17-d8ba-40f0-8fc0-de857274c943, Role: admin
2026-07-17T17:29:24.137Z - [Leads] Fetching visible users...
2026-07-17T17:29:24.888Z - [Leads] Visible users found: 12
2026-07-17T17:29:24.892Z - [Leads] [Leads] Querying Prisma with where: {"rotationViolation":true,"isDeleted":false,"organisationId":"23d99450-83e7-4382-9312-d07f083447c0","previousOwnerId":{"in":["fc139c17-d8ba-40f0-8fc0-de857274c943","6d5e601a-d676-4cc6-a860-1a65d3734dab","c68a8236-7b93-4ff3-be69-01297ecfaceb","3b2c2b6a-7ec1-48cb-b98e-4ce026c6a984","2dc472bd-b2a9-4f5b-9066-b0561963cafe","941754a0-1107-4c7c-b7db-980d23df8557","5dac5c27-9d02-455e-bb18-022d0f9afc43","a98aa35e-414a-4939-b425-e0455bfe7eb7","59c25921-95e6-45bd-b7ad-0a07d7079537","6fbc44cd-4167-4571-8198-953e7281a059","9bd78fcd-deeb-4106-a5ec-68a6df672b97","4a6fae60-0298-4026-b0b6-378ed0ec880b"]}}
2026-07-17T17:29:24.952Z - [Leads] [Leads] Violations found: 0
2026-07-17T17:30:25.187Z - [Leads] Entered getViolations
2026-07-17T17:30:25.190Z - [Leads] User: fc139c17-d8ba-40f0-8fc0-de857274c943, Role: admin
2026-07-17T17:30:25.192Z - [Leads] Fetching visible users...
2026-07-17T17:30:25.937Z - [Leads] Visible users found: 12
2026-07-17T17:30:25.940Z - [Leads] [Leads] Querying Prisma with where: {"rotationViolation":true,"isDeleted":false,"organisationId":"23d99450-83e7-4382-9312-d07f083447c0","previousOwnerId":{"in":["fc139c17-d8ba-40f0-8fc0-de857274c943","6d5e601a-d676-4cc6-a860-1a65d3734dab","c68a8236-7b93-4ff3-be69-01297ecfaceb","3b2c2b6a-7ec1-48cb-b98e-4ce026c6a984","2dc472bd-b2a9-4f5b-9066-b0561963cafe","941754a0-1107-4c7c-b7db-980d23df8557","5dac5c27-9d02-455e-bb18-022d0f9afc43","a98aa35e-414a-4939-b425-e0455bfe7eb7","59c25921-95e6-45bd-b7ad-0a07d7079537","6fbc44cd-4167-4571-8198-953e7281a059","9bd78fcd-deeb-4106-a5ec-68a6df672b97","4a6fae60-0298-4026-b0b6-378ed0ec880b"]}}
2026-07-17T17:30:26.038Z - [Leads] [Leads] Violations found: 0
2026-07-17T17:31:26.291Z - [Leads] Entered getViolations
2026-07-17T17:31:26.296Z - [Leads] User: fc139c17-d8ba-40f0-8fc0-de857274c943, Role: admin
2026-07-17T17:31:26.298Z - [Leads] Fetching visible users...
2026-07-17T17:31:26.853Z - [Leads] Visible users found: 12
2026-07-17T17:31:26.856Z - [Leads] [Leads] Querying Prisma with where: {"rotationViolation":true,"isDeleted":false,"organisationId":"23d99450-83e7-4382-9312-d07f083447c0","previousOwnerId":{"in":["fc139c17-d8ba-40f0-8fc0-de857274c943","6d5e601a-d676-4cc6-a860-1a65d3734dab","c68a8236-7b93-4ff3-be69-01297ecfaceb","3b2c2b6a-7ec1-48cb-b98e-4ce026c6a984","2dc472bd-b2a9-4f5b-9066-b0561963cafe","941754a0-1107-4c7c-b7db-980d23df8557","5dac5c27-9d02-455e-bb18-022d0f9afc43","a98aa35e-414a-4939-b425-e0455bfe7eb7","59c25921-95e6-45bd-b7ad-0a07d7079537","6fbc44cd-4167-4571-8198-953e7281a059","9bd78fcd-deeb-4106-a5ec-68a6df672b97","4a6fae60-0298-4026-b0b6-378ed0ec880b"]}}
2026-07-17T17:31:26.895Z - [Leads] [Leads] Violations found: 0
2026-07-17T17:32:27.120Z - [Leads] Entered getViolations
2026-07-17T17:32:27.122Z - [Leads] User: fc139c17-d8ba-40f0-8fc0-de857274c943, Role: admin
2026-07-17T17:32:27.125Z - [Leads] Fetching visible users...
2026-07-17T17:32:27.688Z - [Leads] Visible users found: 12
2026-07-17T17:32:27.691Z - [Leads] [Leads] Querying Prisma with where: {"rotationViolation":true,"isDeleted":false,"organisationId":"23d99450-83e7-4382-9312-d07f083447c0","previousOwnerId":{"in":["fc139c17-d8ba-40f0-8fc0-de857274c943","6d5e601a-d676-4cc6-a860-1a65d3734dab","c68a8236-7b93-4ff3-be69-01297ecfaceb","3b2c2b6a-7ec1-48cb-b98e-4ce026c6a984","2dc472bd-b2a9-4f5b-9066-b0561963cafe","941754a0-1107-4c7c-b7db-980d23df8557","5dac5c27-9d02-455e-bb18-022d0f9afc43","a98aa35e-414a-4939-b425-e0455bfe7eb7","59c25921-95e6-45bd-b7ad-0a07d7079537","6fbc44cd-4167-4571-8198-953e7281a059","9bd78fcd-deeb-4106-a5ec-68a6df672b97","4a6fae60-0298-4026-b0b6-378ed0ec880b"]}}
2026-07-17T17:32:27.732Z - [Leads] [Leads] Violations found: 0
2026-07-17T17:33:27.933Z - [Leads] Entered getViolations
2026-07-17T17:33:27.936Z - [Leads] User: fc139c17-d8ba-40f0-8fc0-de857274c943, Role: admin
2026-07-17T17:33:27.939Z - [Leads] Fetching visible users...
2026-07-17T17:33:28.498Z - [Leads] Visible users found: 12
2026-07-17T17:33:28.500Z - [Leads] [Leads] Querying Prisma with where: {"rotationViolation":true,"isDeleted":false,"organisationId":"23d99450-83e7-4382-9312-d07f083447c0","previousOwnerId":{"in":["fc139c17-d8ba-40f0-8fc0-de857274c943","6d5e601a-d676-4cc6-a860-1a65d3734dab","c68a8236-7b93-4ff3-be69-01297ecfaceb","3b2c2b6a-7ec1-48cb-b98e-4ce026c6a984","2dc472bd-b2a9-4f5b-9066-b0561963cafe","941754a0-1107-4c7c-b7db-980d23df8557","5dac5c27-9d02-455e-bb18-022d0f9afc43","a98aa35e-414a-4939-b425-e0455bfe7eb7","59c25921-95e6-45bd-b7ad-0a07d7079537","6fbc44cd-4167-4571-8198-953e7281a059","9bd78fcd-deeb-4106-a5ec-68a6df672b97","4a6fae60-0298-4026-b0b6-378ed0ec880b"]}}
2026-07-17T17:33:28.538Z - [Leads] [Leads] Violations found: 0
2026-07-17T17:34:28.745Z - [Leads] Entered getViolations
2026-07-17T17:34:28.748Z - [Leads] User: fc139c17-d8ba-40f0-8fc0-de857274c943, Role: admin
2026-07-17T17:34:28.749Z - [Leads] Fetching visible users...
2026-07-17T17:34:29.313Z - [Leads] Visible users found: 12
2026-07-17T17:34:29.320Z - [Leads] [Leads] Querying Prisma with where: {"rotationViolation":true,"isDeleted":false,"organisationId":"23d99450-83e7-4382-9312-d07f083447c0","previousOwnerId":{"in":["fc139c17-d8ba-40f0-8fc0-de857274c943","6d5e601a-d676-4cc6-a860-1a65d3734dab","c68a8236-7b93-4ff3-be69-01297ecfaceb","3b2c2b6a-7ec1-48cb-b98e-4ce026c6a984","2dc472bd-b2a9-4f5b-9066-b0561963cafe","941754a0-1107-4c7c-b7db-980d23df8557","5dac5c27-9d02-455e-bb18-022d0f9afc43","a98aa35e-414a-4939-b425-e0455bfe7eb7","59c25921-95e6-45bd-b7ad-0a07d7079537","6fbc44cd-4167-4571-8198-953e7281a059","9bd78fcd-deeb-4106-a5ec-68a6df672b97","4a6fae60-0298-4026-b0b6-378ed0ec880b"]}}
2026-07-17T17:34:29.374Z - [Leads] [Leads] Violations found: 0
2026-07-17T17:35:29.582Z - [Leads] Entered getViolations
2026-07-17T17:35:29.588Z - [Leads] User: fc139c17-d8ba-40f0-8fc0-de857274c943, Role: admin
2026-07-17T17:35:29.590Z - [Leads] Fetching visible users...
2026-07-17T17:35:30.367Z - [Leads] Visible users found: 12
2026-07-17T17:35:30.370Z - [Leads] [Leads] Querying Prisma with where: {"rotationViolation":true,"isDeleted":false,"organisationId":"23d99450-83e7-4382-9312-d07f083447c0","previousOwnerId":{"in":["fc139c17-d8ba-40f0-8fc0-de857274c943","6d5e601a-d676-4cc6-a860-1a65d3734dab","c68a8236-7b93-4ff3-be69-01297ecfaceb","3b2c2b6a-7ec1-48cb-b98e-4ce026c6a984","2dc472bd-b2a9-4f5b-9066-b0561963cafe","941754a0-1107-4c7c-b7db-980d23df8557","5dac5c27-9d02-455e-bb18-022d0f9afc43","a98aa35e-414a-4939-b425-e0455bfe7eb7","59c25921-95e6-45bd-b7ad-0a07d7079537","6fbc44cd-4167-4571-8198-953e7281a059","9bd78fcd-deeb-4106-a5ec-68a6df672b97","4a6fae60-0298-4026-b0b6-378ed0ec880b"]}}
2026-07-17T17:35:30.460Z - [Leads] [Leads] Violations found: 0
2026-07-17T17:36:30.681Z - [Leads] Entered getViolations
2026-07-17T17:36:30.689Z - [Leads] User: fc139c17-d8ba-40f0-8fc0-de857274c943, Role: admin
2026-07-17T17:36:30.691Z - [Leads] Fetching visible users...
2026-07-17T17:36:31.325Z - [Leads] Visible users found: 12
2026-07-17T17:36:31.329Z - [Leads] [Leads] Querying Prisma with where: {"rotationViolation":true,"isDeleted":false,"organisationId":"23d99450-83e7-4382-9312-d07f083447c0","previousOwnerId":{"in":["fc139c17-d8ba-40f0-8fc0-de857274c943","6d5e601a-d676-4cc6-a860-1a65d3734dab","c68a8236-7b93-4ff3-be69-01297ecfaceb","3b2c2b6a-7ec1-48cb-b98e-4ce026c6a984","2dc472bd-b2a9-4f5b-9066-b0561963cafe","941754a0-1107-4c7c-b7db-980d23df8557","5dac5c27-9d02-455e-bb18-022d0f9afc43","a98aa35e-414a-4939-b425-e0455bfe7eb7","59c25921-95e6-45bd-b7ad-0a07d7079537","6fbc44cd-4167-4571-8198-953e7281a059","9bd78fcd-deeb-4106-a5ec-68a6df672b97","4a6fae60-0298-4026-b0b6-378ed0ec880b"]}}
2026-07-17T17:36:31.371Z - [Leads] [Leads] Violations found: 0
2026-07-17T17:37:31.578Z - [Leads] Entered getViolations
2026-07-17T17:37:31.581Z - [Leads] User: fc139c17-d8ba-40f0-8fc0-de857274c943, Role: admin
2026-07-17T17:37:31.583Z - [Leads] Fetching visible users...
2026-07-17T17:37:32.150Z - [Leads] Visible users found: 12
2026-07-17T17:37:32.152Z - [Leads] [Leads] Querying Prisma with where: {"rotationViolation":true,"isDeleted":false,"organisationId":"23d99450-83e7-4382-9312-d07f083447c0","previousOwnerId":{"in":["fc139c17-d8ba-40f0-8fc0-de857274c943","6d5e601a-d676-4cc6-a860-1a65d3734dab","c68a8236-7b93-4ff3-be69-01297ecfaceb","3b2c2b6a-7ec1-48cb-b98e-4ce026c6a984","2dc472bd-b2a9-4f5b-9066-b0561963cafe","941754a0-1107-4c7c-b7db-980d23df8557","5dac5c27-9d02-455e-bb18-022d0f9afc43","a98aa35e-414a-4939-b425-e0455bfe7eb7","59c25921-95e6-45bd-b7ad-0a07d7079537","6fbc44cd-4167-4571-8198-953e7281a059","9bd78fcd-deeb-4106-a5ec-68a6df672b97","4a6fae60-0298-4026-b0b6-378ed0ec880b"]}}
2026-07-17T17:37:32.193Z - [Leads] [Leads] Violations found: 0
2026-07-17T17:38:32.396Z - [Leads] Entered getViolations
2026-07-17T17:38:32.399Z - [Leads] User: fc139c17-d8ba-40f0-8fc0-de857274c943, Role: admin
2026-07-17T17:38:32.402Z - [Leads] Fetching visible users...
2026-07-17T17:38:32.983Z - [Leads] Visible users found: 12
2026-07-17T17:38:32.985Z - [Leads] [Leads] Querying Prisma with where: {"rotationViolation":true,"isDeleted":false,"organisationId":"23d99450-83e7-4382-9312-d07f083447c0","previousOwnerId":{"in":["fc139c17-d8ba-40f0-8fc0-de857274c943","6d5e601a-d676-4cc6-a860-1a65d3734dab","c68a8236-7b93-4ff3-be69-01297ecfaceb","3b2c2b6a-7ec1-48cb-b98e-4ce026c6a984","2dc472bd-b2a9-4f5b-9066-b0561963cafe","941754a0-1107-4c7c-b7db-980d23df8557","5dac5c27-9d02-455e-bb18-022d0f9afc43","a98aa35e-414a-4939-b425-e0455bfe7eb7","59c25921-95e6-45bd-b7ad-0a07d7079537","6fbc44cd-4167-4571-8198-953e7281a059","9bd78fcd-deeb-4106-a5ec-68a6df672b97","4a6fae60-0298-4026-b0b6-378ed0ec880b"]}}
2026-07-17T17:38:33.029Z - [Leads] [Leads] Violations found: 0
2026-07-17T17:39:33.269Z - [Leads] Entered getViolations
2026-07-17T17:39:33.272Z - [Leads] User: fc139c17-d8ba-40f0-8fc0-de857274c943, Role: admin
2026-07-17T17:39:33.274Z - [Leads] Fetching visible users...
2026-07-17T17:39:33.849Z - [Leads] Visible users found: 12
2026-07-17T17:39:33.852Z - [Leads] [Leads] Querying Prisma with where: {"rotationViolation":true,"isDeleted":false,"organisationId":"23d99450-83e7-4382-9312-d07f083447c0","previousOwnerId":{"in":["fc139c17-d8ba-40f0-8fc0-de857274c943","6d5e601a-d676-4cc6-a860-1a65d3734dab","c68a8236-7b93-4ff3-be69-01297ecfaceb","3b2c2b6a-7ec1-48cb-b98e-4ce026c6a984","2dc472bd-b2a9-4f5b-9066-b0561963cafe","941754a0-1107-4c7c-b7db-980d23df8557","5dac5c27-9d02-455e-bb18-022d0f9afc43","a98aa35e-414a-4939-b425-e0455bfe7eb7","59c25921-95e6-45bd-b7ad-0a07d7079537","6fbc44cd-4167-4571-8198-953e7281a059","9bd78fcd-deeb-4106-a5ec-68a6df672b97","4a6fae60-0298-4026-b0b6-378ed0ec880b"]}}
2026-07-17T17:39:34.149Z - [Leads] [Leads] Violations found: 0
2026-07-17T17:40:34.361Z - [Leads] Entered getViolations
2026-07-17T17:40:34.367Z - [Leads] User: fc139c17-d8ba-40f0-8fc0-de857274c943, Role: admin
2026-07-17T17:40:34.369Z - [Leads] Fetching visible users...
2026-07-17T17:40:35.198Z - [Leads] Visible users found: 12
2026-07-17T17:40:35.201Z - [Leads] [Leads] Querying Prisma with where: {"rotationViolation":true,"isDeleted":false,"organisationId":"23d99450-83e7-4382-9312-d07f083447c0","previousOwnerId":{"in":["fc139c17-d8ba-40f0-8fc0-de857274c943","6d5e601a-d676-4cc6-a860-1a65d3734dab","c68a8236-7b93-4ff3-be69-01297ecfaceb","3b2c2b6a-7ec1-48cb-b98e-4ce026c6a984","2dc472bd-b2a9-4f5b-9066-b0561963cafe","941754a0-1107-4c7c-b7db-980d23df8557","5dac5c27-9d02-455e-bb18-022d0f9afc43","a98aa35e-414a-4939-b425-e0455bfe7eb7","59c25921-95e6-45bd-b7ad-0a07d7079537","6fbc44cd-4167-4571-8198-953e7281a059","9bd78fcd-deeb-4106-a5ec-68a6df672b97","4a6fae60-0298-4026-b0b6-378ed0ec880b"]}}
2026-07-17T17:40:35.288Z - [Leads] [Leads] Violations found: 0
2026-07-17T17:41:35.582Z - [Leads] Entered getViolations
2026-07-17T17:41:35.589Z - [Leads] User: fc139c17-d8ba-40f0-8fc0-de857274c943, Role: admin
2026-07-17T17:41:35.591Z - [Leads] Fetching visible users...
2026-07-17T17:41:36.210Z - [Leads] Visible users found: 12
2026-07-17T17:41:36.214Z - [Leads] [Leads] Querying Prisma with where: {"rotationViolation":true,"isDeleted":false,"organisationId":"23d99450-83e7-4382-9312-d07f083447c0","previousOwnerId":{"in":["fc139c17-d8ba-40f0-8fc0-de857274c943","6d5e601a-d676-4cc6-a860-1a65d3734dab","c68a8236-7b93-4ff3-be69-01297ecfaceb","3b2c2b6a-7ec1-48cb-b98e-4ce026c6a984","2dc472bd-b2a9-4f5b-9066-b0561963cafe","941754a0-1107-4c7c-b7db-980d23df8557","5dac5c27-9d02-455e-bb18-022d0f9afc43","a98aa35e-414a-4939-b425-e0455bfe7eb7","59c25921-95e6-45bd-b7ad-0a07d7079537","6fbc44cd-4167-4571-8198-953e7281a059","9bd78fcd-deeb-4106-a5ec-68a6df672b97","4a6fae60-0298-4026-b0b6-378ed0ec880b"]}}
2026-07-17T17:41:36.260Z - [Leads] [Leads] Violations found: 0
2026-07-17T17:42:36.478Z - [Leads] Entered getViolations
2026-07-17T17:42:36.481Z - [Leads] User: fc139c17-d8ba-40f0-8fc0-de857274c943, Role: admin
2026-07-17T17:42:36.485Z - [Leads] Fetching visible users...
2026-07-17T17:42:37.083Z - [Leads] Visible users found: 12
2026-07-17T17:42:37.086Z - [Leads] [Leads] Querying Prisma with where: {"rotationViolation":true,"isDeleted":false,"organisationId":"23d99450-83e7-4382-9312-d07f083447c0","previousOwnerId":{"in":["fc139c17-d8ba-40f0-8fc0-de857274c943","6d5e601a-d676-4cc6-a860-1a65d3734dab","c68a8236-7b93-4ff3-be69-01297ecfaceb","3b2c2b6a-7ec1-48cb-b98e-4ce026c6a984","2dc472bd-b2a9-4f5b-9066-b0561963cafe","941754a0-1107-4c7c-b7db-980d23df8557","5dac5c27-9d02-455e-bb18-022d0f9afc43","a98aa35e-414a-4939-b425-e0455bfe7eb7","59c25921-95e6-45bd-b7ad-0a07d7079537","6fbc44cd-4167-4571-8198-953e7281a059","9bd78fcd-deeb-4106-a5ec-68a6df672b97","4a6fae60-0298-4026-b0b6-378ed0ec880b"]}}
2026-07-17T17:42:37.130Z - [Leads] [Leads] Violations found: 0
2026-07-17T17:43:37.369Z - [Leads] Entered getViolations
2026-07-17T17:43:37.372Z - [Leads] User: fc139c17-d8ba-40f0-8fc0-de857274c943, Role: admin
2026-07-17T17:43:37.375Z - [Leads] Fetching visible users...
2026-07-17T17:43:37.984Z - [Leads] Visible users found: 12
2026-07-17T17:43:37.990Z - [Leads] [Leads] Querying Prisma with where: {"rotationViolation":true,"isDeleted":false,"organisationId":"23d99450-83e7-4382-9312-d07f083447c0","previousOwnerId":{"in":["fc139c17-d8ba-40f0-8fc0-de857274c943","6d5e601a-d676-4cc6-a860-1a65d3734dab","c68a8236-7b93-4ff3-be69-01297ecfaceb","3b2c2b6a-7ec1-48cb-b98e-4ce026c6a984","2dc472bd-b2a9-4f5b-9066-b0561963cafe","941754a0-1107-4c7c-b7db-980d23df8557","5dac5c27-9d02-455e-bb18-022d0f9afc43","a98aa35e-414a-4939-b425-e0455bfe7eb7","59c25921-95e6-45bd-b7ad-0a07d7079537","6fbc44cd-4167-4571-8198-953e7281a059","9bd78fcd-deeb-4106-a5ec-68a6df672b97","4a6fae60-0298-4026-b0b6-378ed0ec880b"]}}
2026-07-17T17:43:38.033Z - [Leads] [Leads] Violations found: 0
2026-07-17T17:44:38.251Z - [Leads] Entered getViolations
2026-07-17T17:44:38.256Z - [Leads] User: fc139c17-d8ba-40f0-8fc0-de857274c943, Role: admin
2026-07-17T17:44:38.264Z - [Leads] Fetching visible users...
2026-07-17T17:44:38.879Z - [Leads] Visible users found: 12
2026-07-17T17:44:38.881Z - [Leads] [Leads] Querying Prisma with where: {"rotationViolation":true,"isDeleted":false,"organisationId":"23d99450-83e7-4382-9312-d07f083447c0","previousOwnerId":{"in":["fc139c17-d8ba-40f0-8fc0-de857274c943","6d5e601a-d676-4cc6-a860-1a65d3734dab","c68a8236-7b93-4ff3-be69-01297ecfaceb","3b2c2b6a-7ec1-48cb-b98e-4ce026c6a984","2dc472bd-b2a9-4f5b-9066-b0561963cafe","941754a0-1107-4c7c-b7db-980d23df8557","5dac5c27-9d02-455e-bb18-022d0f9afc43","a98aa35e-414a-4939-b425-e0455bfe7eb7","59c25921-95e6-45bd-b7ad-0a07d7079537","6fbc44cd-4167-4571-8198-953e7281a059","9bd78fcd-deeb-4106-a5ec-68a6df672b97","4a6fae60-0298-4026-b0b6-378ed0ec880b"]}}
2026-07-17T17:44:38.926Z - [Leads] [Leads] Violations found: 0
2026-07-17T17:45:39.185Z - [Leads] Entered getViolations
2026-07-17T17:45:39.190Z - [Leads] User: fc139c17-d8ba-40f0-8fc0-de857274c943, Role: admin
2026-07-17T17:45:39.192Z - [Leads] Fetching visible users...
2026-07-17T17:45:39.982Z - [Leads] Visible users found: 12
2026-07-17T17:45:39.985Z - [Leads] [Leads] Querying Prisma with where: {"rotationViolation":true,"isDeleted":false,"organisationId":"23d99450-83e7-4382-9312-d07f083447c0","previousOwnerId":{"in":["fc139c17-d8ba-40f0-8fc0-de857274c943","6d5e601a-d676-4cc6-a860-1a65d3734dab","c68a8236-7b93-4ff3-be69-01297ecfaceb","3b2c2b6a-7ec1-48cb-b98e-4ce026c6a984","2dc472bd-b2a9-4f5b-9066-b0561963cafe","941754a0-1107-4c7c-b7db-980d23df8557","5dac5c27-9d02-455e-bb18-022d0f9afc43","a98aa35e-414a-4939-b425-e0455bfe7eb7","59c25921-95e6-45bd-b7ad-0a07d7079537","6fbc44cd-4167-4571-8198-953e7281a059","9bd78fcd-deeb-4106-a5ec-68a6df672b97","4a6fae60-0298-4026-b0b6-378ed0ec880b"]}}
2026-07-17T17:45:40.064Z - [Leads] [Leads] Violations found: 0
2026-07-17T17:46:40.319Z - [Leads] Entered getViolations
2026-07-17T17:46:40.322Z - [Leads] User: fc139c17-d8ba-40f0-8fc0-de857274c943, Role: admin
2026-07-17T17:46:40.325Z - [Leads] Fetching visible users...
2026-07-17T17:46:40.936Z - [Leads] Visible users found: 12
2026-07-17T17:46:40.940Z - [Leads] [Leads] Querying Prisma with where: {"rotationViolation":true,"isDeleted":false,"organisationId":"23d99450-83e7-4382-9312-d07f083447c0","previousOwnerId":{"in":["fc139c17-d8ba-40f0-8fc0-de857274c943","6d5e601a-d676-4cc6-a860-1a65d3734dab","c68a8236-7b93-4ff3-be69-01297ecfaceb","3b2c2b6a-7ec1-48cb-b98e-4ce026c6a984","2dc472bd-b2a9-4f5b-9066-b0561963cafe","941754a0-1107-4c7c-b7db-980d23df8557","5dac5c27-9d02-455e-bb18-022d0f9afc43","a98aa35e-414a-4939-b425-e0455bfe7eb7","59c25921-95e6-45bd-b7ad-0a07d7079537","6fbc44cd-4167-4571-8198-953e7281a059","9bd78fcd-deeb-4106-a5ec-68a6df672b97","4a6fae60-0298-4026-b0b6-378ed0ec880b"]}}
2026-07-17T17:46:40.989Z - [Leads] [Leads] Violations found: 0
2026-07-17T17:47:41.212Z - [Leads] Entered getViolations
2026-07-17T17:47:41.215Z - [Leads] User: fc139c17-d8ba-40f0-8fc0-de857274c943, Role: admin
2026-07-17T17:47:41.217Z - [Leads] Fetching visible users...
2026-07-17T17:47:41.850Z - [Leads] Visible users found: 12
2026-07-17T17:47:41.852Z - [Leads] [Leads] Querying Prisma with where: {"rotationViolation":true,"isDeleted":false,"organisationId":"23d99450-83e7-4382-9312-d07f083447c0","previousOwnerId":{"in":["fc139c17-d8ba-40f0-8fc0-de857274c943","6d5e601a-d676-4cc6-a860-1a65d3734dab","c68a8236-7b93-4ff3-be69-01297ecfaceb","3b2c2b6a-7ec1-48cb-b98e-4ce026c6a984","2dc472bd-b2a9-4f5b-9066-b0561963cafe","941754a0-1107-4c7c-b7db-980d23df8557","5dac5c27-9d02-455e-bb18-022d0f9afc43","a98aa35e-414a-4939-b425-e0455bfe7eb7","59c25921-95e6-45bd-b7ad-0a07d7079537","6fbc44cd-4167-4571-8198-953e7281a059","9bd78fcd-deeb-4106-a5ec-68a6df672b97","4a6fae60-0298-4026-b0b6-378ed0ec880b"]}}
2026-07-17T17:47:41.895Z - [Leads] [Leads] Violations found: 0
2026-07-17T17:48:42.097Z - [Leads] Entered getViolations
2026-07-17T17:48:42.100Z - [Leads] User: fc139c17-d8ba-40f0-8fc0-de857274c943, Role: admin
2026-07-17T17:48:42.103Z - [Leads] Fetching visible users...
2026-07-17T17:48:42.721Z - [Leads] Visible users found: 12
2026-07-17T17:48:42.725Z - [Leads] [Leads] Querying Prisma with where: {"rotationViolation":true,"isDeleted":false,"organisationId":"23d99450-83e7-4382-9312-d07f083447c0","previousOwnerId":{"in":["fc139c17-d8ba-40f0-8fc0-de857274c943","6d5e601a-d676-4cc6-a860-1a65d3734dab","c68a8236-7b93-4ff3-be69-01297ecfaceb","3b2c2b6a-7ec1-48cb-b98e-4ce026c6a984","2dc472bd-b2a9-4f5b-9066-b0561963cafe","941754a0-1107-4c7c-b7db-980d23df8557","5dac5c27-9d02-455e-bb18-022d0f9afc43","a98aa35e-414a-4939-b425-e0455bfe7eb7","59c25921-95e6-45bd-b7ad-0a07d7079537","6fbc44cd-4167-4571-8198-953e7281a059","9bd78fcd-deeb-4106-a5ec-68a6df672b97","4a6fae60-0298-4026-b0b6-378ed0ec880b"]}}
2026-07-17T17:48:42.770Z - [Leads] [Leads] Violations found: 0
2026-07-17T17:49:43.034Z - [Leads] Entered getViolations
2026-07-17T17:49:43.036Z - [Leads] User: fc139c17-d8ba-40f0-8fc0-de857274c943, Role: admin
2026-07-17T17:49:43.039Z - [Leads] Fetching visible users...
2026-07-17T17:49:43.635Z - [Leads] Visible users found: 12
2026-07-17T17:49:43.639Z - [Leads] [Leads] Querying Prisma with where: {"rotationViolation":true,"isDeleted":false,"organisationId":"23d99450-83e7-4382-9312-d07f083447c0","previousOwnerId":{"in":["fc139c17-d8ba-40f0-8fc0-de857274c943","6d5e601a-d676-4cc6-a860-1a65d3734dab","c68a8236-7b93-4ff3-be69-01297ecfaceb","3b2c2b6a-7ec1-48cb-b98e-4ce026c6a984","2dc472bd-b2a9-4f5b-9066-b0561963cafe","941754a0-1107-4c7c-b7db-980d23df8557","5dac5c27-9d02-455e-bb18-022d0f9afc43","a98aa35e-414a-4939-b425-e0455bfe7eb7","59c25921-95e6-45bd-b7ad-0a07d7079537","6fbc44cd-4167-4571-8198-953e7281a059","9bd78fcd-deeb-4106-a5ec-68a6df672b97","4a6fae60-0298-4026-b0b6-378ed0ec880b"]}}
2026-07-17T17:49:43.681Z - [Leads] [Leads] Violations found: 0
2026-07-17T17:50:43.925Z - [Leads] Entered getViolations
2026-07-17T17:50:43.930Z - [Leads] User: fc139c17-d8ba-40f0-8fc0-de857274c943, Role: admin
2026-07-17T17:50:43.933Z - [Leads] Fetching visible users...
2026-07-17T17:50:44.889Z - [Leads] Visible users found: 12
2026-07-17T17:50:44.892Z - [Leads] [Leads] Querying Prisma with where: {"rotationViolation":true,"isDeleted":false,"organisationId":"23d99450-83e7-4382-9312-d07f083447c0","previousOwnerId":{"in":["fc139c17-d8ba-40f0-8fc0-de857274c943","6d5e601a-d676-4cc6-a860-1a65d3734dab","c68a8236-7b93-4ff3-be69-01297ecfaceb","3b2c2b6a-7ec1-48cb-b98e-4ce026c6a984","2dc472bd-b2a9-4f5b-9066-b0561963cafe","941754a0-1107-4c7c-b7db-980d23df8557","5dac5c27-9d02-455e-bb18-022d0f9afc43","a98aa35e-414a-4939-b425-e0455bfe7eb7","59c25921-95e6-45bd-b7ad-0a07d7079537","6fbc44cd-4167-4571-8198-953e7281a059","9bd78fcd-deeb-4106-a5ec-68a6df672b97","4a6fae60-0298-4026-b0b6-378ed0ec880b"]}}
2026-07-17T17:50:44.996Z - [Leads] [Leads] Violations found: 0
2026-07-17T17:51:45.537Z - [Leads] Entered getViolations
2026-07-17T17:51:45.542Z - [Leads] User: fc139c17-d8ba-40f0-8fc0-de857274c943, Role: admin
2026-07-17T17:51:45.544Z - [Leads] Fetching visible users...
2026-07-17T17:51:46.103Z - [Leads] Visible users found: 12
2026-07-17T17:51:46.108Z - [Leads] [Leads] Querying Prisma with where: {"rotationViolation":true,"isDeleted":false,"organisationId":"23d99450-83e7-4382-9312-d07f083447c0","previousOwnerId":{"in":["fc139c17-d8ba-40f0-8fc0-de857274c943","6d5e601a-d676-4cc6-a860-1a65d3734dab","c68a8236-7b93-4ff3-be69-01297ecfaceb","3b2c2b6a-7ec1-48cb-b98e-4ce026c6a984","2dc472bd-b2a9-4f5b-9066-b0561963cafe","941754a0-1107-4c7c-b7db-980d23df8557","5dac5c27-9d02-455e-bb18-022d0f9afc43","a98aa35e-414a-4939-b425-e0455bfe7eb7","59c25921-95e6-45bd-b7ad-0a07d7079537","6fbc44cd-4167-4571-8198-953e7281a059","9bd78fcd-deeb-4106-a5ec-68a6df672b97","4a6fae60-0298-4026-b0b6-378ed0ec880b"]}}
2026-07-17T17:51:46.148Z - [Leads] [Leads] Violations found: 0
2026-07-17T17:52:46.355Z - [Leads] Entered getViolations
2026-07-17T17:52:46.361Z - [Leads] User: fc139c17-d8ba-40f0-8fc0-de857274c943, Role: admin
2026-07-17T17:52:46.364Z - [Leads] Fetching visible users...
2026-07-17T17:52:46.933Z - [Leads] Visible users found: 12
2026-07-17T17:52:46.937Z - [Leads] [Leads] Querying Prisma with where: {"rotationViolation":true,"isDeleted":false,"organisationId":"23d99450-83e7-4382-9312-d07f083447c0","previousOwnerId":{"in":["fc139c17-d8ba-40f0-8fc0-de857274c943","6d5e601a-d676-4cc6-a860-1a65d3734dab","c68a8236-7b93-4ff3-be69-01297ecfaceb","3b2c2b6a-7ec1-48cb-b98e-4ce026c6a984","2dc472bd-b2a9-4f5b-9066-b0561963cafe","941754a0-1107-4c7c-b7db-980d23df8557","5dac5c27-9d02-455e-bb18-022d0f9afc43","a98aa35e-414a-4939-b425-e0455bfe7eb7","59c25921-95e6-45bd-b7ad-0a07d7079537","6fbc44cd-4167-4571-8198-953e7281a059","9bd78fcd-deeb-4106-a5ec-68a6df672b97","4a6fae60-0298-4026-b0b6-378ed0ec880b"]}}
2026-07-17T17:52:46.977Z - [Leads] [Leads] Violations found: 0
2026-07-17T17:53:47.179Z - [Leads] Entered getViolations
2026-07-17T17:53:47.182Z - [Leads] User: fc139c17-d8ba-40f0-8fc0-de857274c943, Role: admin
2026-07-17T17:53:47.184Z - [Leads] Fetching visible users...
2026-07-17T17:53:47.755Z - [Leads] Visible users found: 12
2026-07-17T17:53:47.758Z - [Leads] [Leads] Querying Prisma with where: {"rotationViolation":true,"isDeleted":false,"organisationId":"23d99450-83e7-4382-9312-d07f083447c0","previousOwnerId":{"in":["fc139c17-d8ba-40f0-8fc0-de857274c943","6d5e601a-d676-4cc6-a860-1a65d3734dab","c68a8236-7b93-4ff3-be69-01297ecfaceb","3b2c2b6a-7ec1-48cb-b98e-4ce026c6a984","2dc472bd-b2a9-4f5b-9066-b0561963cafe","941754a0-1107-4c7c-b7db-980d23df8557","5dac5c27-9d02-455e-bb18-022d0f9afc43","a98aa35e-414a-4939-b425-e0455bfe7eb7","59c25921-95e6-45bd-b7ad-0a07d7079537","6fbc44cd-4167-4571-8198-953e7281a059","9bd78fcd-deeb-4106-a5ec-68a6df672b97","4a6fae60-0298-4026-b0b6-378ed0ec880b"]}}
2026-07-17T17:53:47.801Z - [Leads] [Leads] Violations found: 0
2026-07-17T17:54:48.041Z - [Leads] Entered getViolations
2026-07-17T17:54:48.046Z - [Leads] User: fc139c17-d8ba-40f0-8fc0-de857274c943, Role: admin
2026-07-17T17:54:48.050Z - [Leads] Fetching visible users...
2026-07-17T17:54:48.610Z - [Leads] Visible users found: 12
2026-07-17T17:54:48.614Z - [Leads] [Leads] Querying Prisma with where: {"rotationViolation":true,"isDeleted":false,"organisationId":"23d99450-83e7-4382-9312-d07f083447c0","previousOwnerId":{"in":["fc139c17-d8ba-40f0-8fc0-de857274c943","6d5e601a-d676-4cc6-a860-1a65d3734dab","c68a8236-7b93-4ff3-be69-01297ecfaceb","3b2c2b6a-7ec1-48cb-b98e-4ce026c6a984","2dc472bd-b2a9-4f5b-9066-b0561963cafe","941754a0-1107-4c7c-b7db-980d23df8557","5dac5c27-9d02-455e-bb18-022d0f9afc43","a98aa35e-414a-4939-b425-e0455bfe7eb7","59c25921-95e6-45bd-b7ad-0a07d7079537","6fbc44cd-4167-4571-8198-953e7281a059","9bd78fcd-deeb-4106-a5ec-68a6df672b97","4a6fae60-0298-4026-b0b6-378ed0ec880b"]}}
2026-07-17T17:54:48.655Z - [Leads] [Leads] Violations found: 0
2026-07-17T17:55:48.896Z - [Leads] Entered getViolations
2026-07-17T17:55:48.899Z - [Leads] User: fc139c17-d8ba-40f0-8fc0-de857274c943, Role: admin
2026-07-17T17:55:48.902Z - [Leads] Fetching visible users...
2026-07-17T17:55:49.658Z - [Leads] Visible users found: 12
2026-07-17T17:55:49.661Z - [Leads] [Leads] Querying Prisma with where: {"rotationViolation":true,"isDeleted":false,"organisationId":"23d99450-83e7-4382-9312-d07f083447c0","previousOwnerId":{"in":["fc139c17-d8ba-40f0-8fc0-de857274c943","6d5e601a-d676-4cc6-a860-1a65d3734dab","c68a8236-7b93-4ff3-be69-01297ecfaceb","3b2c2b6a-7ec1-48cb-b98e-4ce026c6a984","2dc472bd-b2a9-4f5b-9066-b0561963cafe","941754a0-1107-4c7c-b7db-980d23df8557","5dac5c27-9d02-455e-bb18-022d0f9afc43","a98aa35e-414a-4939-b425-e0455bfe7eb7","59c25921-95e6-45bd-b7ad-0a07d7079537","6fbc44cd-4167-4571-8198-953e7281a059","9bd78fcd-deeb-4106-a5ec-68a6df672b97","4a6fae60-0298-4026-b0b6-378ed0ec880b"]}}
2026-07-17T17:55:49.735Z - [Leads] [Leads] Violations found: 0
2026-07-17T17:56:50.021Z - [Leads] Entered getViolations
2026-07-17T17:56:50.024Z - [Leads] User: fc139c17-d8ba-40f0-8fc0-de857274c943, Role: admin
2026-07-17T17:56:50.027Z - [Leads] Fetching visible users...
2026-07-17T17:56:50.862Z - [Leads] Visible users found: 12
2026-07-17T17:56:50.865Z - [Leads] [Leads] Querying Prisma with where: {"rotationViolation":true,"isDeleted":false,"organisationId":"23d99450-83e7-4382-9312-d07f083447c0","previousOwnerId":{"in":["fc139c17-d8ba-40f0-8fc0-de857274c943","6d5e601a-d676-4cc6-a860-1a65d3734dab","c68a8236-7b93-4ff3-be69-01297ecfaceb","3b2c2b6a-7ec1-48cb-b98e-4ce026c6a984","2dc472bd-b2a9-4f5b-9066-b0561963cafe","941754a0-1107-4c7c-b7db-980d23df8557","5dac5c27-9d02-455e-bb18-022d0f9afc43","a98aa35e-414a-4939-b425-e0455bfe7eb7","59c25921-95e6-45bd-b7ad-0a07d7079537","6fbc44cd-4167-4571-8198-953e7281a059","9bd78fcd-deeb-4106-a5ec-68a6df672b97","4a6fae60-0298-4026-b0b6-378ed0ec880b"]}}
2026-07-17T17:56:50.915Z - [Leads] [Leads] Violations found: 0
2026-07-17T17:57:51.110Z - [Leads] Entered getViolations
2026-07-17T17:57:51.112Z - [Leads] User: fc139c17-d8ba-40f0-8fc0-de857274c943, Role: admin
2026-07-17T17:57:51.116Z - [Leads] Fetching visible users...
2026-07-17T17:57:52.366Z - [Leads] Visible users found: 12
2026-07-17T17:57:52.373Z - [Leads] [Leads] Querying Prisma with where: {"rotationViolation":true,"isDeleted":false,"organisationId":"23d99450-83e7-4382-9312-d07f083447c0","previousOwnerId":{"in":["fc139c17-d8ba-40f0-8fc0-de857274c943","6d5e601a-d676-4cc6-a860-1a65d3734dab","c68a8236-7b93-4ff3-be69-01297ecfaceb","3b2c2b6a-7ec1-48cb-b98e-4ce026c6a984","2dc472bd-b2a9-4f5b-9066-b0561963cafe","941754a0-1107-4c7c-b7db-980d23df8557","5dac5c27-9d02-455e-bb18-022d0f9afc43","a98aa35e-414a-4939-b425-e0455bfe7eb7","59c25921-95e6-45bd-b7ad-0a07d7079537","6fbc44cd-4167-4571-8198-953e7281a059","9bd78fcd-deeb-4106-a5ec-68a6df672b97","4a6fae60-0298-4026-b0b6-378ed0ec880b"]}}
2026-07-17T17:57:52.458Z - [Leads] [Leads] Violations found: 0
2026-07-17T17:58:52.706Z - [Leads] Entered getViolations
2026-07-17T17:58:52.709Z - [Leads] User: fc139c17-d8ba-40f0-8fc0-de857274c943, Role: admin
2026-07-17T17:58:52.711Z - [Leads] Fetching visible users...
2026-07-17T17:58:53.259Z - [Leads] Visible users found: 12
2026-07-17T17:58:53.260Z - [Leads] [Leads] Querying Prisma with where: {"rotationViolation":true,"isDeleted":false,"organisationId":"23d99450-83e7-4382-9312-d07f083447c0","previousOwnerId":{"in":["fc139c17-d8ba-40f0-8fc0-de857274c943","6d5e601a-d676-4cc6-a860-1a65d3734dab","c68a8236-7b93-4ff3-be69-01297ecfaceb","3b2c2b6a-7ec1-48cb-b98e-4ce026c6a984","2dc472bd-b2a9-4f5b-9066-b0561963cafe","941754a0-1107-4c7c-b7db-980d23df8557","5dac5c27-9d02-455e-bb18-022d0f9afc43","a98aa35e-414a-4939-b425-e0455bfe7eb7","59c25921-95e6-45bd-b7ad-0a07d7079537","6fbc44cd-4167-4571-8198-953e7281a059","9bd78fcd-deeb-4106-a5ec-68a6df672b97","4a6fae60-0298-4026-b0b6-378ed0ec880b"]}}
2026-07-17T17:58:53.303Z - [Leads] [Leads] Violations found: 0
2026-07-17T17:59:53.507Z - [Leads] Entered getViolations
2026-07-17T17:59:53.510Z - [Leads] User: fc139c17-d8ba-40f0-8fc0-de857274c943, Role: admin
2026-07-17T17:59:53.512Z - [Leads] Fetching visible users...
2026-07-17T17:59:54.082Z - [Leads] Visible users found: 12
2026-07-17T17:59:54.085Z - [Leads] [Leads] Querying Prisma with where: {"rotationViolation":true,"isDeleted":false,"organisationId":"23d99450-83e7-4382-9312-d07f083447c0","previousOwnerId":{"in":["fc139c17-d8ba-40f0-8fc0-de857274c943","6d5e601a-d676-4cc6-a860-1a65d3734dab","c68a8236-7b93-4ff3-be69-01297ecfaceb","3b2c2b6a-7ec1-48cb-b98e-4ce026c6a984","2dc472bd-b2a9-4f5b-9066-b0561963cafe","941754a0-1107-4c7c-b7db-980d23df8557","5dac5c27-9d02-455e-bb18-022d0f9afc43","a98aa35e-414a-4939-b425-e0455bfe7eb7","59c25921-95e6-45bd-b7ad-0a07d7079537","6fbc44cd-4167-4571-8198-953e7281a059","9bd78fcd-deeb-4106-a5ec-68a6df672b97","4a6fae60-0298-4026-b0b6-378ed0ec880b"]}}
2026-07-17T17:59:54.124Z - [Leads] [Leads] Violations found: 0
2026-07-17T18:00:54.342Z - [Leads] Entered getViolations
2026-07-17T18:00:54.349Z - [Leads] User: fc139c17-d8ba-40f0-8fc0-de857274c943, Role: admin
2026-07-17T18:00:54.351Z - [Leads] Fetching visible users...
2026-07-17T18:00:55.132Z - [Leads] Visible users found: 12
2026-07-17T18:00:55.134Z - [Leads] [Leads] Querying Prisma with where: {"rotationViolation":true,"isDeleted":false,"organisationId":"23d99450-83e7-4382-9312-d07f083447c0","previousOwnerId":{"in":["fc139c17-d8ba-40f0-8fc0-de857274c943","6d5e601a-d676-4cc6-a860-1a65d3734dab","c68a8236-7b93-4ff3-be69-01297ecfaceb","3b2c2b6a-7ec1-48cb-b98e-4ce026c6a984","2dc472bd-b2a9-4f5b-9066-b0561963cafe","941754a0-1107-4c7c-b7db-980d23df8557","5dac5c27-9d02-455e-bb18-022d0f9afc43","a98aa35e-414a-4939-b425-e0455bfe7eb7","59c25921-95e6-45bd-b7ad-0a07d7079537","6fbc44cd-4167-4571-8198-953e7281a059","9bd78fcd-deeb-4106-a5ec-68a6df672b97","4a6fae60-0298-4026-b0b6-378ed0ec880b"]}}
2026-07-17T18:00:55.209Z - [Leads] [Leads] Violations found: 0
2026-07-17T18:01:55.493Z - [Leads] Entered getViolations
2026-07-17T18:01:55.496Z - [Leads] User: fc139c17-d8ba-40f0-8fc0-de857274c943, Role: admin
2026-07-17T18:01:55.498Z - [Leads] Fetching visible users...
2026-07-17T18:01:56.101Z - [Leads] Visible users found: 12
2026-07-17T18:01:56.103Z - [Leads] [Leads] Querying Prisma with where: {"rotationViolation":true,"isDeleted":false,"organisationId":"23d99450-83e7-4382-9312-d07f083447c0","previousOwnerId":{"in":["fc139c17-d8ba-40f0-8fc0-de857274c943","6d5e601a-d676-4cc6-a860-1a65d3734dab","c68a8236-7b93-4ff3-be69-01297ecfaceb","3b2c2b6a-7ec1-48cb-b98e-4ce026c6a984","2dc472bd-b2a9-4f5b-9066-b0561963cafe","941754a0-1107-4c7c-b7db-980d23df8557","5dac5c27-9d02-455e-bb18-022d0f9afc43","a98aa35e-414a-4939-b425-e0455bfe7eb7","59c25921-95e6-45bd-b7ad-0a07d7079537","6fbc44cd-4167-4571-8198-953e7281a059","9bd78fcd-deeb-4106-a5ec-68a6df672b97","4a6fae60-0298-4026-b0b6-378ed0ec880b"]}}
2026-07-17T18:01:56.160Z - [Leads] [Leads] Violations found: 0
2026-07-17T18:02:56.414Z - [Leads] Entered getViolations
2026-07-17T18:02:56.417Z - [Leads] User: fc139c17-d8ba-40f0-8fc0-de857274c943, Role: admin
2026-07-17T18:02:56.420Z - [Leads] Fetching visible users...
2026-07-17T18:02:57.051Z - [Leads] Visible users found: 12
2026-07-17T18:02:57.053Z - [Leads] [Leads] Querying Prisma with where: {"rotationViolation":true,"isDeleted":false,"organisationId":"23d99450-83e7-4382-9312-d07f083447c0","previousOwnerId":{"in":["fc139c17-d8ba-40f0-8fc0-de857274c943","6d5e601a-d676-4cc6-a860-1a65d3734dab","c68a8236-7b93-4ff3-be69-01297ecfaceb","3b2c2b6a-7ec1-48cb-b98e-4ce026c6a984","2dc472bd-b2a9-4f5b-9066-b0561963cafe","941754a0-1107-4c7c-b7db-980d23df8557","5dac5c27-9d02-455e-bb18-022d0f9afc43","a98aa35e-414a-4939-b425-e0455bfe7eb7","59c25921-95e6-45bd-b7ad-0a07d7079537","6fbc44cd-4167-4571-8198-953e7281a059","9bd78fcd-deeb-4106-a5ec-68a6df672b97","4a6fae60-0298-4026-b0b6-378ed0ec880b"]}}
2026-07-17T18:02:57.095Z - [Leads] [Leads] Violations found: 0
2026-07-17T18:03:57.321Z - [Leads] Entered getViolations
2026-07-17T18:03:57.324Z - [Leads] User: fc139c17-d8ba-40f0-8fc0-de857274c943, Role: admin
2026-07-17T18:03:57.326Z - [Leads] Fetching visible users...
2026-07-17T18:03:57.912Z - [Leads] Visible users found: 12
2026-07-17T18:03:57.915Z - [Leads] [Leads] Querying Prisma with where: {"rotationViolation":true,"isDeleted":false,"organisationId":"23d99450-83e7-4382-9312-d07f083447c0","previousOwnerId":{"in":["fc139c17-d8ba-40f0-8fc0-de857274c943","6d5e601a-d676-4cc6-a860-1a65d3734dab","c68a8236-7b93-4ff3-be69-01297ecfaceb","3b2c2b6a-7ec1-48cb-b98e-4ce026c6a984","2dc472bd-b2a9-4f5b-9066-b0561963cafe","941754a0-1107-4c7c-b7db-980d23df8557","5dac5c27-9d02-455e-bb18-022d0f9afc43","a98aa35e-414a-4939-b425-e0455bfe7eb7","59c25921-95e6-45bd-b7ad-0a07d7079537","6fbc44cd-4167-4571-8198-953e7281a059","9bd78fcd-deeb-4106-a5ec-68a6df672b97","4a6fae60-0298-4026-b0b6-378ed0ec880b"]}}
2026-07-17T18:03:57.956Z - [Leads] [Leads] Violations found: 0
2026-07-17T18:04:58.190Z - [Leads] Entered getViolations
2026-07-17T18:04:58.197Z - [Leads] User: fc139c17-d8ba-40f0-8fc0-de857274c943, Role: admin
2026-07-17T18:04:58.199Z - [Leads] Fetching visible users...
2026-07-17T18:04:58.786Z - [Leads] Visible users found: 12
2026-07-17T18:04:58.790Z - [Leads] [Leads] Querying Prisma with where: {"rotationViolation":true,"isDeleted":false,"organisationId":"23d99450-83e7-4382-9312-d07f083447c0","previousOwnerId":{"in":["fc139c17-d8ba-40f0-8fc0-de857274c943","6d5e601a-d676-4cc6-a860-1a65d3734dab","c68a8236-7b93-4ff3-be69-01297ecfaceb","3b2c2b6a-7ec1-48cb-b98e-4ce026c6a984","2dc472bd-b2a9-4f5b-9066-b0561963cafe","941754a0-1107-4c7c-b7db-980d23df8557","5dac5c27-9d02-455e-bb18-022d0f9afc43","a98aa35e-414a-4939-b425-e0455bfe7eb7","59c25921-95e6-45bd-b7ad-0a07d7079537","6fbc44cd-4167-4571-8198-953e7281a059","9bd78fcd-deeb-4106-a5ec-68a6df672b97","4a6fae60-0298-4026-b0b6-378ed0ec880b"]}}
2026-07-17T18:04:58.837Z - [Leads] [Leads] Violations found: 0
2026-07-17T18:05:59.059Z - [Leads] Entered getViolations
2026-07-17T18:05:59.062Z - [Leads] User: fc139c17-d8ba-40f0-8fc0-de857274c943, Role: admin
2026-07-17T18:05:59.064Z - [Leads] Fetching visible users...
2026-07-17T18:05:59.797Z - [Leads] Visible users found: 12
2026-07-17T18:05:59.799Z - [Leads] [Leads] Querying Prisma with where: {"rotationViolation":true,"isDeleted":false,"organisationId":"23d99450-83e7-4382-9312-d07f083447c0","previousOwnerId":{"in":["fc139c17-d8ba-40f0-8fc0-de857274c943","6d5e601a-d676-4cc6-a860-1a65d3734dab","c68a8236-7b93-4ff3-be69-01297ecfaceb","3b2c2b6a-7ec1-48cb-b98e-4ce026c6a984","2dc472bd-b2a9-4f5b-9066-b0561963cafe","941754a0-1107-4c7c-b7db-980d23df8557","5dac5c27-9d02-455e-bb18-022d0f9afc43","a98aa35e-414a-4939-b425-e0455bfe7eb7","59c25921-95e6-45bd-b7ad-0a07d7079537","6fbc44cd-4167-4571-8198-953e7281a059","9bd78fcd-deeb-4106-a5ec-68a6df672b97","4a6fae60-0298-4026-b0b6-378ed0ec880b"]}}
2026-07-17T18:05:59.884Z - [Leads] [Leads] Violations found: 0
2026-07-17T18:07:00.158Z - [Leads] Entered getViolations
2026-07-17T18:07:00.161Z - [Leads] User: fc139c17-d8ba-40f0-8fc0-de857274c943, Role: admin
2026-07-17T18:07:00.163Z - [Leads] Fetching visible users...
2026-07-17T18:07:00.919Z - [Leads] Visible users found: 12
2026-07-17T18:07:00.921Z - [Leads] [Leads] Querying Prisma with where: {"rotationViolation":true,"isDeleted":false,"organisationId":"23d99450-83e7-4382-9312-d07f083447c0","previousOwnerId":{"in":["fc139c17-d8ba-40f0-8fc0-de857274c943","6d5e601a-d676-4cc6-a860-1a65d3734dab","c68a8236-7b93-4ff3-be69-01297ecfaceb","3b2c2b6a-7ec1-48cb-b98e-4ce026c6a984","2dc472bd-b2a9-4f5b-9066-b0561963cafe","941754a0-1107-4c7c-b7db-980d23df8557","5dac5c27-9d02-455e-bb18-022d0f9afc43","a98aa35e-414a-4939-b425-e0455bfe7eb7","59c25921-95e6-45bd-b7ad-0a07d7079537","6fbc44cd-4167-4571-8198-953e7281a059","9bd78fcd-deeb-4106-a5ec-68a6df672b97","4a6fae60-0298-4026-b0b6-378ed0ec880b"]}}
2026-07-17T18:07:00.962Z - [Leads] [Leads] Violations found: 0
2026-07-17T18:08:01.198Z - [Leads] Entered getViolations
2026-07-17T18:08:01.206Z - [Leads] User: fc139c17-d8ba-40f0-8fc0-de857274c943, Role: admin
2026-07-17T18:08:01.212Z - [Leads] Fetching visible users...
2026-07-17T18:08:01.797Z - [Leads] Visible users found: 12
2026-07-17T18:08:01.799Z - [Leads] [Leads] Querying Prisma with where: {"rotationViolation":true,"isDeleted":false,"organisationId":"23d99450-83e7-4382-9312-d07f083447c0","previousOwnerId":{"in":["fc139c17-d8ba-40f0-8fc0-de857274c943","6d5e601a-d676-4cc6-a860-1a65d3734dab","c68a8236-7b93-4ff3-be69-01297ecfaceb","3b2c2b6a-7ec1-48cb-b98e-4ce026c6a984","2dc472bd-b2a9-4f5b-9066-b0561963cafe","941754a0-1107-4c7c-b7db-980d23df8557","5dac5c27-9d02-455e-bb18-022d0f9afc43","a98aa35e-414a-4939-b425-e0455bfe7eb7","59c25921-95e6-45bd-b7ad-0a07d7079537","6fbc44cd-4167-4571-8198-953e7281a059","9bd78fcd-deeb-4106-a5ec-68a6df672b97","4a6fae60-0298-4026-b0b6-378ed0ec880b"]}}
2026-07-17T18:08:01.841Z - [Leads] [Leads] Violations found: 0
2026-07-17T18:09:02.070Z - [Leads] Entered getViolations
2026-07-17T18:09:02.073Z - [Leads] User: fc139c17-d8ba-40f0-8fc0-de857274c943, Role: admin
2026-07-17T18:09:02.076Z - [Leads] Fetching visible users...
2026-07-17T18:09:02.731Z - [Leads] Visible users found: 12
2026-07-17T18:09:02.733Z - [Leads] [Leads] Querying Prisma with where: {"rotationViolation":true,"isDeleted":false,"organisationId":"23d99450-83e7-4382-9312-d07f083447c0","previousOwnerId":{"in":["fc139c17-d8ba-40f0-8fc0-de857274c943","6d5e601a-d676-4cc6-a860-1a65d3734dab","c68a8236-7b93-4ff3-be69-01297ecfaceb","3b2c2b6a-7ec1-48cb-b98e-4ce026c6a984","2dc472bd-b2a9-4f5b-9066-b0561963cafe","941754a0-1107-4c7c-b7db-980d23df8557","5dac5c27-9d02-455e-bb18-022d0f9afc43","a98aa35e-414a-4939-b425-e0455bfe7eb7","59c25921-95e6-45bd-b7ad-0a07d7079537","6fbc44cd-4167-4571-8198-953e7281a059","9bd78fcd-deeb-4106-a5ec-68a6df672b97","4a6fae60-0298-4026-b0b6-378ed0ec880b"]}}
2026-07-17T18:09:02.774Z - [Leads] [Leads] Violations found: 0
2026-07-17T18:10:02.959Z - [Leads] Entered getViolations
2026-07-17T18:10:02.969Z - [Leads] User: fc139c17-d8ba-40f0-8fc0-de857274c943, Role: admin
2026-07-17T18:10:02.972Z - [Leads] Fetching visible users...
2026-07-17T18:10:03.572Z - [Leads] Visible users found: 12
2026-07-17T18:10:03.576Z - [Leads] [Leads] Querying Prisma with where: {"rotationViolation":true,"isDeleted":false,"organisationId":"23d99450-83e7-4382-9312-d07f083447c0","previousOwnerId":{"in":["fc139c17-d8ba-40f0-8fc0-de857274c943","6d5e601a-d676-4cc6-a860-1a65d3734dab","c68a8236-7b93-4ff3-be69-01297ecfaceb","3b2c2b6a-7ec1-48cb-b98e-4ce026c6a984","2dc472bd-b2a9-4f5b-9066-b0561963cafe","941754a0-1107-4c7c-b7db-980d23df8557","5dac5c27-9d02-455e-bb18-022d0f9afc43","a98aa35e-414a-4939-b425-e0455bfe7eb7","59c25921-95e6-45bd-b7ad-0a07d7079537","6fbc44cd-4167-4571-8198-953e7281a059","9bd78fcd-deeb-4106-a5ec-68a6df672b97","4a6fae60-0298-4026-b0b6-378ed0ec880b"]}}
2026-07-17T18:10:03.618Z - [Leads] [Leads] Violations found: 0
2026-07-17T18:11:03.782Z - [Leads] Entered getViolations
2026-07-17T18:11:03.784Z - [Leads] User: fc139c17-d8ba-40f0-8fc0-de857274c943, Role: admin
2026-07-17T18:11:03.788Z - [Leads] Fetching visible users...
2026-07-17T18:11:04.538Z - [Leads] Visible users found: 12
2026-07-17T18:11:04.542Z - [Leads] [Leads] Querying Prisma with where: {"rotationViolation":true,"isDeleted":false,"organisationId":"23d99450-83e7-4382-9312-d07f083447c0","previousOwnerId":{"in":["fc139c17-d8ba-40f0-8fc0-de857274c943","6d5e601a-d676-4cc6-a860-1a65d3734dab","c68a8236-7b93-4ff3-be69-01297ecfaceb","3b2c2b6a-7ec1-48cb-b98e-4ce026c6a984","2dc472bd-b2a9-4f5b-9066-b0561963cafe","941754a0-1107-4c7c-b7db-980d23df8557","5dac5c27-9d02-455e-bb18-022d0f9afc43","a98aa35e-414a-4939-b425-e0455bfe7eb7","59c25921-95e6-45bd-b7ad-0a07d7079537","6fbc44cd-4167-4571-8198-953e7281a059","9bd78fcd-deeb-4106-a5ec-68a6df672b97","4a6fae60-0298-4026-b0b6-378ed0ec880b"]}}
2026-07-17T18:11:04.614Z - [Leads] [Leads] Violations found: 0
2026-07-17T18:12:04.816Z - [Leads] Entered getViolations
2026-07-17T18:12:04.821Z - [Leads] User: fc139c17-d8ba-40f0-8fc0-de857274c943, Role: admin
2026-07-17T18:12:04.825Z - [Leads] Fetching visible users...
2026-07-17T18:12:05.411Z - [Leads] Visible users found: 12
2026-07-17T18:12:05.414Z - [Leads] [Leads] Querying Prisma with where: {"rotationViolation":true,"isDeleted":false,"organisationId":"23d99450-83e7-4382-9312-d07f083447c0","previousOwnerId":{"in":["fc139c17-d8ba-40f0-8fc0-de857274c943","6d5e601a-d676-4cc6-a860-1a65d3734dab","c68a8236-7b93-4ff3-be69-01297ecfaceb","3b2c2b6a-7ec1-48cb-b98e-4ce026c6a984","2dc472bd-b2a9-4f5b-9066-b0561963cafe","941754a0-1107-4c7c-b7db-980d23df8557","5dac5c27-9d02-455e-bb18-022d0f9afc43","a98aa35e-414a-4939-b425-e0455bfe7eb7","59c25921-95e6-45bd-b7ad-0a07d7079537","6fbc44cd-4167-4571-8198-953e7281a059","9bd78fcd-deeb-4106-a5ec-68a6df672b97","4a6fae60-0298-4026-b0b6-378ed0ec880b"]}}
2026-07-17T18:12:05.454Z - [Leads] [Leads] Violations found: 0
2026-07-17T18:13:05.618Z - [Leads] Entered getViolations
2026-07-17T18:13:05.621Z - [Leads] User: fc139c17-d8ba-40f0-8fc0-de857274c943, Role: admin
2026-07-17T18:13:05.623Z - [Leads] Fetching visible users...
2026-07-17T18:13:06.204Z - [Leads] Visible users found: 12
2026-07-17T18:13:06.208Z - [Leads] [Leads] Querying Prisma with where: {"rotationViolation":true,"isDeleted":false,"organisationId":"23d99450-83e7-4382-9312-d07f083447c0","previousOwnerId":{"in":["fc139c17-d8ba-40f0-8fc0-de857274c943","6d5e601a-d676-4cc6-a860-1a65d3734dab","c68a8236-7b93-4ff3-be69-01297ecfaceb","3b2c2b6a-7ec1-48cb-b98e-4ce026c6a984","2dc472bd-b2a9-4f5b-9066-b0561963cafe","941754a0-1107-4c7c-b7db-980d23df8557","5dac5c27-9d02-455e-bb18-022d0f9afc43","a98aa35e-414a-4939-b425-e0455bfe7eb7","59c25921-95e6-45bd-b7ad-0a07d7079537","6fbc44cd-4167-4571-8198-953e7281a059","9bd78fcd-deeb-4106-a5ec-68a6df672b97","4a6fae60-0298-4026-b0b6-378ed0ec880b"]}}
2026-07-17T18:13:06.247Z - [Leads] [Leads] Violations found: 0
2026-07-17T18:14:06.669Z - [Leads] Entered getViolations
2026-07-17T18:14:06.672Z - [Leads] User: fc139c17-d8ba-40f0-8fc0-de857274c943, Role: admin
2026-07-17T18:14:06.675Z - [Leads] Fetching visible users...
2026-07-17T18:14:07.534Z - [Leads] Visible users found: 12
2026-07-17T18:14:07.536Z - [Leads] [Leads] Querying Prisma with where: {"rotationViolation":true,"isDeleted":false,"organisationId":"23d99450-83e7-4382-9312-d07f083447c0","previousOwnerId":{"in":["fc139c17-d8ba-40f0-8fc0-de857274c943","6d5e601a-d676-4cc6-a860-1a65d3734dab","c68a8236-7b93-4ff3-be69-01297ecfaceb","3b2c2b6a-7ec1-48cb-b98e-4ce026c6a984","2dc472bd-b2a9-4f5b-9066-b0561963cafe","941754a0-1107-4c7c-b7db-980d23df8557","5dac5c27-9d02-455e-bb18-022d0f9afc43","a98aa35e-414a-4939-b425-e0455bfe7eb7","59c25921-95e6-45bd-b7ad-0a07d7079537","6fbc44cd-4167-4571-8198-953e7281a059","9bd78fcd-deeb-4106-a5ec-68a6df672b97","4a6fae60-0298-4026-b0b6-378ed0ec880b"]}}
2026-07-17T18:14:07.580Z - [Leads] [Leads] Violations found: 0
2026-07-17T18:15:07.931Z - [Leads] Entered getViolations
2026-07-17T18:15:07.936Z - [Leads] User: fc139c17-d8ba-40f0-8fc0-de857274c943, Role: admin
2026-07-17T18:15:07.943Z - [Leads] Fetching visible users...
2026-07-17T18:15:08.716Z - [Leads] Visible users found: 12
2026-07-17T18:15:08.719Z - [Leads] [Leads] Querying Prisma with where: {"rotationViolation":true,"isDeleted":false,"organisationId":"23d99450-83e7-4382-9312-d07f083447c0","previousOwnerId":{"in":["fc139c17-d8ba-40f0-8fc0-de857274c943","6d5e601a-d676-4cc6-a860-1a65d3734dab","c68a8236-7b93-4ff3-be69-01297ecfaceb","3b2c2b6a-7ec1-48cb-b98e-4ce026c6a984","2dc472bd-b2a9-4f5b-9066-b0561963cafe","941754a0-1107-4c7c-b7db-980d23df8557","5dac5c27-9d02-455e-bb18-022d0f9afc43","a98aa35e-414a-4939-b425-e0455bfe7eb7","59c25921-95e6-45bd-b7ad-0a07d7079537","6fbc44cd-4167-4571-8198-953e7281a059","9bd78fcd-deeb-4106-a5ec-68a6df672b97","4a6fae60-0298-4026-b0b6-378ed0ec880b"]}}
2026-07-17T18:15:08.796Z - [Leads] [Leads] Violations found: 0
2026-07-17T18:16:09.008Z - [Leads] Entered getViolations
2026-07-17T18:16:09.011Z - [Leads] User: fc139c17-d8ba-40f0-8fc0-de857274c943, Role: admin
2026-07-17T18:16:09.013Z - [Leads] Fetching visible users...
2026-07-17T18:16:09.634Z - [Leads] Visible users found: 12
2026-07-17T18:16:09.636Z - [Leads] [Leads] Querying Prisma with where: {"rotationViolation":true,"isDeleted":false,"organisationId":"23d99450-83e7-4382-9312-d07f083447c0","previousOwnerId":{"in":["fc139c17-d8ba-40f0-8fc0-de857274c943","6d5e601a-d676-4cc6-a860-1a65d3734dab","c68a8236-7b93-4ff3-be69-01297ecfaceb","3b2c2b6a-7ec1-48cb-b98e-4ce026c6a984","2dc472bd-b2a9-4f5b-9066-b0561963cafe","941754a0-1107-4c7c-b7db-980d23df8557","5dac5c27-9d02-455e-bb18-022d0f9afc43","a98aa35e-414a-4939-b425-e0455bfe7eb7","59c25921-95e6-45bd-b7ad-0a07d7079537","6fbc44cd-4167-4571-8198-953e7281a059","9bd78fcd-deeb-4106-a5ec-68a6df672b97","4a6fae60-0298-4026-b0b6-378ed0ec880b"]}}
2026-07-17T18:16:09.675Z - [Leads] [Leads] Violations found: 0
2026-07-17T18:17:09.859Z - [Leads] Entered getViolations
2026-07-17T18:17:09.862Z - [Leads] User: fc139c17-d8ba-40f0-8fc0-de857274c943, Role: admin
2026-07-17T18:17:09.864Z - [Leads] Fetching visible users...
2026-07-17T18:17:10.438Z - [Leads] Visible users found: 12
2026-07-17T18:17:10.441Z - [Leads] [Leads] Querying Prisma with where: {"rotationViolation":true,"isDeleted":false,"organisationId":"23d99450-83e7-4382-9312-d07f083447c0","previousOwnerId":{"in":["fc139c17-d8ba-40f0-8fc0-de857274c943","6d5e601a-d676-4cc6-a860-1a65d3734dab","c68a8236-7b93-4ff3-be69-01297ecfaceb","3b2c2b6a-7ec1-48cb-b98e-4ce026c6a984","2dc472bd-b2a9-4f5b-9066-b0561963cafe","941754a0-1107-4c7c-b7db-980d23df8557","5dac5c27-9d02-455e-bb18-022d0f9afc43","a98aa35e-414a-4939-b425-e0455bfe7eb7","59c25921-95e6-45bd-b7ad-0a07d7079537","6fbc44cd-4167-4571-8198-953e7281a059","9bd78fcd-deeb-4106-a5ec-68a6df672b97","4a6fae60-0298-4026-b0b6-378ed0ec880b"]}}
2026-07-17T18:17:10.492Z - [Leads] [Leads] Violations found: 0
2026-07-17T18:18:10.675Z - [Leads] Entered getViolations
2026-07-17T18:18:10.679Z - [Leads] User: fc139c17-d8ba-40f0-8fc0-de857274c943, Role: admin
2026-07-17T18:18:10.682Z - [Leads] Fetching visible users...
2026-07-17T18:18:11.281Z - [Leads] Visible users found: 12
2026-07-17T18:18:11.285Z - [Leads] [Leads] Querying Prisma with where: {"rotationViolation":true,"isDeleted":false,"organisationId":"23d99450-83e7-4382-9312-d07f083447c0","previousOwnerId":{"in":["fc139c17-d8ba-40f0-8fc0-de857274c943","6d5e601a-d676-4cc6-a860-1a65d3734dab","c68a8236-7b93-4ff3-be69-01297ecfaceb","3b2c2b6a-7ec1-48cb-b98e-4ce026c6a984","2dc472bd-b2a9-4f5b-9066-b0561963cafe","941754a0-1107-4c7c-b7db-980d23df8557","5dac5c27-9d02-455e-bb18-022d0f9afc43","a98aa35e-414a-4939-b425-e0455bfe7eb7","59c25921-95e6-45bd-b7ad-0a07d7079537","6fbc44cd-4167-4571-8198-953e7281a059","9bd78fcd-deeb-4106-a5ec-68a6df672b97","4a6fae60-0298-4026-b0b6-378ed0ec880b"]}}
2026-07-17T18:18:11.333Z - [Leads] [Leads] Violations found: 0
2026-07-17T18:19:11.588Z - [Leads] Entered getViolations
2026-07-17T18:19:11.591Z - [Leads] User: fc139c17-d8ba-40f0-8fc0-de857274c943, Role: admin
2026-07-17T18:19:11.595Z - [Leads] Fetching visible users...
2026-07-17T18:19:12.189Z - [Leads] Visible users found: 12
2026-07-17T18:19:12.192Z - [Leads] [Leads] Querying Prisma with where: {"rotationViolation":true,"isDeleted":false,"organisationId":"23d99450-83e7-4382-9312-d07f083447c0","previousOwnerId":{"in":["fc139c17-d8ba-40f0-8fc0-de857274c943","6d5e601a-d676-4cc6-a860-1a65d3734dab","c68a8236-7b93-4ff3-be69-01297ecfaceb","3b2c2b6a-7ec1-48cb-b98e-4ce026c6a984","2dc472bd-b2a9-4f5b-9066-b0561963cafe","941754a0-1107-4c7c-b7db-980d23df8557","5dac5c27-9d02-455e-bb18-022d0f9afc43","a98aa35e-414a-4939-b425-e0455bfe7eb7","59c25921-95e6-45bd-b7ad-0a07d7079537","6fbc44cd-4167-4571-8198-953e7281a059","9bd78fcd-deeb-4106-a5ec-68a6df672b97","4a6fae60-0298-4026-b0b6-378ed0ec880b"]}}
2026-07-17T18:19:12.234Z - [Leads] [Leads] Violations found: 0
2026-07-17T18:20:12.807Z - [Leads] Entered getViolations
2026-07-17T18:20:12.813Z - [Leads] User: fc139c17-d8ba-40f0-8fc0-de857274c943, Role: admin
2026-07-17T18:20:12.817Z - [Leads] Fetching visible users...
2026-07-17T18:20:13.553Z - [Leads] Visible users found: 12
2026-07-17T18:20:13.557Z - [Leads] [Leads] Querying Prisma with where: {"rotationViolation":true,"isDeleted":false,"organisationId":"23d99450-83e7-4382-9312-d07f083447c0","previousOwnerId":{"in":["fc139c17-d8ba-40f0-8fc0-de857274c943","6d5e601a-d676-4cc6-a860-1a65d3734dab","c68a8236-7b93-4ff3-be69-01297ecfaceb","3b2c2b6a-7ec1-48cb-b98e-4ce026c6a984","2dc472bd-b2a9-4f5b-9066-b0561963cafe","941754a0-1107-4c7c-b7db-980d23df8557","5dac5c27-9d02-455e-bb18-022d0f9afc43","a98aa35e-414a-4939-b425-e0455bfe7eb7","59c25921-95e6-45bd-b7ad-0a07d7079537","6fbc44cd-4167-4571-8198-953e7281a059","9bd78fcd-deeb-4106-a5ec-68a6df672b97","4a6fae60-0298-4026-b0b6-378ed0ec880b"]}}
2026-07-17T18:20:13.658Z - [Leads] [Leads] Violations found: 0
2026-07-17T18:21:13.897Z - [Leads] Entered getViolations
2026-07-17T18:21:13.900Z - [Leads] User: fc139c17-d8ba-40f0-8fc0-de857274c943, Role: admin
2026-07-17T18:21:13.903Z - [Leads] Fetching visible users...
2026-07-17T18:21:14.741Z - [Leads] Visible users found: 12
2026-07-17T18:21:14.745Z - [Leads] [Leads] Querying Prisma with where: {"rotationViolation":true,"isDeleted":false,"organisationId":"23d99450-83e7-4382-9312-d07f083447c0","previousOwnerId":{"in":["fc139c17-d8ba-40f0-8fc0-de857274c943","6d5e601a-d676-4cc6-a860-1a65d3734dab","c68a8236-7b93-4ff3-be69-01297ecfaceb","3b2c2b6a-7ec1-48cb-b98e-4ce026c6a984","2dc472bd-b2a9-4f5b-9066-b0561963cafe","941754a0-1107-4c7c-b7db-980d23df8557","5dac5c27-9d02-455e-bb18-022d0f9afc43","a98aa35e-414a-4939-b425-e0455bfe7eb7","59c25921-95e6-45bd-b7ad-0a07d7079537","6fbc44cd-4167-4571-8198-953e7281a059","9bd78fcd-deeb-4106-a5ec-68a6df672b97","4a6fae60-0298-4026-b0b6-378ed0ec880b"]}}
2026-07-17T18:21:14.791Z - [Leads] [Leads] Violations found: 0
2026-07-17T18:22:15.019Z - [Leads] Entered getViolations
2026-07-17T18:22:15.025Z - [Leads] User: fc139c17-d8ba-40f0-8fc0-de857274c943, Role: admin
2026-07-17T18:22:15.028Z - [Leads] Fetching visible users...
2026-07-17T18:22:15.855Z - [Leads] Visible users found: 12
2026-07-17T18:22:15.859Z - [Leads] [Leads] Querying Prisma with where: {"rotationViolation":true,"isDeleted":false,"organisationId":"23d99450-83e7-4382-9312-d07f083447c0","previousOwnerId":{"in":["fc139c17-d8ba-40f0-8fc0-de857274c943","6d5e601a-d676-4cc6-a860-1a65d3734dab","c68a8236-7b93-4ff3-be69-01297ecfaceb","3b2c2b6a-7ec1-48cb-b98e-4ce026c6a984","2dc472bd-b2a9-4f5b-9066-b0561963cafe","941754a0-1107-4c7c-b7db-980d23df8557","5dac5c27-9d02-455e-bb18-022d0f9afc43","a98aa35e-414a-4939-b425-e0455bfe7eb7","59c25921-95e6-45bd-b7ad-0a07d7079537","6fbc44cd-4167-4571-8198-953e7281a059","9bd78fcd-deeb-4106-a5ec-68a6df672b97","4a6fae60-0298-4026-b0b6-378ed0ec880b"]}}
2026-07-17T18:22:15.901Z - [Leads] [Leads] Violations found: 0
2026-07-17T18:23:16.122Z - [Leads] Entered getViolations
2026-07-17T18:23:16.124Z - [Leads] User: fc139c17-d8ba-40f0-8fc0-de857274c943, Role: admin
2026-07-17T18:23:16.126Z - [Leads] Fetching visible users...
2026-07-17T18:23:16.674Z - [Leads] Visible users found: 12
2026-07-17T18:23:16.676Z - [Leads] [Leads] Querying Prisma with where: {"rotationViolation":true,"isDeleted":false,"organisationId":"23d99450-83e7-4382-9312-d07f083447c0","previousOwnerId":{"in":["fc139c17-d8ba-40f0-8fc0-de857274c943","6d5e601a-d676-4cc6-a860-1a65d3734dab","c68a8236-7b93-4ff3-be69-01297ecfaceb","3b2c2b6a-7ec1-48cb-b98e-4ce026c6a984","2dc472bd-b2a9-4f5b-9066-b0561963cafe","941754a0-1107-4c7c-b7db-980d23df8557","5dac5c27-9d02-455e-bb18-022d0f9afc43","a98aa35e-414a-4939-b425-e0455bfe7eb7","59c25921-95e6-45bd-b7ad-0a07d7079537","6fbc44cd-4167-4571-8198-953e7281a059","9bd78fcd-deeb-4106-a5ec-68a6df672b97","4a6fae60-0298-4026-b0b6-378ed0ec880b"]}}
2026-07-17T18:23:16.723Z - [Leads] [Leads] Violations found: 0
2026-07-17T18:24:17.320Z - [Leads] Entered getViolations
2026-07-17T18:24:17.325Z - [Leads] User: fc139c17-d8ba-40f0-8fc0-de857274c943, Role: admin
2026-07-17T18:24:17.329Z - [Leads] Fetching visible users...
2026-07-17T18:24:17.987Z - [Leads] Visible users found: 12
2026-07-17T18:24:17.989Z - [Leads] [Leads] Querying Prisma with where: {"rotationViolation":true,"isDeleted":false,"organisationId":"23d99450-83e7-4382-9312-d07f083447c0","previousOwnerId":{"in":["fc139c17-d8ba-40f0-8fc0-de857274c943","6d5e601a-d676-4cc6-a860-1a65d3734dab","c68a8236-7b93-4ff3-be69-01297ecfaceb","3b2c2b6a-7ec1-48cb-b98e-4ce026c6a984","2dc472bd-b2a9-4f5b-9066-b0561963cafe","941754a0-1107-4c7c-b7db-980d23df8557","5dac5c27-9d02-455e-bb18-022d0f9afc43","a98aa35e-414a-4939-b425-e0455bfe7eb7","59c25921-95e6-45bd-b7ad-0a07d7079537","6fbc44cd-4167-4571-8198-953e7281a059","9bd78fcd-deeb-4106-a5ec-68a6df672b97","4a6fae60-0298-4026-b0b6-378ed0ec880b"]}}
2026-07-17T18:24:18.029Z - [Leads] [Leads] Violations found: 0
2026-07-17T18:25:18.233Z - [Leads] Entered getViolations
2026-07-17T18:25:18.236Z - [Leads] User: fc139c17-d8ba-40f0-8fc0-de857274c943, Role: admin
2026-07-17T18:25:18.238Z - [Leads] Fetching visible users...
2026-07-17T18:25:18.940Z - [Leads] Visible users found: 12
2026-07-17T18:25:18.943Z - [Leads] [Leads] Querying Prisma with where: {"rotationViolation":true,"isDeleted":false,"organisationId":"23d99450-83e7-4382-9312-d07f083447c0","previousOwnerId":{"in":["fc139c17-d8ba-40f0-8fc0-de857274c943","6d5e601a-d676-4cc6-a860-1a65d3734dab","c68a8236-7b93-4ff3-be69-01297ecfaceb","3b2c2b6a-7ec1-48cb-b98e-4ce026c6a984","2dc472bd-b2a9-4f5b-9066-b0561963cafe","941754a0-1107-4c7c-b7db-980d23df8557","5dac5c27-9d02-455e-bb18-022d0f9afc43","a98aa35e-414a-4939-b425-e0455bfe7eb7","59c25921-95e6-45bd-b7ad-0a07d7079537","6fbc44cd-4167-4571-8198-953e7281a059","9bd78fcd-deeb-4106-a5ec-68a6df672b97","4a6fae60-0298-4026-b0b6-378ed0ec880b"]}}
2026-07-17T18:25:19.019Z - [Leads] [Leads] Violations found: 0
2026-07-17T18:26:19.232Z - [Leads] Entered getViolations
2026-07-17T18:26:19.235Z - [Leads] User: fc139c17-d8ba-40f0-8fc0-de857274c943, Role: admin
2026-07-17T18:26:19.237Z - [Leads] Fetching visible users...
2026-07-17T18:26:20.013Z - [Leads] Visible users found: 12
2026-07-17T18:26:20.020Z - [Leads] [Leads] Querying Prisma with where: {"rotationViolation":true,"isDeleted":false,"organisationId":"23d99450-83e7-4382-9312-d07f083447c0","previousOwnerId":{"in":["fc139c17-d8ba-40f0-8fc0-de857274c943","6d5e601a-d676-4cc6-a860-1a65d3734dab","c68a8236-7b93-4ff3-be69-01297ecfaceb","3b2c2b6a-7ec1-48cb-b98e-4ce026c6a984","2dc472bd-b2a9-4f5b-9066-b0561963cafe","941754a0-1107-4c7c-b7db-980d23df8557","5dac5c27-9d02-455e-bb18-022d0f9afc43","a98aa35e-414a-4939-b425-e0455bfe7eb7","59c25921-95e6-45bd-b7ad-0a07d7079537","6fbc44cd-4167-4571-8198-953e7281a059","9bd78fcd-deeb-4106-a5ec-68a6df672b97","4a6fae60-0298-4026-b0b6-378ed0ec880b"]}}
2026-07-17T18:26:20.102Z - [Leads] [Leads] Violations found: 0
2026-07-17T18:27:20.328Z - [Leads] Entered getViolations
2026-07-17T18:27:20.331Z - [Leads] User: fc139c17-d8ba-40f0-8fc0-de857274c943, Role: admin
2026-07-17T18:27:20.333Z - [Leads] Fetching visible users...
2026-07-17T18:27:21.176Z - [Leads] Visible users found: 12
2026-07-17T18:27:21.179Z - [Leads] [Leads] Querying Prisma with where: {"rotationViolation":true,"isDeleted":false,"organisationId":"23d99450-83e7-4382-9312-d07f083447c0","previousOwnerId":{"in":["fc139c17-d8ba-40f0-8fc0-de857274c943","6d5e601a-d676-4cc6-a860-1a65d3734dab","c68a8236-7b93-4ff3-be69-01297ecfaceb","3b2c2b6a-7ec1-48cb-b98e-4ce026c6a984","2dc472bd-b2a9-4f5b-9066-b0561963cafe","941754a0-1107-4c7c-b7db-980d23df8557","5dac5c27-9d02-455e-bb18-022d0f9afc43","a98aa35e-414a-4939-b425-e0455bfe7eb7","59c25921-95e6-45bd-b7ad-0a07d7079537","6fbc44cd-4167-4571-8198-953e7281a059","9bd78fcd-deeb-4106-a5ec-68a6df672b97","4a6fae60-0298-4026-b0b6-378ed0ec880b"]}}
2026-07-17T18:27:21.220Z - [Leads] [Leads] Violations found: 0
2026-07-17T18:28:21.442Z - [Leads] Entered getViolations
2026-07-17T18:28:21.444Z - [Leads] User: fc139c17-d8ba-40f0-8fc0-de857274c943, Role: admin
2026-07-17T18:28:21.451Z - [Leads] Fetching visible users...
2026-07-17T18:28:22.082Z - [Leads] Visible users found: 12
2026-07-17T18:28:22.084Z - [Leads] [Leads] Querying Prisma with where: {"rotationViolation":true,"isDeleted":false,"organisationId":"23d99450-83e7-4382-9312-d07f083447c0","previousOwnerId":{"in":["fc139c17-d8ba-40f0-8fc0-de857274c943","6d5e601a-d676-4cc6-a860-1a65d3734dab","c68a8236-7b93-4ff3-be69-01297ecfaceb","3b2c2b6a-7ec1-48cb-b98e-4ce026c6a984","2dc472bd-b2a9-4f5b-9066-b0561963cafe","941754a0-1107-4c7c-b7db-980d23df8557","5dac5c27-9d02-455e-bb18-022d0f9afc43","a98aa35e-414a-4939-b425-e0455bfe7eb7","59c25921-95e6-45bd-b7ad-0a07d7079537","6fbc44cd-4167-4571-8198-953e7281a059","9bd78fcd-deeb-4106-a5ec-68a6df672b97","4a6fae60-0298-4026-b0b6-378ed0ec880b"]}}
2026-07-17T18:28:22.127Z - [Leads] [Leads] Violations found: 0
2026-07-17T18:29:22.307Z - [Leads] Entered getViolations
2026-07-17T18:29:22.311Z - [Leads] User: fc139c17-d8ba-40f0-8fc0-de857274c943, Role: admin
2026-07-17T18:29:22.314Z - [Leads] Fetching visible users...
2026-07-17T18:29:22.917Z - [Leads] Visible users found: 12
2026-07-17T18:29:22.920Z - [Leads] [Leads] Querying Prisma with where: {"rotationViolation":true,"isDeleted":false,"organisationId":"23d99450-83e7-4382-9312-d07f083447c0","previousOwnerId":{"in":["fc139c17-d8ba-40f0-8fc0-de857274c943","6d5e601a-d676-4cc6-a860-1a65d3734dab","c68a8236-7b93-4ff3-be69-01297ecfaceb","3b2c2b6a-7ec1-48cb-b98e-4ce026c6a984","2dc472bd-b2a9-4f5b-9066-b0561963cafe","941754a0-1107-4c7c-b7db-980d23df8557","5dac5c27-9d02-455e-bb18-022d0f9afc43","a98aa35e-414a-4939-b425-e0455bfe7eb7","59c25921-95e6-45bd-b7ad-0a07d7079537","6fbc44cd-4167-4571-8198-953e7281a059","9bd78fcd-deeb-4106-a5ec-68a6df672b97","4a6fae60-0298-4026-b0b6-378ed0ec880b"]}}
2026-07-17T18:29:22.963Z - [Leads] [Leads] Violations found: 0
2026-07-17T18:30:23.245Z - [Leads] Entered getViolations
2026-07-17T18:30:23.247Z - [Leads] User: fc139c17-d8ba-40f0-8fc0-de857274c943, Role: admin
2026-07-17T18:30:23.250Z - [Leads] Fetching visible users...
2026-07-17T18:30:23.992Z - [Leads] Visible users found: 12
2026-07-17T18:30:23.994Z - [Leads] [Leads] Querying Prisma with where: {"rotationViolation":true,"isDeleted":false,"organisationId":"23d99450-83e7-4382-9312-d07f083447c0","previousOwnerId":{"in":["fc139c17-d8ba-40f0-8fc0-de857274c943","6d5e601a-d676-4cc6-a860-1a65d3734dab","c68a8236-7b93-4ff3-be69-01297ecfaceb","3b2c2b6a-7ec1-48cb-b98e-4ce026c6a984","2dc472bd-b2a9-4f5b-9066-b0561963cafe","941754a0-1107-4c7c-b7db-980d23df8557","5dac5c27-9d02-455e-bb18-022d0f9afc43","a98aa35e-414a-4939-b425-e0455bfe7eb7","59c25921-95e6-45bd-b7ad-0a07d7079537","6fbc44cd-4167-4571-8198-953e7281a059","9bd78fcd-deeb-4106-a5ec-68a6df672b97","4a6fae60-0298-4026-b0b6-378ed0ec880b"]}}
2026-07-17T18:30:24.074Z - [Leads] [Leads] Violations found: 0
2026-07-17T18:31:24.302Z - [Leads] Entered getViolations
2026-07-17T18:31:24.305Z - [Leads] User: fc139c17-d8ba-40f0-8fc0-de857274c943, Role: admin
2026-07-17T18:31:24.307Z - [Leads] Fetching visible users...
2026-07-17T18:31:24.942Z - [Leads] Visible users found: 12
2026-07-17T18:31:24.958Z - [Leads] [Leads] Querying Prisma with where: {"rotationViolation":true,"isDeleted":false,"organisationId":"23d99450-83e7-4382-9312-d07f083447c0","previousOwnerId":{"in":["fc139c17-d8ba-40f0-8fc0-de857274c943","6d5e601a-d676-4cc6-a860-1a65d3734dab","c68a8236-7b93-4ff3-be69-01297ecfaceb","3b2c2b6a-7ec1-48cb-b98e-4ce026c6a984","2dc472bd-b2a9-4f5b-9066-b0561963cafe","941754a0-1107-4c7c-b7db-980d23df8557","5dac5c27-9d02-455e-bb18-022d0f9afc43","a98aa35e-414a-4939-b425-e0455bfe7eb7","59c25921-95e6-45bd-b7ad-0a07d7079537","6fbc44cd-4167-4571-8198-953e7281a059","9bd78fcd-deeb-4106-a5ec-68a6df672b97","4a6fae60-0298-4026-b0b6-378ed0ec880b"]}}
2026-07-17T18:31:25.001Z - [Leads] [Leads] Violations found: 0
2026-07-17T18:32:25.182Z - [Leads] Entered getViolations
2026-07-17T18:32:25.229Z - [Leads] User: fc139c17-d8ba-40f0-8fc0-de857274c943, Role: admin
2026-07-17T18:32:25.253Z - [Leads] Fetching visible users...
2026-07-17T18:32:25.832Z - [Leads] Visible users found: 12
2026-07-17T18:32:25.835Z - [Leads] [Leads] Querying Prisma with where: {"rotationViolation":true,"isDeleted":false,"organisationId":"23d99450-83e7-4382-9312-d07f083447c0","previousOwnerId":{"in":["fc139c17-d8ba-40f0-8fc0-de857274c943","6d5e601a-d676-4cc6-a860-1a65d3734dab","c68a8236-7b93-4ff3-be69-01297ecfaceb","3b2c2b6a-7ec1-48cb-b98e-4ce026c6a984","2dc472bd-b2a9-4f5b-9066-b0561963cafe","941754a0-1107-4c7c-b7db-980d23df8557","5dac5c27-9d02-455e-bb18-022d0f9afc43","a98aa35e-414a-4939-b425-e0455bfe7eb7","59c25921-95e6-45bd-b7ad-0a07d7079537","6fbc44cd-4167-4571-8198-953e7281a059","9bd78fcd-deeb-4106-a5ec-68a6df672b97","4a6fae60-0298-4026-b0b6-378ed0ec880b"]}}
2026-07-17T18:32:25.884Z - [Leads] [Leads] Violations found: 0
2026-07-17T18:33:26.067Z - [Leads] Entered getViolations
2026-07-17T18:33:26.070Z - [Leads] User: fc139c17-d8ba-40f0-8fc0-de857274c943, Role: admin
2026-07-17T18:33:26.073Z - [Leads] Fetching visible users...
2026-07-17T18:33:26.981Z - [Leads] Visible users found: 12
2026-07-17T18:33:26.985Z - [Leads] [Leads] Querying Prisma with where: {"rotationViolation":true,"isDeleted":false,"organisationId":"23d99450-83e7-4382-9312-d07f083447c0","previousOwnerId":{"in":["fc139c17-d8ba-40f0-8fc0-de857274c943","6d5e601a-d676-4cc6-a860-1a65d3734dab","c68a8236-7b93-4ff3-be69-01297ecfaceb","3b2c2b6a-7ec1-48cb-b98e-4ce026c6a984","2dc472bd-b2a9-4f5b-9066-b0561963cafe","941754a0-1107-4c7c-b7db-980d23df8557","5dac5c27-9d02-455e-bb18-022d0f9afc43","a98aa35e-414a-4939-b425-e0455bfe7eb7","59c25921-95e6-45bd-b7ad-0a07d7079537","6fbc44cd-4167-4571-8198-953e7281a059","9bd78fcd-deeb-4106-a5ec-68a6df672b97","4a6fae60-0298-4026-b0b6-378ed0ec880b"]}}
2026-07-17T18:33:27.055Z - [Leads] [Leads] Violations found: 0
2026-07-17T18:34:27.271Z - [Leads] Entered getViolations
2026-07-17T18:34:27.274Z - [Leads] User: fc139c17-d8ba-40f0-8fc0-de857274c943, Role: admin
2026-07-17T18:34:27.276Z - [Leads] Fetching visible users...
2026-07-17T18:34:27.873Z - [Leads] Visible users found: 12
2026-07-17T18:34:27.877Z - [Leads] [Leads] Querying Prisma with where: {"rotationViolation":true,"isDeleted":false,"organisationId":"23d99450-83e7-4382-9312-d07f083447c0","previousOwnerId":{"in":["fc139c17-d8ba-40f0-8fc0-de857274c943","6d5e601a-d676-4cc6-a860-1a65d3734dab","c68a8236-7b93-4ff3-be69-01297ecfaceb","3b2c2b6a-7ec1-48cb-b98e-4ce026c6a984","2dc472bd-b2a9-4f5b-9066-b0561963cafe","941754a0-1107-4c7c-b7db-980d23df8557","5dac5c27-9d02-455e-bb18-022d0f9afc43","a98aa35e-414a-4939-b425-e0455bfe7eb7","59c25921-95e6-45bd-b7ad-0a07d7079537","6fbc44cd-4167-4571-8198-953e7281a059","9bd78fcd-deeb-4106-a5ec-68a6df672b97","4a6fae60-0298-4026-b0b6-378ed0ec880b"]}}
2026-07-17T18:34:28.181Z - [Leads] [Leads] Violations found: 0
2026-07-17T18:35:28.364Z - [Leads] Entered getViolations
2026-07-17T18:35:28.369Z - [Leads] User: fc139c17-d8ba-40f0-8fc0-de857274c943, Role: admin
2026-07-17T18:35:28.373Z - [Leads] Fetching visible users...
2026-07-17T18:35:29.148Z - [Leads] Visible users found: 12
2026-07-17T18:35:29.150Z - [Leads] [Leads] Querying Prisma with where: {"rotationViolation":true,"isDeleted":false,"organisationId":"23d99450-83e7-4382-9312-d07f083447c0","previousOwnerId":{"in":["fc139c17-d8ba-40f0-8fc0-de857274c943","6d5e601a-d676-4cc6-a860-1a65d3734dab","c68a8236-7b93-4ff3-be69-01297ecfaceb","3b2c2b6a-7ec1-48cb-b98e-4ce026c6a984","2dc472bd-b2a9-4f5b-9066-b0561963cafe","941754a0-1107-4c7c-b7db-980d23df8557","5dac5c27-9d02-455e-bb18-022d0f9afc43","a98aa35e-414a-4939-b425-e0455bfe7eb7","59c25921-95e6-45bd-b7ad-0a07d7079537","6fbc44cd-4167-4571-8198-953e7281a059","9bd78fcd-deeb-4106-a5ec-68a6df672b97","4a6fae60-0298-4026-b0b6-378ed0ec880b"]}}
2026-07-17T18:35:29.231Z - [Leads] [Leads] Violations found: 0
2026-07-17T18:36:29.433Z - [Leads] Entered getViolations
2026-07-17T18:36:29.435Z - [Leads] User: fc139c17-d8ba-40f0-8fc0-de857274c943, Role: admin
2026-07-17T18:36:29.437Z - [Leads] Fetching visible users...
2026-07-17T18:36:30.109Z - [Leads] Visible users found: 12
2026-07-17T18:36:30.114Z - [Leads] [Leads] Querying Prisma with where: {"rotationViolation":true,"isDeleted":false,"organisationId":"23d99450-83e7-4382-9312-d07f083447c0","previousOwnerId":{"in":["fc139c17-d8ba-40f0-8fc0-de857274c943","6d5e601a-d676-4cc6-a860-1a65d3734dab","c68a8236-7b93-4ff3-be69-01297ecfaceb","3b2c2b6a-7ec1-48cb-b98e-4ce026c6a984","2dc472bd-b2a9-4f5b-9066-b0561963cafe","941754a0-1107-4c7c-b7db-980d23df8557","5dac5c27-9d02-455e-bb18-022d0f9afc43","a98aa35e-414a-4939-b425-e0455bfe7eb7","59c25921-95e6-45bd-b7ad-0a07d7079537","6fbc44cd-4167-4571-8198-953e7281a059","9bd78fcd-deeb-4106-a5ec-68a6df672b97","4a6fae60-0298-4026-b0b6-378ed0ec880b"]}}
2026-07-17T18:36:30.154Z - [Leads] [Leads] Violations found: 0
2026-07-17T18:37:30.346Z - [Leads] Entered getViolations
2026-07-17T18:37:30.349Z - [Leads] User: fc139c17-d8ba-40f0-8fc0-de857274c943, Role: admin
2026-07-17T18:37:30.350Z - [Leads] Fetching visible users...
2026-07-17T18:37:30.945Z - [Leads] Visible users found: 12
2026-07-17T18:37:30.947Z - [Leads] [Leads] Querying Prisma with where: {"rotationViolation":true,"isDeleted":false,"organisationId":"23d99450-83e7-4382-9312-d07f083447c0","previousOwnerId":{"in":["fc139c17-d8ba-40f0-8fc0-de857274c943","6d5e601a-d676-4cc6-a860-1a65d3734dab","c68a8236-7b93-4ff3-be69-01297ecfaceb","3b2c2b6a-7ec1-48cb-b98e-4ce026c6a984","2dc472bd-b2a9-4f5b-9066-b0561963cafe","941754a0-1107-4c7c-b7db-980d23df8557","5dac5c27-9d02-455e-bb18-022d0f9afc43","a98aa35e-414a-4939-b425-e0455bfe7eb7","59c25921-95e6-45bd-b7ad-0a07d7079537","6fbc44cd-4167-4571-8198-953e7281a059","9bd78fcd-deeb-4106-a5ec-68a6df672b97","4a6fae60-0298-4026-b0b6-378ed0ec880b"]}}
2026-07-17T18:37:30.996Z - [Leads] [Leads] Violations found: 0
2026-07-17T18:38:31.187Z - [Leads] Entered getViolations
2026-07-17T18:38:31.190Z - [Leads] User: fc139c17-d8ba-40f0-8fc0-de857274c943, Role: admin
2026-07-17T18:38:31.193Z - [Leads] Fetching visible users...
2026-07-17T18:38:31.783Z - [Leads] Visible users found: 12
2026-07-17T18:38:31.787Z - [Leads] [Leads] Querying Prisma with where: {"rotationViolation":true,"isDeleted":false,"organisationId":"23d99450-83e7-4382-9312-d07f083447c0","previousOwnerId":{"in":["fc139c17-d8ba-40f0-8fc0-de857274c943","6d5e601a-d676-4cc6-a860-1a65d3734dab","c68a8236-7b93-4ff3-be69-01297ecfaceb","3b2c2b6a-7ec1-48cb-b98e-4ce026c6a984","2dc472bd-b2a9-4f5b-9066-b0561963cafe","941754a0-1107-4c7c-b7db-980d23df8557","5dac5c27-9d02-455e-bb18-022d0f9afc43","a98aa35e-414a-4939-b425-e0455bfe7eb7","59c25921-95e6-45bd-b7ad-0a07d7079537","6fbc44cd-4167-4571-8198-953e7281a059","9bd78fcd-deeb-4106-a5ec-68a6df672b97","4a6fae60-0298-4026-b0b6-378ed0ec880b"]}}
2026-07-17T18:38:31.833Z - [Leads] [Leads] Violations found: 0
2026-07-17T18:39:32.008Z - [Leads] Entered getViolations
2026-07-17T18:39:32.011Z - [Leads] User: fc139c17-d8ba-40f0-8fc0-de857274c943, Role: admin
2026-07-17T18:39:32.013Z - [Leads] Fetching visible users...
2026-07-17T18:39:32.614Z - [Leads] Visible users found: 12
2026-07-17T18:39:32.616Z - [Leads] [Leads] Querying Prisma with where: {"rotationViolation":true,"isDeleted":false,"organisationId":"23d99450-83e7-4382-9312-d07f083447c0","previousOwnerId":{"in":["fc139c17-d8ba-40f0-8fc0-de857274c943","6d5e601a-d676-4cc6-a860-1a65d3734dab","c68a8236-7b93-4ff3-be69-01297ecfaceb","3b2c2b6a-7ec1-48cb-b98e-4ce026c6a984","2dc472bd-b2a9-4f5b-9066-b0561963cafe","941754a0-1107-4c7c-b7db-980d23df8557","5dac5c27-9d02-455e-bb18-022d0f9afc43","a98aa35e-414a-4939-b425-e0455bfe7eb7","59c25921-95e6-45bd-b7ad-0a07d7079537","6fbc44cd-4167-4571-8198-953e7281a059","9bd78fcd-deeb-4106-a5ec-68a6df672b97","4a6fae60-0298-4026-b0b6-378ed0ec880b"]}}
2026-07-17T18:39:32.656Z - [Leads] [Leads] Violations found: 0
2026-07-17T18:40:32.836Z - [Leads] Entered getViolations
2026-07-17T18:40:32.839Z - [Leads] User: fc139c17-d8ba-40f0-8fc0-de857274c943, Role: admin
2026-07-17T18:40:32.842Z - [Leads] Fetching visible users...
2026-07-17T18:40:33.604Z - [Leads] Visible users found: 12
2026-07-17T18:40:33.608Z - [Leads] [Leads] Querying Prisma with where: {"rotationViolation":true,"isDeleted":false,"organisationId":"23d99450-83e7-4382-9312-d07f083447c0","previousOwnerId":{"in":["fc139c17-d8ba-40f0-8fc0-de857274c943","6d5e601a-d676-4cc6-a860-1a65d3734dab","c68a8236-7b93-4ff3-be69-01297ecfaceb","3b2c2b6a-7ec1-48cb-b98e-4ce026c6a984","2dc472bd-b2a9-4f5b-9066-b0561963cafe","941754a0-1107-4c7c-b7db-980d23df8557","5dac5c27-9d02-455e-bb18-022d0f9afc43","a98aa35e-414a-4939-b425-e0455bfe7eb7","59c25921-95e6-45bd-b7ad-0a07d7079537","6fbc44cd-4167-4571-8198-953e7281a059","9bd78fcd-deeb-4106-a5ec-68a6df672b97","4a6fae60-0298-4026-b0b6-378ed0ec880b"]}}
2026-07-17T18:40:33.688Z - [Leads] [Leads] Violations found: 0
2026-07-17T18:41:33.927Z - [Leads] Entered getViolations
2026-07-17T18:41:33.935Z - [Leads] User: fc139c17-d8ba-40f0-8fc0-de857274c943, Role: admin
2026-07-17T18:41:33.939Z - [Leads] Fetching visible users...
2026-07-17T18:41:34.553Z - [Leads] Visible users found: 12
2026-07-17T18:41:34.555Z - [Leads] [Leads] Querying Prisma with where: {"rotationViolation":true,"isDeleted":false,"organisationId":"23d99450-83e7-4382-9312-d07f083447c0","previousOwnerId":{"in":["fc139c17-d8ba-40f0-8fc0-de857274c943","6d5e601a-d676-4cc6-a860-1a65d3734dab","c68a8236-7b93-4ff3-be69-01297ecfaceb","3b2c2b6a-7ec1-48cb-b98e-4ce026c6a984","2dc472bd-b2a9-4f5b-9066-b0561963cafe","941754a0-1107-4c7c-b7db-980d23df8557","5dac5c27-9d02-455e-bb18-022d0f9afc43","a98aa35e-414a-4939-b425-e0455bfe7eb7","59c25921-95e6-45bd-b7ad-0a07d7079537","6fbc44cd-4167-4571-8198-953e7281a059","9bd78fcd-deeb-4106-a5ec-68a6df672b97","4a6fae60-0298-4026-b0b6-378ed0ec880b"]}}
2026-07-17T18:41:34.600Z - [Leads] [Leads] Violations found: 0
2026-07-17T18:42:34.776Z - [Leads] Entered getViolations
2026-07-17T18:42:34.779Z - [Leads] User: fc139c17-d8ba-40f0-8fc0-de857274c943, Role: admin
2026-07-17T18:42:34.780Z - [Leads] Fetching visible users...
2026-07-17T18:42:35.378Z - [Leads] Visible users found: 12
2026-07-17T18:42:35.380Z - [Leads] [Leads] Querying Prisma with where: {"rotationViolation":true,"isDeleted":false,"organisationId":"23d99450-83e7-4382-9312-d07f083447c0","previousOwnerId":{"in":["fc139c17-d8ba-40f0-8fc0-de857274c943","6d5e601a-d676-4cc6-a860-1a65d3734dab","c68a8236-7b93-4ff3-be69-01297ecfaceb","3b2c2b6a-7ec1-48cb-b98e-4ce026c6a984","2dc472bd-b2a9-4f5b-9066-b0561963cafe","941754a0-1107-4c7c-b7db-980d23df8557","5dac5c27-9d02-455e-bb18-022d0f9afc43","a98aa35e-414a-4939-b425-e0455bfe7eb7","59c25921-95e6-45bd-b7ad-0a07d7079537","6fbc44cd-4167-4571-8198-953e7281a059","9bd78fcd-deeb-4106-a5ec-68a6df672b97","4a6fae60-0298-4026-b0b6-378ed0ec880b"]}}
2026-07-17T18:42:35.428Z - [Leads] [Leads] Violations found: 0
2026-07-17T18:43:35.644Z - [Leads] Entered getViolations
2026-07-17T18:43:35.647Z - [Leads] User: fc139c17-d8ba-40f0-8fc0-de857274c943, Role: admin
2026-07-17T18:43:35.650Z - [Leads] Fetching visible users...
2026-07-17T18:43:36.480Z - [Leads] Visible users found: 12
2026-07-17T18:43:36.485Z - [Leads] [Leads] Querying Prisma with where: {"rotationViolation":true,"isDeleted":false,"organisationId":"23d99450-83e7-4382-9312-d07f083447c0","previousOwnerId":{"in":["fc139c17-d8ba-40f0-8fc0-de857274c943","6d5e601a-d676-4cc6-a860-1a65d3734dab","c68a8236-7b93-4ff3-be69-01297ecfaceb","3b2c2b6a-7ec1-48cb-b98e-4ce026c6a984","2dc472bd-b2a9-4f5b-9066-b0561963cafe","941754a0-1107-4c7c-b7db-980d23df8557","5dac5c27-9d02-455e-bb18-022d0f9afc43","a98aa35e-414a-4939-b425-e0455bfe7eb7","59c25921-95e6-45bd-b7ad-0a07d7079537","6fbc44cd-4167-4571-8198-953e7281a059","9bd78fcd-deeb-4106-a5ec-68a6df672b97","4a6fae60-0298-4026-b0b6-378ed0ec880b"]}}
2026-07-17T18:43:36.577Z - [Leads] [Leads] Violations found: 0
2026-07-17T18:44:36.866Z - [Leads] Entered getViolations
2026-07-17T18:44:36.869Z - [Leads] User: fc139c17-d8ba-40f0-8fc0-de857274c943, Role: admin
2026-07-17T18:44:36.871Z - [Leads] Fetching visible users...
2026-07-17T18:44:37.490Z - [Leads] Visible users found: 12
2026-07-17T18:44:37.495Z - [Leads] [Leads] Querying Prisma with where: {"rotationViolation":true,"isDeleted":false,"organisationId":"23d99450-83e7-4382-9312-d07f083447c0","previousOwnerId":{"in":["fc139c17-d8ba-40f0-8fc0-de857274c943","6d5e601a-d676-4cc6-a860-1a65d3734dab","c68a8236-7b93-4ff3-be69-01297ecfaceb","3b2c2b6a-7ec1-48cb-b98e-4ce026c6a984","2dc472bd-b2a9-4f5b-9066-b0561963cafe","941754a0-1107-4c7c-b7db-980d23df8557","5dac5c27-9d02-455e-bb18-022d0f9afc43","a98aa35e-414a-4939-b425-e0455bfe7eb7","59c25921-95e6-45bd-b7ad-0a07d7079537","6fbc44cd-4167-4571-8198-953e7281a059","9bd78fcd-deeb-4106-a5ec-68a6df672b97","4a6fae60-0298-4026-b0b6-378ed0ec880b"]}}
2026-07-17T18:44:37.545Z - [Leads] [Leads] Violations found: 0
2026-07-17T18:45:37.772Z - [Leads] Entered getViolations
2026-07-17T18:45:37.775Z - [Leads] User: fc139c17-d8ba-40f0-8fc0-de857274c943, Role: admin
2026-07-17T18:45:37.777Z - [Leads] Fetching visible users...
2026-07-17T18:45:38.625Z - [Leads] Visible users found: 12
2026-07-17T18:45:38.633Z - [Leads] [Leads] Querying Prisma with where: {"rotationViolation":true,"isDeleted":false,"organisationId":"23d99450-83e7-4382-9312-d07f083447c0","previousOwnerId":{"in":["fc139c17-d8ba-40f0-8fc0-de857274c943","6d5e601a-d676-4cc6-a860-1a65d3734dab","c68a8236-7b93-4ff3-be69-01297ecfaceb","3b2c2b6a-7ec1-48cb-b98e-4ce026c6a984","2dc472bd-b2a9-4f5b-9066-b0561963cafe","941754a0-1107-4c7c-b7db-980d23df8557","5dac5c27-9d02-455e-bb18-022d0f9afc43","a98aa35e-414a-4939-b425-e0455bfe7eb7","59c25921-95e6-45bd-b7ad-0a07d7079537","6fbc44cd-4167-4571-8198-953e7281a059","9bd78fcd-deeb-4106-a5ec-68a6df672b97","4a6fae60-0298-4026-b0b6-378ed0ec880b"]}}
2026-07-17T18:45:38.716Z - [Leads] [Leads] Violations found: 0
2026-07-17T18:46:38.936Z - [Leads] Entered getViolations
2026-07-17T18:46:38.938Z - [Leads] User: fc139c17-d8ba-40f0-8fc0-de857274c943, Role: admin
2026-07-17T18:46:38.941Z - [Leads] Fetching visible users...
2026-07-17T18:46:39.581Z - [Leads] Visible users found: 12
2026-07-17T18:46:39.583Z - [Leads] [Leads] Querying Prisma with where: {"rotationViolation":true,"isDeleted":false,"organisationId":"23d99450-83e7-4382-9312-d07f083447c0","previousOwnerId":{"in":["fc139c17-d8ba-40f0-8fc0-de857274c943","6d5e601a-d676-4cc6-a860-1a65d3734dab","c68a8236-7b93-4ff3-be69-01297ecfaceb","3b2c2b6a-7ec1-48cb-b98e-4ce026c6a984","2dc472bd-b2a9-4f5b-9066-b0561963cafe","941754a0-1107-4c7c-b7db-980d23df8557","5dac5c27-9d02-455e-bb18-022d0f9afc43","a98aa35e-414a-4939-b425-e0455bfe7eb7","59c25921-95e6-45bd-b7ad-0a07d7079537","6fbc44cd-4167-4571-8198-953e7281a059","9bd78fcd-deeb-4106-a5ec-68a6df672b97","4a6fae60-0298-4026-b0b6-378ed0ec880b"]}}
2026-07-17T18:46:39.625Z - [Leads] [Leads] Violations found: 0
2026-07-17T18:47:39.846Z - [Leads] Entered getViolations
2026-07-17T18:47:39.849Z - [Leads] User: fc139c17-d8ba-40f0-8fc0-de857274c943, Role: admin
2026-07-17T18:47:39.851Z - [Leads] Fetching visible users...
2026-07-17T18:47:40.494Z - [Leads] Visible users found: 12
2026-07-17T18:47:40.499Z - [Leads] [Leads] Querying Prisma with where: {"rotationViolation":true,"isDeleted":false,"organisationId":"23d99450-83e7-4382-9312-d07f083447c0","previousOwnerId":{"in":["fc139c17-d8ba-40f0-8fc0-de857274c943","6d5e601a-d676-4cc6-a860-1a65d3734dab","c68a8236-7b93-4ff3-be69-01297ecfaceb","3b2c2b6a-7ec1-48cb-b98e-4ce026c6a984","2dc472bd-b2a9-4f5b-9066-b0561963cafe","941754a0-1107-4c7c-b7db-980d23df8557","5dac5c27-9d02-455e-bb18-022d0f9afc43","a98aa35e-414a-4939-b425-e0455bfe7eb7","59c25921-95e6-45bd-b7ad-0a07d7079537","6fbc44cd-4167-4571-8198-953e7281a059","9bd78fcd-deeb-4106-a5ec-68a6df672b97","4a6fae60-0298-4026-b0b6-378ed0ec880b"]}}
2026-07-17T18:47:40.545Z - [Leads] [Leads] Violations found: 0
2026-07-17T18:48:40.727Z - [Leads] Entered getViolations
2026-07-17T18:48:40.730Z - [Leads] User: fc139c17-d8ba-40f0-8fc0-de857274c943, Role: admin
2026-07-17T18:48:40.732Z - [Leads] Fetching visible users...
2026-07-17T18:48:41.385Z - [Leads] Visible users found: 12
2026-07-17T18:48:41.390Z - [Leads] [Leads] Querying Prisma with where: {"rotationViolation":true,"isDeleted":false,"organisationId":"23d99450-83e7-4382-9312-d07f083447c0","previousOwnerId":{"in":["fc139c17-d8ba-40f0-8fc0-de857274c943","6d5e601a-d676-4cc6-a860-1a65d3734dab","c68a8236-7b93-4ff3-be69-01297ecfaceb","3b2c2b6a-7ec1-48cb-b98e-4ce026c6a984","2dc472bd-b2a9-4f5b-9066-b0561963cafe","941754a0-1107-4c7c-b7db-980d23df8557","5dac5c27-9d02-455e-bb18-022d0f9afc43","a98aa35e-414a-4939-b425-e0455bfe7eb7","59c25921-95e6-45bd-b7ad-0a07d7079537","6fbc44cd-4167-4571-8198-953e7281a059","9bd78fcd-deeb-4106-a5ec-68a6df672b97","4a6fae60-0298-4026-b0b6-378ed0ec880b"]}}
2026-07-17T18:48:41.433Z - [Leads] [Leads] Violations found: 0
2026-07-17T18:49:41.624Z - [Leads] Entered getViolations
2026-07-17T18:49:41.627Z - [Leads] User: fc139c17-d8ba-40f0-8fc0-de857274c943, Role: admin
2026-07-17T18:49:41.630Z - [Leads] Fetching visible users...
2026-07-17T18:49:42.269Z - [Leads] Visible users found: 12
2026-07-17T18:49:42.272Z - [Leads] [Leads] Querying Prisma with where: {"rotationViolation":true,"isDeleted":false,"organisationId":"23d99450-83e7-4382-9312-d07f083447c0","previousOwnerId":{"in":["fc139c17-d8ba-40f0-8fc0-de857274c943","6d5e601a-d676-4cc6-a860-1a65d3734dab","c68a8236-7b93-4ff3-be69-01297ecfaceb","3b2c2b6a-7ec1-48cb-b98e-4ce026c6a984","2dc472bd-b2a9-4f5b-9066-b0561963cafe","941754a0-1107-4c7c-b7db-980d23df8557","5dac5c27-9d02-455e-bb18-022d0f9afc43","a98aa35e-414a-4939-b425-e0455bfe7eb7","59c25921-95e6-45bd-b7ad-0a07d7079537","6fbc44cd-4167-4571-8198-953e7281a059","9bd78fcd-deeb-4106-a5ec-68a6df672b97","4a6fae60-0298-4026-b0b6-378ed0ec880b"]}}
2026-07-17T18:49:42.317Z - [Leads] [Leads] Violations found: 0
2026-07-17T18:50:42.491Z - [Leads] Entered getViolations
2026-07-17T18:50:42.494Z - [Leads] User: fc139c17-d8ba-40f0-8fc0-de857274c943, Role: admin
2026-07-17T18:50:42.496Z - [Leads] Fetching visible users...
2026-07-17T18:50:43.216Z - [Leads] Visible users found: 12
2026-07-17T18:50:43.219Z - [Leads] [Leads] Querying Prisma with where: {"rotationViolation":true,"isDeleted":false,"organisationId":"23d99450-83e7-4382-9312-d07f083447c0","previousOwnerId":{"in":["fc139c17-d8ba-40f0-8fc0-de857274c943","6d5e601a-d676-4cc6-a860-1a65d3734dab","c68a8236-7b93-4ff3-be69-01297ecfaceb","3b2c2b6a-7ec1-48cb-b98e-4ce026c6a984","2dc472bd-b2a9-4f5b-9066-b0561963cafe","941754a0-1107-4c7c-b7db-980d23df8557","5dac5c27-9d02-455e-bb18-022d0f9afc43","a98aa35e-414a-4939-b425-e0455bfe7eb7","59c25921-95e6-45bd-b7ad-0a07d7079537","6fbc44cd-4167-4571-8198-953e7281a059","9bd78fcd-deeb-4106-a5ec-68a6df672b97","4a6fae60-0298-4026-b0b6-378ed0ec880b"]}}
2026-07-17T18:50:43.292Z - [Leads] [Leads] Violations found: 0
2026-07-17T18:51:43.477Z - [Leads] Entered getViolations
2026-07-17T18:51:43.480Z - [Leads] User: fc139c17-d8ba-40f0-8fc0-de857274c943, Role: admin
2026-07-17T18:51:43.482Z - [Leads] Fetching visible users...
2026-07-17T18:51:44.046Z - [Leads] Visible users found: 12
2026-07-17T18:51:44.049Z - [Leads] [Leads] Querying Prisma with where: {"rotationViolation":true,"isDeleted":false,"organisationId":"23d99450-83e7-4382-9312-d07f083447c0","previousOwnerId":{"in":["fc139c17-d8ba-40f0-8fc0-de857274c943","6d5e601a-d676-4cc6-a860-1a65d3734dab","c68a8236-7b93-4ff3-be69-01297ecfaceb","3b2c2b6a-7ec1-48cb-b98e-4ce026c6a984","2dc472bd-b2a9-4f5b-9066-b0561963cafe","941754a0-1107-4c7c-b7db-980d23df8557","5dac5c27-9d02-455e-bb18-022d0f9afc43","a98aa35e-414a-4939-b425-e0455bfe7eb7","59c25921-95e6-45bd-b7ad-0a07d7079537","6fbc44cd-4167-4571-8198-953e7281a059","9bd78fcd-deeb-4106-a5ec-68a6df672b97","4a6fae60-0298-4026-b0b6-378ed0ec880b"]}}
2026-07-17T18:51:44.089Z - [Leads] [Leads] Violations found: 0
2026-07-17T18:52:44.268Z - [Leads] Entered getViolations
2026-07-17T18:52:44.274Z - [Leads] User: fc139c17-d8ba-40f0-8fc0-de857274c943, Role: admin
2026-07-17T18:52:44.285Z - [Leads] Fetching visible users...
2026-07-17T18:52:44.836Z - [Leads] Visible users found: 12
2026-07-17T18:52:44.840Z - [Leads] [Leads] Querying Prisma with where: {"rotationViolation":true,"isDeleted":false,"organisationId":"23d99450-83e7-4382-9312-d07f083447c0","previousOwnerId":{"in":["fc139c17-d8ba-40f0-8fc0-de857274c943","6d5e601a-d676-4cc6-a860-1a65d3734dab","c68a8236-7b93-4ff3-be69-01297ecfaceb","3b2c2b6a-7ec1-48cb-b98e-4ce026c6a984","2dc472bd-b2a9-4f5b-9066-b0561963cafe","941754a0-1107-4c7c-b7db-980d23df8557","5dac5c27-9d02-455e-bb18-022d0f9afc43","a98aa35e-414a-4939-b425-e0455bfe7eb7","59c25921-95e6-45bd-b7ad-0a07d7079537","6fbc44cd-4167-4571-8198-953e7281a059","9bd78fcd-deeb-4106-a5ec-68a6df672b97","4a6fae60-0298-4026-b0b6-378ed0ec880b"]}}
2026-07-17T18:52:44.897Z - [Leads] [Leads] Violations found: 0
2026-07-17T18:53:45.060Z - [Leads] Entered getViolations
2026-07-17T18:53:45.062Z - [Leads] User: fc139c17-d8ba-40f0-8fc0-de857274c943, Role: admin
2026-07-17T18:53:45.064Z - [Leads] Fetching visible users...
2026-07-17T18:53:45.856Z - [Leads] Visible users found: 12
2026-07-17T18:53:45.860Z - [Leads] [Leads] Querying Prisma with where: {"rotationViolation":true,"isDeleted":false,"organisationId":"23d99450-83e7-4382-9312-d07f083447c0","previousOwnerId":{"in":["fc139c17-d8ba-40f0-8fc0-de857274c943","6d5e601a-d676-4cc6-a860-1a65d3734dab","c68a8236-7b93-4ff3-be69-01297ecfaceb","3b2c2b6a-7ec1-48cb-b98e-4ce026c6a984","2dc472bd-b2a9-4f5b-9066-b0561963cafe","941754a0-1107-4c7c-b7db-980d23df8557","5dac5c27-9d02-455e-bb18-022d0f9afc43","a98aa35e-414a-4939-b425-e0455bfe7eb7","59c25921-95e6-45bd-b7ad-0a07d7079537","6fbc44cd-4167-4571-8198-953e7281a059","9bd78fcd-deeb-4106-a5ec-68a6df672b97","4a6fae60-0298-4026-b0b6-378ed0ec880b"]}}
2026-07-17T18:53:45.905Z - [Leads] [Leads] Violations found: 0
2026-07-17T18:54:46.116Z - [Leads] Entered getViolations
2026-07-17T18:54:46.119Z - [Leads] User: fc139c17-d8ba-40f0-8fc0-de857274c943, Role: admin
2026-07-17T18:54:46.121Z - [Leads] Fetching visible users...
2026-07-17T18:54:46.679Z - [Leads] Visible users found: 12
2026-07-17T18:54:46.683Z - [Leads] [Leads] Querying Prisma with where: {"rotationViolation":true,"isDeleted":false,"organisationId":"23d99450-83e7-4382-9312-d07f083447c0","previousOwnerId":{"in":["fc139c17-d8ba-40f0-8fc0-de857274c943","6d5e601a-d676-4cc6-a860-1a65d3734dab","c68a8236-7b93-4ff3-be69-01297ecfaceb","3b2c2b6a-7ec1-48cb-b98e-4ce026c6a984","2dc472bd-b2a9-4f5b-9066-b0561963cafe","941754a0-1107-4c7c-b7db-980d23df8557","5dac5c27-9d02-455e-bb18-022d0f9afc43","a98aa35e-414a-4939-b425-e0455bfe7eb7","59c25921-95e6-45bd-b7ad-0a07d7079537","6fbc44cd-4167-4571-8198-953e7281a059","9bd78fcd-deeb-4106-a5ec-68a6df672b97","4a6fae60-0298-4026-b0b6-378ed0ec880b"]}}
2026-07-17T18:54:46.728Z - [Leads] [Leads] Violations found: 0
2026-07-17T18:55:46.928Z - [Leads] Entered getViolations
2026-07-17T18:55:46.930Z - [Leads] User: fc139c17-d8ba-40f0-8fc0-de857274c943, Role: admin
2026-07-17T18:55:46.932Z - [Leads] Fetching visible users...
2026-07-17T18:55:47.688Z - [Leads] Visible users found: 12
2026-07-17T18:55:47.691Z - [Leads] [Leads] Querying Prisma with where: {"rotationViolation":true,"isDeleted":false,"organisationId":"23d99450-83e7-4382-9312-d07f083447c0","previousOwnerId":{"in":["fc139c17-d8ba-40f0-8fc0-de857274c943","6d5e601a-d676-4cc6-a860-1a65d3734dab","c68a8236-7b93-4ff3-be69-01297ecfaceb","3b2c2b6a-7ec1-48cb-b98e-4ce026c6a984","2dc472bd-b2a9-4f5b-9066-b0561963cafe","941754a0-1107-4c7c-b7db-980d23df8557","5dac5c27-9d02-455e-bb18-022d0f9afc43","a98aa35e-414a-4939-b425-e0455bfe7eb7","59c25921-95e6-45bd-b7ad-0a07d7079537","6fbc44cd-4167-4571-8198-953e7281a059","9bd78fcd-deeb-4106-a5ec-68a6df672b97","4a6fae60-0298-4026-b0b6-378ed0ec880b"]}}
2026-07-17T18:55:47.766Z - [Leads] [Leads] Violations found: 0
2026-07-17T18:56:47.989Z - [Leads] Entered getViolations
2026-07-17T18:56:47.991Z - [Leads] User: fc139c17-d8ba-40f0-8fc0-de857274c943, Role: admin
2026-07-17T18:56:47.996Z - [Leads] Fetching visible users...
2026-07-17T18:56:48.579Z - [Leads] Visible users found: 12
2026-07-17T18:56:48.581Z - [Leads] [Leads] Querying Prisma with where: {"rotationViolation":true,"isDeleted":false,"organisationId":"23d99450-83e7-4382-9312-d07f083447c0","previousOwnerId":{"in":["fc139c17-d8ba-40f0-8fc0-de857274c943","6d5e601a-d676-4cc6-a860-1a65d3734dab","c68a8236-7b93-4ff3-be69-01297ecfaceb","3b2c2b6a-7ec1-48cb-b98e-4ce026c6a984","2dc472bd-b2a9-4f5b-9066-b0561963cafe","941754a0-1107-4c7c-b7db-980d23df8557","5dac5c27-9d02-455e-bb18-022d0f9afc43","a98aa35e-414a-4939-b425-e0455bfe7eb7","59c25921-95e6-45bd-b7ad-0a07d7079537","6fbc44cd-4167-4571-8198-953e7281a059","9bd78fcd-deeb-4106-a5ec-68a6df672b97","4a6fae60-0298-4026-b0b6-378ed0ec880b"]}}
2026-07-17T18:56:48.621Z - [Leads] [Leads] Violations found: 0
2026-07-17T18:57:48.796Z - [Leads] Entered getViolations
2026-07-17T18:57:48.799Z - [Leads] User: fc139c17-d8ba-40f0-8fc0-de857274c943, Role: admin
2026-07-17T18:57:48.801Z - [Leads] Fetching visible users...
2026-07-17T18:57:49.399Z - [Leads] Visible users found: 12
2026-07-17T18:57:49.407Z - [Leads] [Leads] Querying Prisma with where: {"rotationViolation":true,"isDeleted":false,"organisationId":"23d99450-83e7-4382-9312-d07f083447c0","previousOwnerId":{"in":["fc139c17-d8ba-40f0-8fc0-de857274c943","6d5e601a-d676-4cc6-a860-1a65d3734dab","c68a8236-7b93-4ff3-be69-01297ecfaceb","3b2c2b6a-7ec1-48cb-b98e-4ce026c6a984","2dc472bd-b2a9-4f5b-9066-b0561963cafe","941754a0-1107-4c7c-b7db-980d23df8557","5dac5c27-9d02-455e-bb18-022d0f9afc43","a98aa35e-414a-4939-b425-e0455bfe7eb7","59c25921-95e6-45bd-b7ad-0a07d7079537","6fbc44cd-4167-4571-8198-953e7281a059","9bd78fcd-deeb-4106-a5ec-68a6df672b97","4a6fae60-0298-4026-b0b6-378ed0ec880b"]}}
2026-07-17T18:57:49.449Z - [Leads] [Leads] Violations found: 0
2026-07-17T18:58:49.656Z - [Leads] Entered getViolations
2026-07-17T18:58:49.663Z - [Leads] User: fc139c17-d8ba-40f0-8fc0-de857274c943, Role: admin
2026-07-17T18:58:49.665Z - [Leads] Fetching visible users...
2026-07-17T18:58:50.256Z - [Leads] Visible users found: 12
2026-07-17T18:58:50.259Z - [Leads] [Leads] Querying Prisma with where: {"rotationViolation":true,"isDeleted":false,"organisationId":"23d99450-83e7-4382-9312-d07f083447c0","previousOwnerId":{"in":["fc139c17-d8ba-40f0-8fc0-de857274c943","6d5e601a-d676-4cc6-a860-1a65d3734dab","c68a8236-7b93-4ff3-be69-01297ecfaceb","3b2c2b6a-7ec1-48cb-b98e-4ce026c6a984","2dc472bd-b2a9-4f5b-9066-b0561963cafe","941754a0-1107-4c7c-b7db-980d23df8557","5dac5c27-9d02-455e-bb18-022d0f9afc43","a98aa35e-414a-4939-b425-e0455bfe7eb7","59c25921-95e6-45bd-b7ad-0a07d7079537","6fbc44cd-4167-4571-8198-953e7281a059","9bd78fcd-deeb-4106-a5ec-68a6df672b97","4a6fae60-0298-4026-b0b6-378ed0ec880b"]}}
2026-07-17T18:58:50.304Z - [Leads] [Leads] Violations found: 0
2026-07-17T18:59:50.530Z - [Leads] Entered getViolations
2026-07-17T18:59:50.533Z - [Leads] User: fc139c17-d8ba-40f0-8fc0-de857274c943, Role: admin
2026-07-17T18:59:50.536Z - [Leads] Fetching visible users...
2026-07-17T18:59:51.148Z - [Leads] Visible users found: 12
2026-07-17T18:59:51.152Z - [Leads] [Leads] Querying Prisma with where: {"rotationViolation":true,"isDeleted":false,"organisationId":"23d99450-83e7-4382-9312-d07f083447c0","previousOwnerId":{"in":["fc139c17-d8ba-40f0-8fc0-de857274c943","6d5e601a-d676-4cc6-a860-1a65d3734dab","c68a8236-7b93-4ff3-be69-01297ecfaceb","3b2c2b6a-7ec1-48cb-b98e-4ce026c6a984","2dc472bd-b2a9-4f5b-9066-b0561963cafe","941754a0-1107-4c7c-b7db-980d23df8557","5dac5c27-9d02-455e-bb18-022d0f9afc43","a98aa35e-414a-4939-b425-e0455bfe7eb7","59c25921-95e6-45bd-b7ad-0a07d7079537","6fbc44cd-4167-4571-8198-953e7281a059","9bd78fcd-deeb-4106-a5ec-68a6df672b97","4a6fae60-0298-4026-b0b6-378ed0ec880b"]}}
2026-07-17T18:59:51.195Z - [Leads] [Leads] Violations found: 0
2026-07-17T19:00:51.367Z - [Leads] Entered getViolations
2026-07-17T19:00:51.370Z - [Leads] User: fc139c17-d8ba-40f0-8fc0-de857274c943, Role: admin
2026-07-17T19:00:51.372Z - [Leads] Fetching visible users...
2026-07-17T19:00:52.118Z - [Leads] Visible users found: 12
2026-07-17T19:00:52.120Z - [Leads] [Leads] Querying Prisma with where: {"rotationViolation":true,"isDeleted":false,"organisationId":"23d99450-83e7-4382-9312-d07f083447c0","previousOwnerId":{"in":["fc139c17-d8ba-40f0-8fc0-de857274c943","6d5e601a-d676-4cc6-a860-1a65d3734dab","c68a8236-7b93-4ff3-be69-01297ecfaceb","3b2c2b6a-7ec1-48cb-b98e-4ce026c6a984","2dc472bd-b2a9-4f5b-9066-b0561963cafe","941754a0-1107-4c7c-b7db-980d23df8557","5dac5c27-9d02-455e-bb18-022d0f9afc43","a98aa35e-414a-4939-b425-e0455bfe7eb7","59c25921-95e6-45bd-b7ad-0a07d7079537","6fbc44cd-4167-4571-8198-953e7281a059","9bd78fcd-deeb-4106-a5ec-68a6df672b97","4a6fae60-0298-4026-b0b6-378ed0ec880b"]}}
2026-07-17T19:00:52.191Z - [Leads] [Leads] Violations found: 0
2026-07-17T19:01:52.408Z - [Leads] Entered getViolations
2026-07-17T19:01:52.410Z - [Leads] User: fc139c17-d8ba-40f0-8fc0-de857274c943, Role: admin
2026-07-17T19:01:52.412Z - [Leads] Fetching visible users...
2026-07-17T19:01:52.963Z - [Leads] Visible users found: 12
2026-07-17T19:01:52.967Z - [Leads] [Leads] Querying Prisma with where: {"rotationViolation":true,"isDeleted":false,"organisationId":"23d99450-83e7-4382-9312-d07f083447c0","previousOwnerId":{"in":["fc139c17-d8ba-40f0-8fc0-de857274c943","6d5e601a-d676-4cc6-a860-1a65d3734dab","c68a8236-7b93-4ff3-be69-01297ecfaceb","3b2c2b6a-7ec1-48cb-b98e-4ce026c6a984","2dc472bd-b2a9-4f5b-9066-b0561963cafe","941754a0-1107-4c7c-b7db-980d23df8557","5dac5c27-9d02-455e-bb18-022d0f9afc43","a98aa35e-414a-4939-b425-e0455bfe7eb7","59c25921-95e6-45bd-b7ad-0a07d7079537","6fbc44cd-4167-4571-8198-953e7281a059","9bd78fcd-deeb-4106-a5ec-68a6df672b97","4a6fae60-0298-4026-b0b6-378ed0ec880b"]}}
2026-07-17T19:01:53.009Z - [Leads] [Leads] Violations found: 0
2026-07-17T19:02:53.179Z - [Leads] Entered getViolations
2026-07-17T19:02:53.181Z - [Leads] User: fc139c17-d8ba-40f0-8fc0-de857274c943, Role: admin
2026-07-17T19:02:53.183Z - [Leads] Fetching visible users...
2026-07-17T19:02:53.768Z - [Leads] Visible users found: 12
2026-07-17T19:02:53.770Z - [Leads] [Leads] Querying Prisma with where: {"rotationViolation":true,"isDeleted":false,"organisationId":"23d99450-83e7-4382-9312-d07f083447c0","previousOwnerId":{"in":["fc139c17-d8ba-40f0-8fc0-de857274c943","6d5e601a-d676-4cc6-a860-1a65d3734dab","c68a8236-7b93-4ff3-be69-01297ecfaceb","3b2c2b6a-7ec1-48cb-b98e-4ce026c6a984","2dc472bd-b2a9-4f5b-9066-b0561963cafe","941754a0-1107-4c7c-b7db-980d23df8557","5dac5c27-9d02-455e-bb18-022d0f9afc43","a98aa35e-414a-4939-b425-e0455bfe7eb7","59c25921-95e6-45bd-b7ad-0a07d7079537","6fbc44cd-4167-4571-8198-953e7281a059","9bd78fcd-deeb-4106-a5ec-68a6df672b97","4a6fae60-0298-4026-b0b6-378ed0ec880b"]}}
2026-07-17T19:02:53.809Z - [Leads] [Leads] Violations found: 0
2026-07-17T19:03:53.981Z - [Leads] Entered getViolations
2026-07-17T19:03:53.987Z - [Leads] User: fc139c17-d8ba-40f0-8fc0-de857274c943, Role: admin
2026-07-17T19:03:53.989Z - [Leads] Fetching visible users...
2026-07-17T19:03:54.554Z - [Leads] Visible users found: 12
2026-07-17T19:03:54.556Z - [Leads] [Leads] Querying Prisma with where: {"rotationViolation":true,"isDeleted":false,"organisationId":"23d99450-83e7-4382-9312-d07f083447c0","previousOwnerId":{"in":["fc139c17-d8ba-40f0-8fc0-de857274c943","6d5e601a-d676-4cc6-a860-1a65d3734dab","c68a8236-7b93-4ff3-be69-01297ecfaceb","3b2c2b6a-7ec1-48cb-b98e-4ce026c6a984","2dc472bd-b2a9-4f5b-9066-b0561963cafe","941754a0-1107-4c7c-b7db-980d23df8557","5dac5c27-9d02-455e-bb18-022d0f9afc43","a98aa35e-414a-4939-b425-e0455bfe7eb7","59c25921-95e6-45bd-b7ad-0a07d7079537","6fbc44cd-4167-4571-8198-953e7281a059","9bd78fcd-deeb-4106-a5ec-68a6df672b97","4a6fae60-0298-4026-b0b6-378ed0ec880b"]}}
2026-07-17T19:03:54.594Z - [Leads] [Leads] Violations found: 0
2026-07-17T19:04:54.766Z - [Leads] Entered getViolations
2026-07-17T19:04:54.769Z - [Leads] User: fc139c17-d8ba-40f0-8fc0-de857274c943, Role: admin
2026-07-17T19:04:54.772Z - [Leads] Fetching visible users...
2026-07-17T19:04:55.330Z - [Leads] Visible users found: 12
2026-07-17T19:04:55.334Z - [Leads] [Leads] Querying Prisma with where: {"rotationViolation":true,"isDeleted":false,"organisationId":"23d99450-83e7-4382-9312-d07f083447c0","previousOwnerId":{"in":["fc139c17-d8ba-40f0-8fc0-de857274c943","6d5e601a-d676-4cc6-a860-1a65d3734dab","c68a8236-7b93-4ff3-be69-01297ecfaceb","3b2c2b6a-7ec1-48cb-b98e-4ce026c6a984","2dc472bd-b2a9-4f5b-9066-b0561963cafe","941754a0-1107-4c7c-b7db-980d23df8557","5dac5c27-9d02-455e-bb18-022d0f9afc43","a98aa35e-414a-4939-b425-e0455bfe7eb7","59c25921-95e6-45bd-b7ad-0a07d7079537","6fbc44cd-4167-4571-8198-953e7281a059","9bd78fcd-deeb-4106-a5ec-68a6df672b97","4a6fae60-0298-4026-b0b6-378ed0ec880b"]}}
2026-07-17T19:04:55.378Z - [Leads] [Leads] Violations found: 0
2026-07-17T19:05:55.578Z - [Leads] Entered getViolations
2026-07-17T19:05:55.581Z - [Leads] User: fc139c17-d8ba-40f0-8fc0-de857274c943, Role: admin
2026-07-17T19:05:55.583Z - [Leads] Fetching visible users...
2026-07-17T19:05:56.421Z - [Leads] Visible users found: 12
2026-07-17T19:05:56.424Z - [Leads] [Leads] Querying Prisma with where: {"rotationViolation":true,"isDeleted":false,"organisationId":"23d99450-83e7-4382-9312-d07f083447c0","previousOwnerId":{"in":["fc139c17-d8ba-40f0-8fc0-de857274c943","6d5e601a-d676-4cc6-a860-1a65d3734dab","c68a8236-7b93-4ff3-be69-01297ecfaceb","3b2c2b6a-7ec1-48cb-b98e-4ce026c6a984","2dc472bd-b2a9-4f5b-9066-b0561963cafe","941754a0-1107-4c7c-b7db-980d23df8557","5dac5c27-9d02-455e-bb18-022d0f9afc43","a98aa35e-414a-4939-b425-e0455bfe7eb7","59c25921-95e6-45bd-b7ad-0a07d7079537","6fbc44cd-4167-4571-8198-953e7281a059","9bd78fcd-deeb-4106-a5ec-68a6df672b97","4a6fae60-0298-4026-b0b6-378ed0ec880b"]}}
2026-07-17T19:05:56.511Z - [Leads] [Leads] Violations found: 0
2026-07-17T19:06:56.739Z - [Leads] Entered getViolations
2026-07-17T19:06:56.742Z - [Leads] User: fc139c17-d8ba-40f0-8fc0-de857274c943, Role: admin
2026-07-17T19:06:56.745Z - [Leads] Fetching visible users...
2026-07-17T19:06:57.423Z - [Leads] Visible users found: 12
2026-07-17T19:06:57.426Z - [Leads] [Leads] Querying Prisma with where: {"rotationViolation":true,"isDeleted":false,"organisationId":"23d99450-83e7-4382-9312-d07f083447c0","previousOwnerId":{"in":["fc139c17-d8ba-40f0-8fc0-de857274c943","6d5e601a-d676-4cc6-a860-1a65d3734dab","c68a8236-7b93-4ff3-be69-01297ecfaceb","3b2c2b6a-7ec1-48cb-b98e-4ce026c6a984","2dc472bd-b2a9-4f5b-9066-b0561963cafe","941754a0-1107-4c7c-b7db-980d23df8557","5dac5c27-9d02-455e-bb18-022d0f9afc43","a98aa35e-414a-4939-b425-e0455bfe7eb7","59c25921-95e6-45bd-b7ad-0a07d7079537","6fbc44cd-4167-4571-8198-953e7281a059","9bd78fcd-deeb-4106-a5ec-68a6df672b97","4a6fae60-0298-4026-b0b6-378ed0ec880b"]}}
2026-07-17T19:06:57.476Z - [Leads] [Leads] Violations found: 0
2026-07-17T19:07:57.662Z - [Leads] Entered getViolations
2026-07-17T19:07:57.669Z - [Leads] User: fc139c17-d8ba-40f0-8fc0-de857274c943, Role: admin
2026-07-17T19:07:57.671Z - [Leads] Fetching visible users...
2026-07-17T19:07:58.340Z - [Leads] Visible users found: 12
2026-07-17T19:07:58.342Z - [Leads] [Leads] Querying Prisma with where: {"rotationViolation":true,"isDeleted":false,"organisationId":"23d99450-83e7-4382-9312-d07f083447c0","previousOwnerId":{"in":["fc139c17-d8ba-40f0-8fc0-de857274c943","6d5e601a-d676-4cc6-a860-1a65d3734dab","c68a8236-7b93-4ff3-be69-01297ecfaceb","3b2c2b6a-7ec1-48cb-b98e-4ce026c6a984","2dc472bd-b2a9-4f5b-9066-b0561963cafe","941754a0-1107-4c7c-b7db-980d23df8557","5dac5c27-9d02-455e-bb18-022d0f9afc43","a98aa35e-414a-4939-b425-e0455bfe7eb7","59c25921-95e6-45bd-b7ad-0a07d7079537","6fbc44cd-4167-4571-8198-953e7281a059","9bd78fcd-deeb-4106-a5ec-68a6df672b97","4a6fae60-0298-4026-b0b6-378ed0ec880b"]}}
2026-07-17T19:07:58.388Z - [Leads] [Leads] Violations found: 0
2026-07-17T19:08:58.591Z - [Leads] Entered getViolations
2026-07-17T19:08:58.594Z - [Leads] User: fc139c17-d8ba-40f0-8fc0-de857274c943, Role: admin
2026-07-17T19:08:58.597Z - [Leads] Fetching visible users...
2026-07-17T19:08:59.281Z - [Leads] Visible users found: 12
2026-07-17T19:08:59.285Z - [Leads] [Leads] Querying Prisma with where: {"rotationViolation":true,"isDeleted":false,"organisationId":"23d99450-83e7-4382-9312-d07f083447c0","previousOwnerId":{"in":["fc139c17-d8ba-40f0-8fc0-de857274c943","6d5e601a-d676-4cc6-a860-1a65d3734dab","c68a8236-7b93-4ff3-be69-01297ecfaceb","3b2c2b6a-7ec1-48cb-b98e-4ce026c6a984","2dc472bd-b2a9-4f5b-9066-b0561963cafe","941754a0-1107-4c7c-b7db-980d23df8557","5dac5c27-9d02-455e-bb18-022d0f9afc43","a98aa35e-414a-4939-b425-e0455bfe7eb7","59c25921-95e6-45bd-b7ad-0a07d7079537","6fbc44cd-4167-4571-8198-953e7281a059","9bd78fcd-deeb-4106-a5ec-68a6df672b97","4a6fae60-0298-4026-b0b6-378ed0ec880b"]}}
2026-07-17T19:08:59.334Z - [Leads] [Leads] Violations found: 0
2026-07-17T19:09:59.562Z - [Leads] Entered getViolations
2026-07-17T19:09:59.566Z - [Leads] User: fc139c17-d8ba-40f0-8fc0-de857274c943, Role: admin
2026-07-17T19:09:59.569Z - [Leads] Fetching visible users...
2026-07-17T19:10:00.212Z - [Leads] Visible users found: 12
2026-07-17T19:10:00.214Z - [Leads] [Leads] Querying Prisma with where: {"rotationViolation":true,"isDeleted":false,"organisationId":"23d99450-83e7-4382-9312-d07f083447c0","previousOwnerId":{"in":["fc139c17-d8ba-40f0-8fc0-de857274c943","6d5e601a-d676-4cc6-a860-1a65d3734dab","c68a8236-7b93-4ff3-be69-01297ecfaceb","3b2c2b6a-7ec1-48cb-b98e-4ce026c6a984","2dc472bd-b2a9-4f5b-9066-b0561963cafe","941754a0-1107-4c7c-b7db-980d23df8557","5dac5c27-9d02-455e-bb18-022d0f9afc43","a98aa35e-414a-4939-b425-e0455bfe7eb7","59c25921-95e6-45bd-b7ad-0a07d7079537","6fbc44cd-4167-4571-8198-953e7281a059","9bd78fcd-deeb-4106-a5ec-68a6df672b97","4a6fae60-0298-4026-b0b6-378ed0ec880b"]}}
2026-07-17T19:10:00.262Z - [Leads] [Leads] Violations found: 0
2026-07-17T19:11:00.669Z - [Leads] Entered getViolations
2026-07-17T19:11:00.677Z - [Leads] User: fc139c17-d8ba-40f0-8fc0-de857274c943, Role: admin
2026-07-17T19:11:00.679Z - [Leads] Fetching visible users...
2026-07-17T19:11:01.440Z - [Leads] Visible users found: 12
2026-07-17T19:11:01.446Z - [Leads] [Leads] Querying Prisma with where: {"rotationViolation":true,"isDeleted":false,"organisationId":"23d99450-83e7-4382-9312-d07f083447c0","previousOwnerId":{"in":["fc139c17-d8ba-40f0-8fc0-de857274c943","6d5e601a-d676-4cc6-a860-1a65d3734dab","c68a8236-7b93-4ff3-be69-01297ecfaceb","3b2c2b6a-7ec1-48cb-b98e-4ce026c6a984","2dc472bd-b2a9-4f5b-9066-b0561963cafe","941754a0-1107-4c7c-b7db-980d23df8557","5dac5c27-9d02-455e-bb18-022d0f9afc43","a98aa35e-414a-4939-b425-e0455bfe7eb7","59c25921-95e6-45bd-b7ad-0a07d7079537","6fbc44cd-4167-4571-8198-953e7281a059","9bd78fcd-deeb-4106-a5ec-68a6df672b97","4a6fae60-0298-4026-b0b6-378ed0ec880b"]}}
2026-07-17T19:11:01.527Z - [Leads] [Leads] Violations found: 0
2026-07-17T19:12:01.832Z - [Leads] Entered getViolations
2026-07-17T19:12:01.834Z - [Leads] User: fc139c17-d8ba-40f0-8fc0-de857274c943, Role: admin
2026-07-17T19:12:01.840Z - [Leads] Fetching visible users...
2026-07-17T19:12:02.482Z - [Leads] Visible users found: 12
2026-07-17T19:12:02.486Z - [Leads] [Leads] Querying Prisma with where: {"rotationViolation":true,"isDeleted":false,"organisationId":"23d99450-83e7-4382-9312-d07f083447c0","previousOwnerId":{"in":["fc139c17-d8ba-40f0-8fc0-de857274c943","6d5e601a-d676-4cc6-a860-1a65d3734dab","c68a8236-7b93-4ff3-be69-01297ecfaceb","3b2c2b6a-7ec1-48cb-b98e-4ce026c6a984","2dc472bd-b2a9-4f5b-9066-b0561963cafe","941754a0-1107-4c7c-b7db-980d23df8557","5dac5c27-9d02-455e-bb18-022d0f9afc43","a98aa35e-414a-4939-b425-e0455bfe7eb7","59c25921-95e6-45bd-b7ad-0a07d7079537","6fbc44cd-4167-4571-8198-953e7281a059","9bd78fcd-deeb-4106-a5ec-68a6df672b97","4a6fae60-0298-4026-b0b6-378ed0ec880b"]}}
2026-07-17T19:12:02.527Z - [Leads] [Leads] Violations found: 0
2026-07-17T19:13:02.699Z - [Leads] Entered getViolations
2026-07-17T19:13:02.701Z - [Leads] User: fc139c17-d8ba-40f0-8fc0-de857274c943, Role: admin
2026-07-17T19:13:02.703Z - [Leads] Fetching visible users...
2026-07-17T19:13:03.329Z - [Leads] Visible users found: 12
2026-07-17T19:13:03.331Z - [Leads] [Leads] Querying Prisma with where: {"rotationViolation":true,"isDeleted":false,"organisationId":"23d99450-83e7-4382-9312-d07f083447c0","previousOwnerId":{"in":["fc139c17-d8ba-40f0-8fc0-de857274c943","6d5e601a-d676-4cc6-a860-1a65d3734dab","c68a8236-7b93-4ff3-be69-01297ecfaceb","3b2c2b6a-7ec1-48cb-b98e-4ce026c6a984","2dc472bd-b2a9-4f5b-9066-b0561963cafe","941754a0-1107-4c7c-b7db-980d23df8557","5dac5c27-9d02-455e-bb18-022d0f9afc43","a98aa35e-414a-4939-b425-e0455bfe7eb7","59c25921-95e6-45bd-b7ad-0a07d7079537","6fbc44cd-4167-4571-8198-953e7281a059","9bd78fcd-deeb-4106-a5ec-68a6df672b97","4a6fae60-0298-4026-b0b6-378ed0ec880b"]}}
2026-07-17T19:13:03.387Z - [Leads] [Leads] Violations found: 0
2026-07-17T19:14:03.553Z - [Leads] Entered getViolations
2026-07-17T19:14:03.555Z - [Leads] User: fc139c17-d8ba-40f0-8fc0-de857274c943, Role: admin
2026-07-17T19:14:03.557Z - [Leads] Fetching visible users...
2026-07-17T19:14:04.142Z - [Leads] Visible users found: 12
2026-07-17T19:14:04.147Z - [Leads] [Leads] Querying Prisma with where: {"rotationViolation":true,"isDeleted":false,"organisationId":"23d99450-83e7-4382-9312-d07f083447c0","previousOwnerId":{"in":["fc139c17-d8ba-40f0-8fc0-de857274c943","6d5e601a-d676-4cc6-a860-1a65d3734dab","c68a8236-7b93-4ff3-be69-01297ecfaceb","3b2c2b6a-7ec1-48cb-b98e-4ce026c6a984","2dc472bd-b2a9-4f5b-9066-b0561963cafe","941754a0-1107-4c7c-b7db-980d23df8557","5dac5c27-9d02-455e-bb18-022d0f9afc43","a98aa35e-414a-4939-b425-e0455bfe7eb7","59c25921-95e6-45bd-b7ad-0a07d7079537","6fbc44cd-4167-4571-8198-953e7281a059","9bd78fcd-deeb-4106-a5ec-68a6df672b97","4a6fae60-0298-4026-b0b6-378ed0ec880b"]}}
2026-07-17T19:14:04.186Z - [Leads] [Leads] Violations found: 0
2026-07-17T19:15:04.448Z - [Leads] Entered getViolations
2026-07-17T19:15:04.450Z - [Leads] User: fc139c17-d8ba-40f0-8fc0-de857274c943, Role: admin
2026-07-17T19:15:04.452Z - [Leads] Fetching visible users...
2026-07-17T19:15:05.202Z - [Leads] Visible users found: 12
2026-07-17T19:15:05.206Z - [Leads] [Leads] Querying Prisma with where: {"rotationViolation":true,"isDeleted":false,"organisationId":"23d99450-83e7-4382-9312-d07f083447c0","previousOwnerId":{"in":["fc139c17-d8ba-40f0-8fc0-de857274c943","6d5e601a-d676-4cc6-a860-1a65d3734dab","c68a8236-7b93-4ff3-be69-01297ecfaceb","3b2c2b6a-7ec1-48cb-b98e-4ce026c6a984","2dc472bd-b2a9-4f5b-9066-b0561963cafe","941754a0-1107-4c7c-b7db-980d23df8557","5dac5c27-9d02-455e-bb18-022d0f9afc43","a98aa35e-414a-4939-b425-e0455bfe7eb7","59c25921-95e6-45bd-b7ad-0a07d7079537","6fbc44cd-4167-4571-8198-953e7281a059","9bd78fcd-deeb-4106-a5ec-68a6df672b97","4a6fae60-0298-4026-b0b6-378ed0ec880b"]}}
2026-07-17T19:15:05.281Z - [Leads] [Leads] Violations found: 0
2026-07-17T19:16:05.469Z - [Leads] Entered getViolations
2026-07-17T19:16:05.475Z - [Leads] User: fc139c17-d8ba-40f0-8fc0-de857274c943, Role: admin
2026-07-17T19:16:05.477Z - [Leads] Fetching visible users...
2026-07-17T19:16:06.025Z - [Leads] Visible users found: 12
2026-07-17T19:16:06.027Z - [Leads] [Leads] Querying Prisma with where: {"rotationViolation":true,"isDeleted":false,"organisationId":"23d99450-83e7-4382-9312-d07f083447c0","previousOwnerId":{"in":["fc139c17-d8ba-40f0-8fc0-de857274c943","6d5e601a-d676-4cc6-a860-1a65d3734dab","c68a8236-7b93-4ff3-be69-01297ecfaceb","3b2c2b6a-7ec1-48cb-b98e-4ce026c6a984","2dc472bd-b2a9-4f5b-9066-b0561963cafe","941754a0-1107-4c7c-b7db-980d23df8557","5dac5c27-9d02-455e-bb18-022d0f9afc43","a98aa35e-414a-4939-b425-e0455bfe7eb7","59c25921-95e6-45bd-b7ad-0a07d7079537","6fbc44cd-4167-4571-8198-953e7281a059","9bd78fcd-deeb-4106-a5ec-68a6df672b97","4a6fae60-0298-4026-b0b6-378ed0ec880b"]}}
2026-07-17T19:16:06.064Z - [Leads] [Leads] Violations found: 0
2026-07-17T19:17:06.233Z - [Leads] Entered getViolations
2026-07-17T19:17:06.235Z - [Leads] User: fc139c17-d8ba-40f0-8fc0-de857274c943, Role: admin
2026-07-17T19:17:06.237Z - [Leads] Fetching visible users...
2026-07-17T19:17:06.800Z - [Leads] Visible users found: 12
2026-07-17T19:17:06.802Z - [Leads] [Leads] Querying Prisma with where: {"rotationViolation":true,"isDeleted":false,"organisationId":"23d99450-83e7-4382-9312-d07f083447c0","previousOwnerId":{"in":["fc139c17-d8ba-40f0-8fc0-de857274c943","6d5e601a-d676-4cc6-a860-1a65d3734dab","c68a8236-7b93-4ff3-be69-01297ecfaceb","3b2c2b6a-7ec1-48cb-b98e-4ce026c6a984","2dc472bd-b2a9-4f5b-9066-b0561963cafe","941754a0-1107-4c7c-b7db-980d23df8557","5dac5c27-9d02-455e-bb18-022d0f9afc43","a98aa35e-414a-4939-b425-e0455bfe7eb7","59c25921-95e6-45bd-b7ad-0a07d7079537","6fbc44cd-4167-4571-8198-953e7281a059","9bd78fcd-deeb-4106-a5ec-68a6df672b97","4a6fae60-0298-4026-b0b6-378ed0ec880b"]}}
2026-07-17T19:17:06.841Z - [Leads] [Leads] Violations found: 0
2026-07-17T19:18:07.005Z - [Leads] Entered getViolations
2026-07-17T19:18:07.008Z - [Leads] User: fc139c17-d8ba-40f0-8fc0-de857274c943, Role: admin
2026-07-17T19:18:07.010Z - [Leads] Fetching visible users...
2026-07-17T19:18:07.580Z - [Leads] Visible users found: 12
2026-07-17T19:18:07.582Z - [Leads] [Leads] Querying Prisma with where: {"rotationViolation":true,"isDeleted":false,"organisationId":"23d99450-83e7-4382-9312-d07f083447c0","previousOwnerId":{"in":["fc139c17-d8ba-40f0-8fc0-de857274c943","6d5e601a-d676-4cc6-a860-1a65d3734dab","c68a8236-7b93-4ff3-be69-01297ecfaceb","3b2c2b6a-7ec1-48cb-b98e-4ce026c6a984","2dc472bd-b2a9-4f5b-9066-b0561963cafe","941754a0-1107-4c7c-b7db-980d23df8557","5dac5c27-9d02-455e-bb18-022d0f9afc43","a98aa35e-414a-4939-b425-e0455bfe7eb7","59c25921-95e6-45bd-b7ad-0a07d7079537","6fbc44cd-4167-4571-8198-953e7281a059","9bd78fcd-deeb-4106-a5ec-68a6df672b97","4a6fae60-0298-4026-b0b6-378ed0ec880b"]}}
2026-07-17T19:18:07.621Z - [Leads] [Leads] Violations found: 0
2026-07-17T19:19:07.788Z - [Leads] Entered getViolations
2026-07-17T19:19:07.791Z - [Leads] User: fc139c17-d8ba-40f0-8fc0-de857274c943, Role: admin
2026-07-17T19:19:07.793Z - [Leads] Fetching visible users...
2026-07-17T19:19:08.368Z - [Leads] Visible users found: 12
2026-07-17T19:19:08.370Z - [Leads] [Leads] Querying Prisma with where: {"rotationViolation":true,"isDeleted":false,"organisationId":"23d99450-83e7-4382-9312-d07f083447c0","previousOwnerId":{"in":["fc139c17-d8ba-40f0-8fc0-de857274c943","6d5e601a-d676-4cc6-a860-1a65d3734dab","c68a8236-7b93-4ff3-be69-01297ecfaceb","3b2c2b6a-7ec1-48cb-b98e-4ce026c6a984","2dc472bd-b2a9-4f5b-9066-b0561963cafe","941754a0-1107-4c7c-b7db-980d23df8557","5dac5c27-9d02-455e-bb18-022d0f9afc43","a98aa35e-414a-4939-b425-e0455bfe7eb7","59c25921-95e6-45bd-b7ad-0a07d7079537","6fbc44cd-4167-4571-8198-953e7281a059","9bd78fcd-deeb-4106-a5ec-68a6df672b97","4a6fae60-0298-4026-b0b6-378ed0ec880b"]}}
2026-07-17T19:19:08.410Z - [Leads] [Leads] Violations found: 0
2026-07-17T19:20:08.964Z - [Leads] Entered getViolations
2026-07-17T19:20:08.972Z - [Leads] User: fc139c17-d8ba-40f0-8fc0-de857274c943, Role: admin
2026-07-17T19:20:08.986Z - [Leads] Fetching visible users...
2026-07-17T19:20:09.769Z - [Leads] Visible users found: 12
2026-07-17T19:20:09.772Z - [Leads] [Leads] Querying Prisma with where: {"rotationViolation":true,"isDeleted":false,"organisationId":"23d99450-83e7-4382-9312-d07f083447c0","previousOwnerId":{"in":["fc139c17-d8ba-40f0-8fc0-de857274c943","6d5e601a-d676-4cc6-a860-1a65d3734dab","c68a8236-7b93-4ff3-be69-01297ecfaceb","3b2c2b6a-7ec1-48cb-b98e-4ce026c6a984","2dc472bd-b2a9-4f5b-9066-b0561963cafe","941754a0-1107-4c7c-b7db-980d23df8557","5dac5c27-9d02-455e-bb18-022d0f9afc43","a98aa35e-414a-4939-b425-e0455bfe7eb7","59c25921-95e6-45bd-b7ad-0a07d7079537","6fbc44cd-4167-4571-8198-953e7281a059","9bd78fcd-deeb-4106-a5ec-68a6df672b97","4a6fae60-0298-4026-b0b6-378ed0ec880b"]}}
2026-07-17T19:20:09.851Z - [Leads] [Leads] Violations found: 0
2026-07-17T19:21:10.144Z - [Leads] Entered getViolations
2026-07-17T19:21:10.147Z - [Leads] User: fc139c17-d8ba-40f0-8fc0-de857274c943, Role: admin
2026-07-17T19:21:10.149Z - [Leads] Fetching visible users...
2026-07-17T19:21:10.996Z - [Leads] Visible users found: 12
2026-07-17T19:21:11.000Z - [Leads] [Leads] Querying Prisma with where: {"rotationViolation":true,"isDeleted":false,"organisationId":"23d99450-83e7-4382-9312-d07f083447c0","previousOwnerId":{"in":["fc139c17-d8ba-40f0-8fc0-de857274c943","6d5e601a-d676-4cc6-a860-1a65d3734dab","c68a8236-7b93-4ff3-be69-01297ecfaceb","3b2c2b6a-7ec1-48cb-b98e-4ce026c6a984","2dc472bd-b2a9-4f5b-9066-b0561963cafe","941754a0-1107-4c7c-b7db-980d23df8557","5dac5c27-9d02-455e-bb18-022d0f9afc43","a98aa35e-414a-4939-b425-e0455bfe7eb7","59c25921-95e6-45bd-b7ad-0a07d7079537","6fbc44cd-4167-4571-8198-953e7281a059","9bd78fcd-deeb-4106-a5ec-68a6df672b97","4a6fae60-0298-4026-b0b6-378ed0ec880b"]}}
2026-07-17T19:21:11.066Z - [Leads] [Leads] Violations found: 0
2026-07-17T19:22:11.276Z - [Leads] Entered getViolations
2026-07-17T19:22:11.283Z - [Leads] User: fc139c17-d8ba-40f0-8fc0-de857274c943, Role: admin
2026-07-17T19:22:11.284Z - [Leads] Fetching visible users...
2026-07-17T19:22:11.870Z - [Leads] Visible users found: 12
2026-07-17T19:22:11.874Z - [Leads] [Leads] Querying Prisma with where: {"rotationViolation":true,"isDeleted":false,"organisationId":"23d99450-83e7-4382-9312-d07f083447c0","previousOwnerId":{"in":["fc139c17-d8ba-40f0-8fc0-de857274c943","6d5e601a-d676-4cc6-a860-1a65d3734dab","c68a8236-7b93-4ff3-be69-01297ecfaceb","3b2c2b6a-7ec1-48cb-b98e-4ce026c6a984","2dc472bd-b2a9-4f5b-9066-b0561963cafe","941754a0-1107-4c7c-b7db-980d23df8557","5dac5c27-9d02-455e-bb18-022d0f9afc43","a98aa35e-414a-4939-b425-e0455bfe7eb7","59c25921-95e6-45bd-b7ad-0a07d7079537","6fbc44cd-4167-4571-8198-953e7281a059","9bd78fcd-deeb-4106-a5ec-68a6df672b97","4a6fae60-0298-4026-b0b6-378ed0ec880b"]}}
2026-07-17T19:22:11.917Z - [Leads] [Leads] Violations found: 0
2026-07-17T19:23:12.121Z - [Leads] Entered getViolations
2026-07-17T19:23:12.124Z - [Leads] User: fc139c17-d8ba-40f0-8fc0-de857274c943, Role: admin
2026-07-17T19:23:12.126Z - [Leads] Fetching visible users...
2026-07-17T19:23:12.732Z - [Leads] Visible users found: 12
2026-07-17T19:23:12.736Z - [Leads] [Leads] Querying Prisma with where: {"rotationViolation":true,"isDeleted":false,"organisationId":"23d99450-83e7-4382-9312-d07f083447c0","previousOwnerId":{"in":["fc139c17-d8ba-40f0-8fc0-de857274c943","6d5e601a-d676-4cc6-a860-1a65d3734dab","c68a8236-7b93-4ff3-be69-01297ecfaceb","3b2c2b6a-7ec1-48cb-b98e-4ce026c6a984","2dc472bd-b2a9-4f5b-9066-b0561963cafe","941754a0-1107-4c7c-b7db-980d23df8557","5dac5c27-9d02-455e-bb18-022d0f9afc43","a98aa35e-414a-4939-b425-e0455bfe7eb7","59c25921-95e6-45bd-b7ad-0a07d7079537","6fbc44cd-4167-4571-8198-953e7281a059","9bd78fcd-deeb-4106-a5ec-68a6df672b97","4a6fae60-0298-4026-b0b6-378ed0ec880b"]}}
2026-07-17T19:23:12.780Z - [Leads] [Leads] Violations found: 0
2026-07-17T19:24:13.054Z - [Leads] Entered getViolations
2026-07-17T19:24:13.060Z - [Leads] User: fc139c17-d8ba-40f0-8fc0-de857274c943, Role: admin
2026-07-17T19:24:13.068Z - [Leads] Fetching visible users...
2026-07-17T19:24:13.682Z - [Leads] Visible users found: 12
2026-07-17T19:24:13.684Z - [Leads] [Leads] Querying Prisma with where: {"rotationViolation":true,"isDeleted":false,"organisationId":"23d99450-83e7-4382-9312-d07f083447c0","previousOwnerId":{"in":["fc139c17-d8ba-40f0-8fc0-de857274c943","6d5e601a-d676-4cc6-a860-1a65d3734dab","c68a8236-7b93-4ff3-be69-01297ecfaceb","3b2c2b6a-7ec1-48cb-b98e-4ce026c6a984","2dc472bd-b2a9-4f5b-9066-b0561963cafe","941754a0-1107-4c7c-b7db-980d23df8557","5dac5c27-9d02-455e-bb18-022d0f9afc43","a98aa35e-414a-4939-b425-e0455bfe7eb7","59c25921-95e6-45bd-b7ad-0a07d7079537","6fbc44cd-4167-4571-8198-953e7281a059","9bd78fcd-deeb-4106-a5ec-68a6df672b97","4a6fae60-0298-4026-b0b6-378ed0ec880b"]}}
2026-07-17T19:24:13.729Z - [Leads] [Leads] Violations found: 0
2026-07-17T19:25:14.436Z - [Leads] Entered getViolations
2026-07-17T19:25:14.441Z - [Leads] User: fc139c17-d8ba-40f0-8fc0-de857274c943, Role: admin
2026-07-17T19:25:14.446Z - [Leads] Fetching visible users...
2026-07-17T19:25:15.351Z - [Leads] Visible users found: 12
2026-07-17T19:25:15.354Z - [Leads] [Leads] Querying Prisma with where: {"rotationViolation":true,"isDeleted":false,"organisationId":"23d99450-83e7-4382-9312-d07f083447c0","previousOwnerId":{"in":["fc139c17-d8ba-40f0-8fc0-de857274c943","6d5e601a-d676-4cc6-a860-1a65d3734dab","c68a8236-7b93-4ff3-be69-01297ecfaceb","3b2c2b6a-7ec1-48cb-b98e-4ce026c6a984","2dc472bd-b2a9-4f5b-9066-b0561963cafe","941754a0-1107-4c7c-b7db-980d23df8557","5dac5c27-9d02-455e-bb18-022d0f9afc43","a98aa35e-414a-4939-b425-e0455bfe7eb7","59c25921-95e6-45bd-b7ad-0a07d7079537","6fbc44cd-4167-4571-8198-953e7281a059","9bd78fcd-deeb-4106-a5ec-68a6df672b97","4a6fae60-0298-4026-b0b6-378ed0ec880b"]}}
2026-07-17T19:25:15.474Z - [Leads] [Leads] Violations found: 0
2026-07-17T19:26:15.795Z - [Leads] Entered getViolations
2026-07-17T19:26:15.800Z - [Leads] User: fc139c17-d8ba-40f0-8fc0-de857274c943, Role: admin
2026-07-17T19:26:15.804Z - [Leads] Fetching visible users...
2026-07-17T19:26:16.491Z - [Leads] Visible users found: 12
2026-07-17T19:26:16.494Z - [Leads] [Leads] Querying Prisma with where: {"rotationViolation":true,"isDeleted":false,"organisationId":"23d99450-83e7-4382-9312-d07f083447c0","previousOwnerId":{"in":["fc139c17-d8ba-40f0-8fc0-de857274c943","6d5e601a-d676-4cc6-a860-1a65d3734dab","c68a8236-7b93-4ff3-be69-01297ecfaceb","3b2c2b6a-7ec1-48cb-b98e-4ce026c6a984","2dc472bd-b2a9-4f5b-9066-b0561963cafe","941754a0-1107-4c7c-b7db-980d23df8557","5dac5c27-9d02-455e-bb18-022d0f9afc43","a98aa35e-414a-4939-b425-e0455bfe7eb7","59c25921-95e6-45bd-b7ad-0a07d7079537","6fbc44cd-4167-4571-8198-953e7281a059","9bd78fcd-deeb-4106-a5ec-68a6df672b97","4a6fae60-0298-4026-b0b6-378ed0ec880b"]}}
2026-07-17T19:26:16.543Z - [Leads] [Leads] Violations found: 0
2026-07-17T19:27:16.816Z - [Leads] Entered getViolations
2026-07-17T19:27:16.818Z - [Leads] User: fc139c17-d8ba-40f0-8fc0-de857274c943, Role: admin
2026-07-17T19:27:16.820Z - [Leads] Fetching visible users...
2026-07-17T19:27:17.471Z - [Leads] Visible users found: 12
2026-07-17T19:27:17.474Z - [Leads] [Leads] Querying Prisma with where: {"rotationViolation":true,"isDeleted":false,"organisationId":"23d99450-83e7-4382-9312-d07f083447c0","previousOwnerId":{"in":["fc139c17-d8ba-40f0-8fc0-de857274c943","6d5e601a-d676-4cc6-a860-1a65d3734dab","c68a8236-7b93-4ff3-be69-01297ecfaceb","3b2c2b6a-7ec1-48cb-b98e-4ce026c6a984","2dc472bd-b2a9-4f5b-9066-b0561963cafe","941754a0-1107-4c7c-b7db-980d23df8557","5dac5c27-9d02-455e-bb18-022d0f9afc43","a98aa35e-414a-4939-b425-e0455bfe7eb7","59c25921-95e6-45bd-b7ad-0a07d7079537","6fbc44cd-4167-4571-8198-953e7281a059","9bd78fcd-deeb-4106-a5ec-68a6df672b97","4a6fae60-0298-4026-b0b6-378ed0ec880b"]}}
2026-07-17T19:27:17.526Z - [Leads] [Leads] Violations found: 0
2026-07-17T19:28:17.796Z - [Leads] Entered getViolations
2026-07-17T19:28:17.799Z - [Leads] User: fc139c17-d8ba-40f0-8fc0-de857274c943, Role: admin
2026-07-17T19:28:17.803Z - [Leads] Fetching visible users...
2026-07-17T19:28:18.494Z - [Leads] Visible users found: 12
2026-07-17T19:28:18.496Z - [Leads] [Leads] Querying Prisma with where: {"rotationViolation":true,"isDeleted":false,"organisationId":"23d99450-83e7-4382-9312-d07f083447c0","previousOwnerId":{"in":["fc139c17-d8ba-40f0-8fc0-de857274c943","6d5e601a-d676-4cc6-a860-1a65d3734dab","c68a8236-7b93-4ff3-be69-01297ecfaceb","3b2c2b6a-7ec1-48cb-b98e-4ce026c6a984","2dc472bd-b2a9-4f5b-9066-b0561963cafe","941754a0-1107-4c7c-b7db-980d23df8557","5dac5c27-9d02-455e-bb18-022d0f9afc43","a98aa35e-414a-4939-b425-e0455bfe7eb7","59c25921-95e6-45bd-b7ad-0a07d7079537","6fbc44cd-4167-4571-8198-953e7281a059","9bd78fcd-deeb-4106-a5ec-68a6df672b97","4a6fae60-0298-4026-b0b6-378ed0ec880b"]}}
2026-07-17T19:28:18.541Z - [Leads] [Leads] Violations found: 0
2026-07-17T19:29:18.775Z - [Leads] Entered getViolations
2026-07-17T19:29:18.779Z - [Leads] User: fc139c17-d8ba-40f0-8fc0-de857274c943, Role: admin
2026-07-17T19:29:18.782Z - [Leads] Fetching visible users...
2026-07-17T19:29:19.469Z - [Leads] Visible users found: 12
2026-07-17T19:29:19.473Z - [Leads] [Leads] Querying Prisma with where: {"rotationViolation":true,"isDeleted":false,"organisationId":"23d99450-83e7-4382-9312-d07f083447c0","previousOwnerId":{"in":["fc139c17-d8ba-40f0-8fc0-de857274c943","6d5e601a-d676-4cc6-a860-1a65d3734dab","c68a8236-7b93-4ff3-be69-01297ecfaceb","3b2c2b6a-7ec1-48cb-b98e-4ce026c6a984","2dc472bd-b2a9-4f5b-9066-b0561963cafe","941754a0-1107-4c7c-b7db-980d23df8557","5dac5c27-9d02-455e-bb18-022d0f9afc43","a98aa35e-414a-4939-b425-e0455bfe7eb7","59c25921-95e6-45bd-b7ad-0a07d7079537","6fbc44cd-4167-4571-8198-953e7281a059","9bd78fcd-deeb-4106-a5ec-68a6df672b97","4a6fae60-0298-4026-b0b6-378ed0ec880b"]}}
2026-07-17T19:29:19.519Z - [Leads] [Leads] Violations found: 0
2026-07-17T19:30:19.751Z - [Leads] Entered getViolations
2026-07-17T19:30:19.757Z - [Leads] User: fc139c17-d8ba-40f0-8fc0-de857274c943, Role: admin
2026-07-17T19:30:19.759Z - [Leads] Fetching visible users...
2026-07-17T19:30:20.506Z - [Leads] Visible users found: 12
2026-07-17T19:30:20.510Z - [Leads] [Leads] Querying Prisma with where: {"rotationViolation":true,"isDeleted":false,"organisationId":"23d99450-83e7-4382-9312-d07f083447c0","previousOwnerId":{"in":["fc139c17-d8ba-40f0-8fc0-de857274c943","6d5e601a-d676-4cc6-a860-1a65d3734dab","c68a8236-7b93-4ff3-be69-01297ecfaceb","3b2c2b6a-7ec1-48cb-b98e-4ce026c6a984","2dc472bd-b2a9-4f5b-9066-b0561963cafe","941754a0-1107-4c7c-b7db-980d23df8557","5dac5c27-9d02-455e-bb18-022d0f9afc43","a98aa35e-414a-4939-b425-e0455bfe7eb7","59c25921-95e6-45bd-b7ad-0a07d7079537","6fbc44cd-4167-4571-8198-953e7281a059","9bd78fcd-deeb-4106-a5ec-68a6df672b97","4a6fae60-0298-4026-b0b6-378ed0ec880b"]}}
2026-07-17T19:30:20.586Z - [Leads] [Leads] Violations found: 0
2026-07-17T19:31:20.854Z - [Leads] Entered getViolations
2026-07-17T19:31:20.857Z - [Leads] User: fc139c17-d8ba-40f0-8fc0-de857274c943, Role: admin
2026-07-17T19:31:20.860Z - [Leads] Fetching visible users...
2026-07-17T19:31:21.458Z - [Leads] Visible users found: 12
2026-07-17T19:31:21.461Z - [Leads] [Leads] Querying Prisma with where: {"rotationViolation":true,"isDeleted":false,"organisationId":"23d99450-83e7-4382-9312-d07f083447c0","previousOwnerId":{"in":["fc139c17-d8ba-40f0-8fc0-de857274c943","6d5e601a-d676-4cc6-a860-1a65d3734dab","c68a8236-7b93-4ff3-be69-01297ecfaceb","3b2c2b6a-7ec1-48cb-b98e-4ce026c6a984","2dc472bd-b2a9-4f5b-9066-b0561963cafe","941754a0-1107-4c7c-b7db-980d23df8557","5dac5c27-9d02-455e-bb18-022d0f9afc43","a98aa35e-414a-4939-b425-e0455bfe7eb7","59c25921-95e6-45bd-b7ad-0a07d7079537","6fbc44cd-4167-4571-8198-953e7281a059","9bd78fcd-deeb-4106-a5ec-68a6df672b97","4a6fae60-0298-4026-b0b6-378ed0ec880b"]}}
2026-07-17T19:31:21.500Z - [Leads] [Leads] Violations found: 0
2026-07-17T19:32:21.713Z - [Leads] Entered getViolations
2026-07-17T19:32:21.716Z - [Leads] User: fc139c17-d8ba-40f0-8fc0-de857274c943, Role: admin
2026-07-17T19:32:21.718Z - [Leads] Fetching visible users...
2026-07-17T19:32:22.290Z - [Leads] Visible users found: 12
2026-07-17T19:32:22.292Z - [Leads] [Leads] Querying Prisma with where: {"rotationViolation":true,"isDeleted":false,"organisationId":"23d99450-83e7-4382-9312-d07f083447c0","previousOwnerId":{"in":["fc139c17-d8ba-40f0-8fc0-de857274c943","6d5e601a-d676-4cc6-a860-1a65d3734dab","c68a8236-7b93-4ff3-be69-01297ecfaceb","3b2c2b6a-7ec1-48cb-b98e-4ce026c6a984","2dc472bd-b2a9-4f5b-9066-b0561963cafe","941754a0-1107-4c7c-b7db-980d23df8557","5dac5c27-9d02-455e-bb18-022d0f9afc43","a98aa35e-414a-4939-b425-e0455bfe7eb7","59c25921-95e6-45bd-b7ad-0a07d7079537","6fbc44cd-4167-4571-8198-953e7281a059","9bd78fcd-deeb-4106-a5ec-68a6df672b97","4a6fae60-0298-4026-b0b6-378ed0ec880b"]}}
2026-07-17T19:32:22.342Z - [Leads] [Leads] Violations found: 0
2026-07-17T19:33:22.602Z - [Leads] Entered getViolations
2026-07-17T19:33:22.605Z - [Leads] User: fc139c17-d8ba-40f0-8fc0-de857274c943, Role: admin
2026-07-17T19:33:22.607Z - [Leads] Fetching visible users...
2026-07-17T19:33:23.173Z - [Leads] Visible users found: 12
2026-07-17T19:33:23.174Z - [Leads] [Leads] Querying Prisma with where: {"rotationViolation":true,"isDeleted":false,"organisationId":"23d99450-83e7-4382-9312-d07f083447c0","previousOwnerId":{"in":["fc139c17-d8ba-40f0-8fc0-de857274c943","6d5e601a-d676-4cc6-a860-1a65d3734dab","c68a8236-7b93-4ff3-be69-01297ecfaceb","3b2c2b6a-7ec1-48cb-b98e-4ce026c6a984","2dc472bd-b2a9-4f5b-9066-b0561963cafe","941754a0-1107-4c7c-b7db-980d23df8557","5dac5c27-9d02-455e-bb18-022d0f9afc43","a98aa35e-414a-4939-b425-e0455bfe7eb7","59c25921-95e6-45bd-b7ad-0a07d7079537","6fbc44cd-4167-4571-8198-953e7281a059","9bd78fcd-deeb-4106-a5ec-68a6df672b97","4a6fae60-0298-4026-b0b6-378ed0ec880b"]}}
2026-07-17T19:33:23.214Z - [Leads] [Leads] Violations found: 0
2026-07-17T19:34:23.416Z - [Leads] Entered getViolations
2026-07-17T19:34:23.419Z - [Leads] User: fc139c17-d8ba-40f0-8fc0-de857274c943, Role: admin
2026-07-17T19:34:23.421Z - [Leads] Fetching visible users...
2026-07-17T19:34:24.013Z - [Leads] Visible users found: 12
2026-07-17T19:34:24.017Z - [Leads] [Leads] Querying Prisma with where: {"rotationViolation":true,"isDeleted":false,"organisationId":"23d99450-83e7-4382-9312-d07f083447c0","previousOwnerId":{"in":["fc139c17-d8ba-40f0-8fc0-de857274c943","6d5e601a-d676-4cc6-a860-1a65d3734dab","c68a8236-7b93-4ff3-be69-01297ecfaceb","3b2c2b6a-7ec1-48cb-b98e-4ce026c6a984","2dc472bd-b2a9-4f5b-9066-b0561963cafe","941754a0-1107-4c7c-b7db-980d23df8557","5dac5c27-9d02-455e-bb18-022d0f9afc43","a98aa35e-414a-4939-b425-e0455bfe7eb7","59c25921-95e6-45bd-b7ad-0a07d7079537","6fbc44cd-4167-4571-8198-953e7281a059","9bd78fcd-deeb-4106-a5ec-68a6df672b97","4a6fae60-0298-4026-b0b6-378ed0ec880b"]}}
2026-07-17T19:34:24.092Z - [Leads] [Leads] Violations found: 0
2026-07-17T19:35:24.366Z - [Leads] Entered getViolations
2026-07-17T19:35:24.369Z - [Leads] User: fc139c17-d8ba-40f0-8fc0-de857274c943, Role: admin
2026-07-17T19:35:24.371Z - [Leads] Fetching visible users...
2026-07-17T19:35:25.194Z - [Leads] Visible users found: 12
2026-07-17T19:35:25.198Z - [Leads] [Leads] Querying Prisma with where: {"rotationViolation":true,"isDeleted":false,"organisationId":"23d99450-83e7-4382-9312-d07f083447c0","previousOwnerId":{"in":["fc139c17-d8ba-40f0-8fc0-de857274c943","6d5e601a-d676-4cc6-a860-1a65d3734dab","c68a8236-7b93-4ff3-be69-01297ecfaceb","3b2c2b6a-7ec1-48cb-b98e-4ce026c6a984","2dc472bd-b2a9-4f5b-9066-b0561963cafe","941754a0-1107-4c7c-b7db-980d23df8557","5dac5c27-9d02-455e-bb18-022d0f9afc43","a98aa35e-414a-4939-b425-e0455bfe7eb7","59c25921-95e6-45bd-b7ad-0a07d7079537","6fbc44cd-4167-4571-8198-953e7281a059","9bd78fcd-deeb-4106-a5ec-68a6df672b97","4a6fae60-0298-4026-b0b6-378ed0ec880b"]}}
2026-07-17T19:35:25.280Z - [Leads] [Leads] Violations found: 0
2026-07-17T19:36:25.558Z - [Leads] Entered getViolations
2026-07-17T19:36:25.561Z - [Leads] User: fc139c17-d8ba-40f0-8fc0-de857274c943, Role: admin
2026-07-17T19:36:25.563Z - [Leads] Fetching visible users...
2026-07-17T19:36:26.183Z - [Leads] Visible users found: 12
2026-07-17T19:36:26.187Z - [Leads] [Leads] Querying Prisma with where: {"rotationViolation":true,"isDeleted":false,"organisationId":"23d99450-83e7-4382-9312-d07f083447c0","previousOwnerId":{"in":["fc139c17-d8ba-40f0-8fc0-de857274c943","6d5e601a-d676-4cc6-a860-1a65d3734dab","c68a8236-7b93-4ff3-be69-01297ecfaceb","3b2c2b6a-7ec1-48cb-b98e-4ce026c6a984","2dc472bd-b2a9-4f5b-9066-b0561963cafe","941754a0-1107-4c7c-b7db-980d23df8557","5dac5c27-9d02-455e-bb18-022d0f9afc43","a98aa35e-414a-4939-b425-e0455bfe7eb7","59c25921-95e6-45bd-b7ad-0a07d7079537","6fbc44cd-4167-4571-8198-953e7281a059","9bd78fcd-deeb-4106-a5ec-68a6df672b97","4a6fae60-0298-4026-b0b6-378ed0ec880b"]}}
2026-07-17T19:36:26.233Z - [Leads] [Leads] Violations found: 0
2026-07-17T19:37:26.464Z - [Leads] Entered getViolations
2026-07-17T19:37:26.466Z - [Leads] User: fc139c17-d8ba-40f0-8fc0-de857274c943, Role: admin
2026-07-17T19:37:26.469Z - [Leads] Fetching visible users...
2026-07-17T19:37:27.096Z - [Leads] Visible users found: 12
2026-07-17T19:37:27.097Z - [Leads] [Leads] Querying Prisma with where: {"rotationViolation":true,"isDeleted":false,"organisationId":"23d99450-83e7-4382-9312-d07f083447c0","previousOwnerId":{"in":["fc139c17-d8ba-40f0-8fc0-de857274c943","6d5e601a-d676-4cc6-a860-1a65d3734dab","c68a8236-7b93-4ff3-be69-01297ecfaceb","3b2c2b6a-7ec1-48cb-b98e-4ce026c6a984","2dc472bd-b2a9-4f5b-9066-b0561963cafe","941754a0-1107-4c7c-b7db-980d23df8557","5dac5c27-9d02-455e-bb18-022d0f9afc43","a98aa35e-414a-4939-b425-e0455bfe7eb7","59c25921-95e6-45bd-b7ad-0a07d7079537","6fbc44cd-4167-4571-8198-953e7281a059","9bd78fcd-deeb-4106-a5ec-68a6df672b97","4a6fae60-0298-4026-b0b6-378ed0ec880b"]}}
2026-07-17T19:37:27.141Z - [Leads] [Leads] Violations found: 0
2026-07-17T19:38:27.421Z - [Leads] Entered getViolations
2026-07-17T19:38:27.424Z - [Leads] User: fc139c17-d8ba-40f0-8fc0-de857274c943, Role: admin
2026-07-17T19:38:27.426Z - [Leads] Fetching visible users...
2026-07-17T19:38:28.052Z - [Leads] Visible users found: 12
2026-07-17T19:38:28.055Z - [Leads] [Leads] Querying Prisma with where: {"rotationViolation":true,"isDeleted":false,"organisationId":"23d99450-83e7-4382-9312-d07f083447c0","previousOwnerId":{"in":["fc139c17-d8ba-40f0-8fc0-de857274c943","6d5e601a-d676-4cc6-a860-1a65d3734dab","c68a8236-7b93-4ff3-be69-01297ecfaceb","3b2c2b6a-7ec1-48cb-b98e-4ce026c6a984","2dc472bd-b2a9-4f5b-9066-b0561963cafe","941754a0-1107-4c7c-b7db-980d23df8557","5dac5c27-9d02-455e-bb18-022d0f9afc43","a98aa35e-414a-4939-b425-e0455bfe7eb7","59c25921-95e6-45bd-b7ad-0a07d7079537","6fbc44cd-4167-4571-8198-953e7281a059","9bd78fcd-deeb-4106-a5ec-68a6df672b97","4a6fae60-0298-4026-b0b6-378ed0ec880b"]}}
2026-07-17T19:38:28.103Z - [Leads] [Leads] Violations found: 0
2026-07-17T19:39:28.371Z - [Leads] Entered getViolations
2026-07-17T19:39:28.374Z - [Leads] User: fc139c17-d8ba-40f0-8fc0-de857274c943, Role: admin
2026-07-17T19:39:28.376Z - [Leads] Fetching visible users...
2026-07-17T19:39:28.992Z - [Leads] Visible users found: 12
2026-07-17T19:39:28.995Z - [Leads] [Leads] Querying Prisma with where: {"rotationViolation":true,"isDeleted":false,"organisationId":"23d99450-83e7-4382-9312-d07f083447c0","previousOwnerId":{"in":["fc139c17-d8ba-40f0-8fc0-de857274c943","6d5e601a-d676-4cc6-a860-1a65d3734dab","c68a8236-7b93-4ff3-be69-01297ecfaceb","3b2c2b6a-7ec1-48cb-b98e-4ce026c6a984","2dc472bd-b2a9-4f5b-9066-b0561963cafe","941754a0-1107-4c7c-b7db-980d23df8557","5dac5c27-9d02-455e-bb18-022d0f9afc43","a98aa35e-414a-4939-b425-e0455bfe7eb7","59c25921-95e6-45bd-b7ad-0a07d7079537","6fbc44cd-4167-4571-8198-953e7281a059","9bd78fcd-deeb-4106-a5ec-68a6df672b97","4a6fae60-0298-4026-b0b6-378ed0ec880b"]}}
2026-07-17T19:39:29.040Z - [Leads] [Leads] Violations found: 0
2026-07-17T19:40:29.241Z - [Leads] Entered getViolations
2026-07-17T19:40:29.246Z - [Leads] User: fc139c17-d8ba-40f0-8fc0-de857274c943, Role: admin
2026-07-17T19:40:29.253Z - [Leads] Fetching visible users...
2026-07-17T19:40:30.026Z - [Leads] Visible users found: 12
2026-07-17T19:40:30.033Z - [Leads] [Leads] Querying Prisma with where: {"rotationViolation":true,"isDeleted":false,"organisationId":"23d99450-83e7-4382-9312-d07f083447c0","previousOwnerId":{"in":["fc139c17-d8ba-40f0-8fc0-de857274c943","6d5e601a-d676-4cc6-a860-1a65d3734dab","c68a8236-7b93-4ff3-be69-01297ecfaceb","3b2c2b6a-7ec1-48cb-b98e-4ce026c6a984","2dc472bd-b2a9-4f5b-9066-b0561963cafe","941754a0-1107-4c7c-b7db-980d23df8557","5dac5c27-9d02-455e-bb18-022d0f9afc43","a98aa35e-414a-4939-b425-e0455bfe7eb7","59c25921-95e6-45bd-b7ad-0a07d7079537","6fbc44cd-4167-4571-8198-953e7281a059","9bd78fcd-deeb-4106-a5ec-68a6df672b97","4a6fae60-0298-4026-b0b6-378ed0ec880b"]}}
2026-07-17T19:40:30.104Z - [Leads] [Leads] Violations found: 0
2026-07-17T19:41:30.398Z - [Leads] Entered getViolations
2026-07-17T19:41:30.404Z - [Leads] User: fc139c17-d8ba-40f0-8fc0-de857274c943, Role: admin
2026-07-17T19:41:30.411Z - [Leads] Fetching visible users...
2026-07-17T19:41:30.991Z - [Leads] Visible users found: 12
2026-07-17T19:41:30.994Z - [Leads] [Leads] Querying Prisma with where: {"rotationViolation":true,"isDeleted":false,"organisationId":"23d99450-83e7-4382-9312-d07f083447c0","previousOwnerId":{"in":["fc139c17-d8ba-40f0-8fc0-de857274c943","6d5e601a-d676-4cc6-a860-1a65d3734dab","c68a8236-7b93-4ff3-be69-01297ecfaceb","3b2c2b6a-7ec1-48cb-b98e-4ce026c6a984","2dc472bd-b2a9-4f5b-9066-b0561963cafe","941754a0-1107-4c7c-b7db-980d23df8557","5dac5c27-9d02-455e-bb18-022d0f9afc43","a98aa35e-414a-4939-b425-e0455bfe7eb7","59c25921-95e6-45bd-b7ad-0a07d7079537","6fbc44cd-4167-4571-8198-953e7281a059","9bd78fcd-deeb-4106-a5ec-68a6df672b97","4a6fae60-0298-4026-b0b6-378ed0ec880b"]}}
2026-07-17T19:41:31.042Z - [Leads] [Leads] Violations found: 0
2026-07-17T19:42:31.261Z - [Leads] Entered getViolations
2026-07-17T19:42:31.265Z - [Leads] User: fc139c17-d8ba-40f0-8fc0-de857274c943, Role: admin
2026-07-17T19:42:31.268Z - [Leads] Fetching visible users...
2026-07-17T19:42:31.848Z - [Leads] Visible users found: 12
2026-07-17T19:42:31.850Z - [Leads] [Leads] Querying Prisma with where: {"rotationViolation":true,"isDeleted":false,"organisationId":"23d99450-83e7-4382-9312-d07f083447c0","previousOwnerId":{"in":["fc139c17-d8ba-40f0-8fc0-de857274c943","6d5e601a-d676-4cc6-a860-1a65d3734dab","c68a8236-7b93-4ff3-be69-01297ecfaceb","3b2c2b6a-7ec1-48cb-b98e-4ce026c6a984","2dc472bd-b2a9-4f5b-9066-b0561963cafe","941754a0-1107-4c7c-b7db-980d23df8557","5dac5c27-9d02-455e-bb18-022d0f9afc43","a98aa35e-414a-4939-b425-e0455bfe7eb7","59c25921-95e6-45bd-b7ad-0a07d7079537","6fbc44cd-4167-4571-8198-953e7281a059","9bd78fcd-deeb-4106-a5ec-68a6df672b97","4a6fae60-0298-4026-b0b6-378ed0ec880b"]}}
2026-07-17T19:42:31.891Z - [Leads] [Leads] Violations found: 0
2026-07-17T19:43:32.149Z - [Leads] Entered getViolations
2026-07-17T19:43:32.154Z - [Leads] User: fc139c17-d8ba-40f0-8fc0-de857274c943, Role: admin
2026-07-17T19:43:32.160Z - [Leads] Fetching visible users...
2026-07-17T19:43:32.742Z - [Leads] Visible users found: 12
2026-07-17T19:43:32.745Z - [Leads] [Leads] Querying Prisma with where: {"rotationViolation":true,"isDeleted":false,"organisationId":"23d99450-83e7-4382-9312-d07f083447c0","previousOwnerId":{"in":["fc139c17-d8ba-40f0-8fc0-de857274c943","6d5e601a-d676-4cc6-a860-1a65d3734dab","c68a8236-7b93-4ff3-be69-01297ecfaceb","3b2c2b6a-7ec1-48cb-b98e-4ce026c6a984","2dc472bd-b2a9-4f5b-9066-b0561963cafe","941754a0-1107-4c7c-b7db-980d23df8557","5dac5c27-9d02-455e-bb18-022d0f9afc43","a98aa35e-414a-4939-b425-e0455bfe7eb7","59c25921-95e6-45bd-b7ad-0a07d7079537","6fbc44cd-4167-4571-8198-953e7281a059","9bd78fcd-deeb-4106-a5ec-68a6df672b97","4a6fae60-0298-4026-b0b6-378ed0ec880b"]}}
2026-07-17T19:43:32.795Z - [Leads] [Leads] Violations found: 0
2026-07-17T19:44:33.011Z - [Leads] Entered getViolations
2026-07-17T19:44:33.014Z - [Leads] User: fc139c17-d8ba-40f0-8fc0-de857274c943, Role: admin
2026-07-17T19:44:33.018Z - [Leads] Fetching visible users...
2026-07-17T19:44:33.591Z - [Leads] Visible users found: 12
2026-07-17T19:44:33.595Z - [Leads] [Leads] Querying Prisma with where: {"rotationViolation":true,"isDeleted":false,"organisationId":"23d99450-83e7-4382-9312-d07f083447c0","previousOwnerId":{"in":["fc139c17-d8ba-40f0-8fc0-de857274c943","6d5e601a-d676-4cc6-a860-1a65d3734dab","c68a8236-7b93-4ff3-be69-01297ecfaceb","3b2c2b6a-7ec1-48cb-b98e-4ce026c6a984","2dc472bd-b2a9-4f5b-9066-b0561963cafe","941754a0-1107-4c7c-b7db-980d23df8557","5dac5c27-9d02-455e-bb18-022d0f9afc43","a98aa35e-414a-4939-b425-e0455bfe7eb7","59c25921-95e6-45bd-b7ad-0a07d7079537","6fbc44cd-4167-4571-8198-953e7281a059","9bd78fcd-deeb-4106-a5ec-68a6df672b97","4a6fae60-0298-4026-b0b6-378ed0ec880b"]}}
2026-07-17T19:44:33.637Z - [Leads] [Leads] Violations found: 0
2026-07-17T19:45:33.863Z - [Leads] Entered getViolations
2026-07-17T19:45:33.868Z - [Leads] User: fc139c17-d8ba-40f0-8fc0-de857274c943, Role: admin
2026-07-17T19:45:33.870Z - [Leads] Fetching visible users...
2026-07-17T19:45:34.636Z - [Leads] Visible users found: 12
2026-07-17T19:45:34.645Z - [Leads] [Leads] Querying Prisma with where: {"rotationViolation":true,"isDeleted":false,"organisationId":"23d99450-83e7-4382-9312-d07f083447c0","previousOwnerId":{"in":["fc139c17-d8ba-40f0-8fc0-de857274c943","6d5e601a-d676-4cc6-a860-1a65d3734dab","c68a8236-7b93-4ff3-be69-01297ecfaceb","3b2c2b6a-7ec1-48cb-b98e-4ce026c6a984","2dc472bd-b2a9-4f5b-9066-b0561963cafe","941754a0-1107-4c7c-b7db-980d23df8557","5dac5c27-9d02-455e-bb18-022d0f9afc43","a98aa35e-414a-4939-b425-e0455bfe7eb7","59c25921-95e6-45bd-b7ad-0a07d7079537","6fbc44cd-4167-4571-8198-953e7281a059","9bd78fcd-deeb-4106-a5ec-68a6df672b97","4a6fae60-0298-4026-b0b6-378ed0ec880b"]}}
2026-07-17T19:45:34.724Z - [Leads] [Leads] Violations found: 0
2026-07-17T19:46:34.974Z - [Leads] Entered getViolations
2026-07-17T19:46:34.976Z - [Leads] User: fc139c17-d8ba-40f0-8fc0-de857274c943, Role: admin
2026-07-17T19:46:34.978Z - [Leads] Fetching visible users...
2026-07-17T19:46:35.538Z - [Leads] Visible users found: 12
2026-07-17T19:46:35.540Z - [Leads] [Leads] Querying Prisma with where: {"rotationViolation":true,"isDeleted":false,"organisationId":"23d99450-83e7-4382-9312-d07f083447c0","previousOwnerId":{"in":["fc139c17-d8ba-40f0-8fc0-de857274c943","6d5e601a-d676-4cc6-a860-1a65d3734dab","c68a8236-7b93-4ff3-be69-01297ecfaceb","3b2c2b6a-7ec1-48cb-b98e-4ce026c6a984","2dc472bd-b2a9-4f5b-9066-b0561963cafe","941754a0-1107-4c7c-b7db-980d23df8557","5dac5c27-9d02-455e-bb18-022d0f9afc43","a98aa35e-414a-4939-b425-e0455bfe7eb7","59c25921-95e6-45bd-b7ad-0a07d7079537","6fbc44cd-4167-4571-8198-953e7281a059","9bd78fcd-deeb-4106-a5ec-68a6df672b97","4a6fae60-0298-4026-b0b6-378ed0ec880b"]}}
2026-07-17T19:46:35.581Z - [Leads] [Leads] Violations found: 0
2026-07-17T19:47:35.868Z - [Leads] Entered getViolations
2026-07-17T19:47:35.871Z - [Leads] User: fc139c17-d8ba-40f0-8fc0-de857274c943, Role: admin
2026-07-17T19:47:35.873Z - [Leads] Fetching visible users...
2026-07-17T19:47:36.470Z - [Leads] Visible users found: 12
2026-07-17T19:47:36.474Z - [Leads] [Leads] Querying Prisma with where: {"rotationViolation":true,"isDeleted":false,"organisationId":"23d99450-83e7-4382-9312-d07f083447c0","previousOwnerId":{"in":["fc139c17-d8ba-40f0-8fc0-de857274c943","6d5e601a-d676-4cc6-a860-1a65d3734dab","c68a8236-7b93-4ff3-be69-01297ecfaceb","3b2c2b6a-7ec1-48cb-b98e-4ce026c6a984","2dc472bd-b2a9-4f5b-9066-b0561963cafe","941754a0-1107-4c7c-b7db-980d23df8557","5dac5c27-9d02-455e-bb18-022d0f9afc43","a98aa35e-414a-4939-b425-e0455bfe7eb7","59c25921-95e6-45bd-b7ad-0a07d7079537","6fbc44cd-4167-4571-8198-953e7281a059","9bd78fcd-deeb-4106-a5ec-68a6df672b97","4a6fae60-0298-4026-b0b6-378ed0ec880b"]}}
2026-07-17T19:47:36.517Z - [Leads] [Leads] Violations found: 0
2026-07-17T19:48:36.767Z - [Leads] Entered getViolations
2026-07-17T19:48:36.769Z - [Leads] User: fc139c17-d8ba-40f0-8fc0-de857274c943, Role: admin
2026-07-17T19:48:36.771Z - [Leads] Fetching visible users...
2026-07-17T19:48:37.352Z - [Leads] Visible users found: 12
2026-07-17T19:48:37.356Z - [Leads] [Leads] Querying Prisma with where: {"rotationViolation":true,"isDeleted":false,"organisationId":"23d99450-83e7-4382-9312-d07f083447c0","previousOwnerId":{"in":["fc139c17-d8ba-40f0-8fc0-de857274c943","6d5e601a-d676-4cc6-a860-1a65d3734dab","c68a8236-7b93-4ff3-be69-01297ecfaceb","3b2c2b6a-7ec1-48cb-b98e-4ce026c6a984","2dc472bd-b2a9-4f5b-9066-b0561963cafe","941754a0-1107-4c7c-b7db-980d23df8557","5dac5c27-9d02-455e-bb18-022d0f9afc43","a98aa35e-414a-4939-b425-e0455bfe7eb7","59c25921-95e6-45bd-b7ad-0a07d7079537","6fbc44cd-4167-4571-8198-953e7281a059","9bd78fcd-deeb-4106-a5ec-68a6df672b97","4a6fae60-0298-4026-b0b6-378ed0ec880b"]}}
2026-07-17T19:48:37.399Z - [Leads] [Leads] Violations found: 0
2026-07-17T19:49:37.621Z - [Leads] Entered getViolations
2026-07-17T19:49:37.628Z - [Leads] User: fc139c17-d8ba-40f0-8fc0-de857274c943, Role: admin
2026-07-17T19:49:37.632Z - [Leads] Fetching visible users...
2026-07-17T19:49:38.201Z - [Leads] Visible users found: 12
2026-07-17T19:49:38.203Z - [Leads] [Leads] Querying Prisma with where: {"rotationViolation":true,"isDeleted":false,"organisationId":"23d99450-83e7-4382-9312-d07f083447c0","previousOwnerId":{"in":["fc139c17-d8ba-40f0-8fc0-de857274c943","6d5e601a-d676-4cc6-a860-1a65d3734dab","c68a8236-7b93-4ff3-be69-01297ecfaceb","3b2c2b6a-7ec1-48cb-b98e-4ce026c6a984","2dc472bd-b2a9-4f5b-9066-b0561963cafe","941754a0-1107-4c7c-b7db-980d23df8557","5dac5c27-9d02-455e-bb18-022d0f9afc43","a98aa35e-414a-4939-b425-e0455bfe7eb7","59c25921-95e6-45bd-b7ad-0a07d7079537","6fbc44cd-4167-4571-8198-953e7281a059","9bd78fcd-deeb-4106-a5ec-68a6df672b97","4a6fae60-0298-4026-b0b6-378ed0ec880b"]}}
2026-07-17T19:49:38.244Z - [Leads] [Leads] Violations found: 0
2026-07-17T19:50:38.479Z - [Leads] Entered getViolations
2026-07-17T19:50:38.483Z - [Leads] User: fc139c17-d8ba-40f0-8fc0-de857274c943, Role: admin
2026-07-17T19:50:38.485Z - [Leads] Fetching visible users...
2026-07-17T19:50:39.349Z - [Leads] Visible users found: 12
2026-07-17T19:50:39.351Z - [Leads] [Leads] Querying Prisma with where: {"rotationViolation":true,"isDeleted":false,"organisationId":"23d99450-83e7-4382-9312-d07f083447c0","previousOwnerId":{"in":["fc139c17-d8ba-40f0-8fc0-de857274c943","6d5e601a-d676-4cc6-a860-1a65d3734dab","c68a8236-7b93-4ff3-be69-01297ecfaceb","3b2c2b6a-7ec1-48cb-b98e-4ce026c6a984","2dc472bd-b2a9-4f5b-9066-b0561963cafe","941754a0-1107-4c7c-b7db-980d23df8557","5dac5c27-9d02-455e-bb18-022d0f9afc43","a98aa35e-414a-4939-b425-e0455bfe7eb7","59c25921-95e6-45bd-b7ad-0a07d7079537","6fbc44cd-4167-4571-8198-953e7281a059","9bd78fcd-deeb-4106-a5ec-68a6df672b97","4a6fae60-0298-4026-b0b6-378ed0ec880b"]}}
2026-07-17T19:50:39.441Z - [Leads] [Leads] Violations found: 0
2026-07-17T19:51:39.720Z - [Leads] Entered getViolations
2026-07-17T19:51:39.726Z - [Leads] User: fc139c17-d8ba-40f0-8fc0-de857274c943, Role: admin
2026-07-17T19:51:39.729Z - [Leads] Fetching visible users...
2026-07-17T19:51:40.388Z - [Leads] Visible users found: 12
2026-07-17T19:51:40.390Z - [Leads] [Leads] Querying Prisma with where: {"rotationViolation":true,"isDeleted":false,"organisationId":"23d99450-83e7-4382-9312-d07f083447c0","previousOwnerId":{"in":["fc139c17-d8ba-40f0-8fc0-de857274c943","6d5e601a-d676-4cc6-a860-1a65d3734dab","c68a8236-7b93-4ff3-be69-01297ecfaceb","3b2c2b6a-7ec1-48cb-b98e-4ce026c6a984","2dc472bd-b2a9-4f5b-9066-b0561963cafe","941754a0-1107-4c7c-b7db-980d23df8557","5dac5c27-9d02-455e-bb18-022d0f9afc43","a98aa35e-414a-4939-b425-e0455bfe7eb7","59c25921-95e6-45bd-b7ad-0a07d7079537","6fbc44cd-4167-4571-8198-953e7281a059","9bd78fcd-deeb-4106-a5ec-68a6df672b97","4a6fae60-0298-4026-b0b6-378ed0ec880b"]}}
2026-07-17T19:51:40.435Z - [Leads] [Leads] Violations found: 0
2026-07-17T19:52:40.697Z - [Leads] Entered getViolations
2026-07-17T19:52:40.700Z - [Leads] User: fc139c17-d8ba-40f0-8fc0-de857274c943, Role: admin
2026-07-17T19:52:40.702Z - [Leads] Fetching visible users...
2026-07-17T19:52:41.395Z - [Leads] Visible users found: 12
2026-07-17T19:52:41.399Z - [Leads] [Leads] Querying Prisma with where: {"rotationViolation":true,"isDeleted":false,"organisationId":"23d99450-83e7-4382-9312-d07f083447c0","previousOwnerId":{"in":["fc139c17-d8ba-40f0-8fc0-de857274c943","6d5e601a-d676-4cc6-a860-1a65d3734dab","c68a8236-7b93-4ff3-be69-01297ecfaceb","3b2c2b6a-7ec1-48cb-b98e-4ce026c6a984","2dc472bd-b2a9-4f5b-9066-b0561963cafe","941754a0-1107-4c7c-b7db-980d23df8557","5dac5c27-9d02-455e-bb18-022d0f9afc43","a98aa35e-414a-4939-b425-e0455bfe7eb7","59c25921-95e6-45bd-b7ad-0a07d7079537","6fbc44cd-4167-4571-8198-953e7281a059","9bd78fcd-deeb-4106-a5ec-68a6df672b97","4a6fae60-0298-4026-b0b6-378ed0ec880b"]}}
2026-07-17T19:52:41.447Z - [Leads] [Leads] Violations found: 0
2026-07-17T19:53:41.707Z - [Leads] Entered getViolations
2026-07-17T19:53:41.710Z - [Leads] User: fc139c17-d8ba-40f0-8fc0-de857274c943, Role: admin
2026-07-17T19:53:41.712Z - [Leads] Fetching visible users...
2026-07-17T19:53:42.362Z - [Leads] Visible users found: 12
2026-07-17T19:53:42.365Z - [Leads] [Leads] Querying Prisma with where: {"rotationViolation":true,"isDeleted":false,"organisationId":"23d99450-83e7-4382-9312-d07f083447c0","previousOwnerId":{"in":["fc139c17-d8ba-40f0-8fc0-de857274c943","6d5e601a-d676-4cc6-a860-1a65d3734dab","c68a8236-7b93-4ff3-be69-01297ecfaceb","3b2c2b6a-7ec1-48cb-b98e-4ce026c6a984","2dc472bd-b2a9-4f5b-9066-b0561963cafe","941754a0-1107-4c7c-b7db-980d23df8557","5dac5c27-9d02-455e-bb18-022d0f9afc43","a98aa35e-414a-4939-b425-e0455bfe7eb7","59c25921-95e6-45bd-b7ad-0a07d7079537","6fbc44cd-4167-4571-8198-953e7281a059","9bd78fcd-deeb-4106-a5ec-68a6df672b97","4a6fae60-0298-4026-b0b6-378ed0ec880b"]}}
2026-07-17T19:53:42.413Z - [Leads] [Leads] Violations found: 0
2026-07-17T19:54:42.663Z - [Leads] Entered getViolations
2026-07-17T19:54:42.666Z - [Leads] User: fc139c17-d8ba-40f0-8fc0-de857274c943, Role: admin
2026-07-17T19:54:42.668Z - [Leads] Fetching visible users...
2026-07-17T19:54:43.306Z - [Leads] Visible users found: 12
2026-07-17T19:54:43.310Z - [Leads] [Leads] Querying Prisma with where: {"rotationViolation":true,"isDeleted":false,"organisationId":"23d99450-83e7-4382-9312-d07f083447c0","previousOwnerId":{"in":["fc139c17-d8ba-40f0-8fc0-de857274c943","6d5e601a-d676-4cc6-a860-1a65d3734dab","c68a8236-7b93-4ff3-be69-01297ecfaceb","3b2c2b6a-7ec1-48cb-b98e-4ce026c6a984","2dc472bd-b2a9-4f5b-9066-b0561963cafe","941754a0-1107-4c7c-b7db-980d23df8557","5dac5c27-9d02-455e-bb18-022d0f9afc43","a98aa35e-414a-4939-b425-e0455bfe7eb7","59c25921-95e6-45bd-b7ad-0a07d7079537","6fbc44cd-4167-4571-8198-953e7281a059","9bd78fcd-deeb-4106-a5ec-68a6df672b97","4a6fae60-0298-4026-b0b6-378ed0ec880b"]}}
2026-07-17T19:54:43.360Z - [Leads] [Leads] Violations found: 0
2026-07-17T19:55:43.572Z - [Leads] Entered getViolations
2026-07-17T19:55:43.575Z - [Leads] User: fc139c17-d8ba-40f0-8fc0-de857274c943, Role: admin
2026-07-17T19:55:43.578Z - [Leads] Fetching visible users...
2026-07-17T19:55:44.321Z - [Leads] Visible users found: 12
2026-07-17T19:55:44.324Z - [Leads] [Leads] Querying Prisma with where: {"rotationViolation":true,"isDeleted":false,"organisationId":"23d99450-83e7-4382-9312-d07f083447c0","previousOwnerId":{"in":["fc139c17-d8ba-40f0-8fc0-de857274c943","6d5e601a-d676-4cc6-a860-1a65d3734dab","c68a8236-7b93-4ff3-be69-01297ecfaceb","3b2c2b6a-7ec1-48cb-b98e-4ce026c6a984","2dc472bd-b2a9-4f5b-9066-b0561963cafe","941754a0-1107-4c7c-b7db-980d23df8557","5dac5c27-9d02-455e-bb18-022d0f9afc43","a98aa35e-414a-4939-b425-e0455bfe7eb7","59c25921-95e6-45bd-b7ad-0a07d7079537","6fbc44cd-4167-4571-8198-953e7281a059","9bd78fcd-deeb-4106-a5ec-68a6df672b97","4a6fae60-0298-4026-b0b6-378ed0ec880b"]}}
2026-07-17T19:55:44.426Z - [Leads] [Leads] Violations found: 0
2026-07-17T19:56:44.672Z - [Leads] Entered getViolations
2026-07-17T19:56:44.675Z - [Leads] User: fc139c17-d8ba-40f0-8fc0-de857274c943, Role: admin
2026-07-17T19:56:44.677Z - [Leads] Fetching visible users...
2026-07-17T19:56:45.260Z - [Leads] Visible users found: 12
2026-07-17T19:56:45.263Z - [Leads] [Leads] Querying Prisma with where: {"rotationViolation":true,"isDeleted":false,"organisationId":"23d99450-83e7-4382-9312-d07f083447c0","previousOwnerId":{"in":["fc139c17-d8ba-40f0-8fc0-de857274c943","6d5e601a-d676-4cc6-a860-1a65d3734dab","c68a8236-7b93-4ff3-be69-01297ecfaceb","3b2c2b6a-7ec1-48cb-b98e-4ce026c6a984","2dc472bd-b2a9-4f5b-9066-b0561963cafe","941754a0-1107-4c7c-b7db-980d23df8557","5dac5c27-9d02-455e-bb18-022d0f9afc43","a98aa35e-414a-4939-b425-e0455bfe7eb7","59c25921-95e6-45bd-b7ad-0a07d7079537","6fbc44cd-4167-4571-8198-953e7281a059","9bd78fcd-deeb-4106-a5ec-68a6df672b97","4a6fae60-0298-4026-b0b6-378ed0ec880b"]}}
2026-07-17T19:56:45.304Z - [Leads] [Leads] Violations found: 0
2026-07-17T19:57:45.549Z - [Leads] Entered getViolations
2026-07-17T19:57:45.553Z - [Leads] User: fc139c17-d8ba-40f0-8fc0-de857274c943, Role: admin
2026-07-17T19:57:45.556Z - [Leads] Fetching visible users...
2026-07-17T19:57:46.122Z - [Leads] Visible users found: 12
2026-07-17T19:57:46.126Z - [Leads] [Leads] Querying Prisma with where: {"rotationViolation":true,"isDeleted":false,"organisationId":"23d99450-83e7-4382-9312-d07f083447c0","previousOwnerId":{"in":["fc139c17-d8ba-40f0-8fc0-de857274c943","6d5e601a-d676-4cc6-a860-1a65d3734dab","c68a8236-7b93-4ff3-be69-01297ecfaceb","3b2c2b6a-7ec1-48cb-b98e-4ce026c6a984","2dc472bd-b2a9-4f5b-9066-b0561963cafe","941754a0-1107-4c7c-b7db-980d23df8557","5dac5c27-9d02-455e-bb18-022d0f9afc43","a98aa35e-414a-4939-b425-e0455bfe7eb7","59c25921-95e6-45bd-b7ad-0a07d7079537","6fbc44cd-4167-4571-8198-953e7281a059","9bd78fcd-deeb-4106-a5ec-68a6df672b97","4a6fae60-0298-4026-b0b6-378ed0ec880b"]}}
2026-07-17T19:57:46.175Z - [Leads] [Leads] Violations found: 0
2026-07-17T19:58:46.384Z - [Leads] Entered getViolations
2026-07-17T19:58:46.391Z - [Leads] User: fc139c17-d8ba-40f0-8fc0-de857274c943, Role: admin
2026-07-17T19:58:46.393Z - [Leads] Fetching visible users...
2026-07-17T19:58:46.987Z - [Leads] Visible users found: 12
2026-07-17T19:58:46.989Z - [Leads] [Leads] Querying Prisma with where: {"rotationViolation":true,"isDeleted":false,"organisationId":"23d99450-83e7-4382-9312-d07f083447c0","previousOwnerId":{"in":["fc139c17-d8ba-40f0-8fc0-de857274c943","6d5e601a-d676-4cc6-a860-1a65d3734dab","c68a8236-7b93-4ff3-be69-01297ecfaceb","3b2c2b6a-7ec1-48cb-b98e-4ce026c6a984","2dc472bd-b2a9-4f5b-9066-b0561963cafe","941754a0-1107-4c7c-b7db-980d23df8557","5dac5c27-9d02-455e-bb18-022d0f9afc43","a98aa35e-414a-4939-b425-e0455bfe7eb7","59c25921-95e6-45bd-b7ad-0a07d7079537","6fbc44cd-4167-4571-8198-953e7281a059","9bd78fcd-deeb-4106-a5ec-68a6df672b97","4a6fae60-0298-4026-b0b6-378ed0ec880b"]}}
2026-07-17T19:58:47.029Z - [Leads] [Leads] Violations found: 0
2026-07-17T19:59:47.238Z - [Leads] Entered getViolations
2026-07-17T19:59:47.241Z - [Leads] User: fc139c17-d8ba-40f0-8fc0-de857274c943, Role: admin
2026-07-17T19:59:47.243Z - [Leads] Fetching visible users...
2026-07-17T19:59:47.805Z - [Leads] Visible users found: 12
2026-07-17T19:59:47.807Z - [Leads] [Leads] Querying Prisma with where: {"rotationViolation":true,"isDeleted":false,"organisationId":"23d99450-83e7-4382-9312-d07f083447c0","previousOwnerId":{"in":["fc139c17-d8ba-40f0-8fc0-de857274c943","6d5e601a-d676-4cc6-a860-1a65d3734dab","c68a8236-7b93-4ff3-be69-01297ecfaceb","3b2c2b6a-7ec1-48cb-b98e-4ce026c6a984","2dc472bd-b2a9-4f5b-9066-b0561963cafe","941754a0-1107-4c7c-b7db-980d23df8557","5dac5c27-9d02-455e-bb18-022d0f9afc43","a98aa35e-414a-4939-b425-e0455bfe7eb7","59c25921-95e6-45bd-b7ad-0a07d7079537","6fbc44cd-4167-4571-8198-953e7281a059","9bd78fcd-deeb-4106-a5ec-68a6df672b97","4a6fae60-0298-4026-b0b6-378ed0ec880b"]}}
2026-07-17T19:59:47.846Z - [Leads] [Leads] Violations found: 0
2026-07-17T20:00:48.128Z - [Leads] Entered getViolations
2026-07-17T20:00:48.135Z - [Leads] User: fc139c17-d8ba-40f0-8fc0-de857274c943, Role: admin
2026-07-17T20:00:48.137Z - [Leads] Fetching visible users...
2026-07-17T20:00:48.893Z - [Leads] Visible users found: 12
2026-07-17T20:00:48.900Z - [Leads] [Leads] Querying Prisma with where: {"rotationViolation":true,"isDeleted":false,"organisationId":"23d99450-83e7-4382-9312-d07f083447c0","previousOwnerId":{"in":["fc139c17-d8ba-40f0-8fc0-de857274c943","6d5e601a-d676-4cc6-a860-1a65d3734dab","c68a8236-7b93-4ff3-be69-01297ecfaceb","3b2c2b6a-7ec1-48cb-b98e-4ce026c6a984","2dc472bd-b2a9-4f5b-9066-b0561963cafe","941754a0-1107-4c7c-b7db-980d23df8557","5dac5c27-9d02-455e-bb18-022d0f9afc43","a98aa35e-414a-4939-b425-e0455bfe7eb7","59c25921-95e6-45bd-b7ad-0a07d7079537","6fbc44cd-4167-4571-8198-953e7281a059","9bd78fcd-deeb-4106-a5ec-68a6df672b97","4a6fae60-0298-4026-b0b6-378ed0ec880b"]}}
2026-07-17T20:00:48.974Z - [Leads] [Leads] Violations found: 0
2026-07-17T20:01:49.218Z - [Leads] Entered getViolations
2026-07-17T20:01:49.221Z - [Leads] User: fc139c17-d8ba-40f0-8fc0-de857274c943, Role: admin
2026-07-17T20:01:49.223Z - [Leads] Fetching visible users...
2026-07-17T20:01:49.841Z - [Leads] Visible users found: 12
2026-07-17T20:01:49.845Z - [Leads] [Leads] Querying Prisma with where: {"rotationViolation":true,"isDeleted":false,"organisationId":"23d99450-83e7-4382-9312-d07f083447c0","previousOwnerId":{"in":["fc139c17-d8ba-40f0-8fc0-de857274c943","6d5e601a-d676-4cc6-a860-1a65d3734dab","c68a8236-7b93-4ff3-be69-01297ecfaceb","3b2c2b6a-7ec1-48cb-b98e-4ce026c6a984","2dc472bd-b2a9-4f5b-9066-b0561963cafe","941754a0-1107-4c7c-b7db-980d23df8557","5dac5c27-9d02-455e-bb18-022d0f9afc43","a98aa35e-414a-4939-b425-e0455bfe7eb7","59c25921-95e6-45bd-b7ad-0a07d7079537","6fbc44cd-4167-4571-8198-953e7281a059","9bd78fcd-deeb-4106-a5ec-68a6df672b97","4a6fae60-0298-4026-b0b6-378ed0ec880b"]}}
2026-07-17T20:01:49.886Z - [Leads] [Leads] Violations found: 0
2026-07-17T20:02:50.137Z - [Leads] Entered getViolations
2026-07-17T20:02:50.141Z - [Leads] User: fc139c17-d8ba-40f0-8fc0-de857274c943, Role: admin
2026-07-17T20:02:50.143Z - [Leads] Fetching visible users...
2026-07-17T20:02:50.717Z - [Leads] Visible users found: 12
2026-07-17T20:02:50.719Z - [Leads] [Leads] Querying Prisma with where: {"rotationViolation":true,"isDeleted":false,"organisationId":"23d99450-83e7-4382-9312-d07f083447c0","previousOwnerId":{"in":["fc139c17-d8ba-40f0-8fc0-de857274c943","6d5e601a-d676-4cc6-a860-1a65d3734dab","c68a8236-7b93-4ff3-be69-01297ecfaceb","3b2c2b6a-7ec1-48cb-b98e-4ce026c6a984","2dc472bd-b2a9-4f5b-9066-b0561963cafe","941754a0-1107-4c7c-b7db-980d23df8557","5dac5c27-9d02-455e-bb18-022d0f9afc43","a98aa35e-414a-4939-b425-e0455bfe7eb7","59c25921-95e6-45bd-b7ad-0a07d7079537","6fbc44cd-4167-4571-8198-953e7281a059","9bd78fcd-deeb-4106-a5ec-68a6df672b97","4a6fae60-0298-4026-b0b6-378ed0ec880b"]}}
2026-07-17T20:02:50.760Z - [Leads] [Leads] Violations found: 0
2026-07-17T20:03:51.038Z - [Leads] Entered getViolations
2026-07-17T20:03:51.040Z - [Leads] User: fc139c17-d8ba-40f0-8fc0-de857274c943, Role: admin
2026-07-17T20:03:51.043Z - [Leads] Fetching visible users...
2026-07-17T20:03:51.600Z - [Leads] Visible users found: 12
2026-07-17T20:03:51.602Z - [Leads] [Leads] Querying Prisma with where: {"rotationViolation":true,"isDeleted":false,"organisationId":"23d99450-83e7-4382-9312-d07f083447c0","previousOwnerId":{"in":["fc139c17-d8ba-40f0-8fc0-de857274c943","6d5e601a-d676-4cc6-a860-1a65d3734dab","c68a8236-7b93-4ff3-be69-01297ecfaceb","3b2c2b6a-7ec1-48cb-b98e-4ce026c6a984","2dc472bd-b2a9-4f5b-9066-b0561963cafe","941754a0-1107-4c7c-b7db-980d23df8557","5dac5c27-9d02-455e-bb18-022d0f9afc43","a98aa35e-414a-4939-b425-e0455bfe7eb7","59c25921-95e6-45bd-b7ad-0a07d7079537","6fbc44cd-4167-4571-8198-953e7281a059","9bd78fcd-deeb-4106-a5ec-68a6df672b97","4a6fae60-0298-4026-b0b6-378ed0ec880b"]}}
2026-07-17T20:03:51.648Z - [Leads] [Leads] Violations found: 0
2026-07-17T20:04:51.854Z - [Leads] Entered getViolations
2026-07-17T20:04:51.856Z - [Leads] User: fc139c17-d8ba-40f0-8fc0-de857274c943, Role: admin
2026-07-17T20:04:51.859Z - [Leads] Fetching visible users...
2026-07-17T20:04:52.436Z - [Leads] Visible users found: 12
2026-07-17T20:04:52.438Z - [Leads] [Leads] Querying Prisma with where: {"rotationViolation":true,"isDeleted":false,"organisationId":"23d99450-83e7-4382-9312-d07f083447c0","previousOwnerId":{"in":["fc139c17-d8ba-40f0-8fc0-de857274c943","6d5e601a-d676-4cc6-a860-1a65d3734dab","c68a8236-7b93-4ff3-be69-01297ecfaceb","3b2c2b6a-7ec1-48cb-b98e-4ce026c6a984","2dc472bd-b2a9-4f5b-9066-b0561963cafe","941754a0-1107-4c7c-b7db-980d23df8557","5dac5c27-9d02-455e-bb18-022d0f9afc43","a98aa35e-414a-4939-b425-e0455bfe7eb7","59c25921-95e6-45bd-b7ad-0a07d7079537","6fbc44cd-4167-4571-8198-953e7281a059","9bd78fcd-deeb-4106-a5ec-68a6df672b97","4a6fae60-0298-4026-b0b6-378ed0ec880b"]}}
2026-07-17T20:04:52.480Z - [Leads] [Leads] Violations found: 0
2026-07-17T20:05:52.689Z - [Leads] Entered getViolations
2026-07-17T20:05:52.692Z - [Leads] User: fc139c17-d8ba-40f0-8fc0-de857274c943, Role: admin
2026-07-17T20:05:52.694Z - [Leads] Fetching visible users...
2026-07-17T20:05:53.403Z - [Leads] Visible users found: 12
2026-07-17T20:05:53.405Z - [Leads] [Leads] Querying Prisma with where: {"rotationViolation":true,"isDeleted":false,"organisationId":"23d99450-83e7-4382-9312-d07f083447c0","previousOwnerId":{"in":["fc139c17-d8ba-40f0-8fc0-de857274c943","6d5e601a-d676-4cc6-a860-1a65d3734dab","c68a8236-7b93-4ff3-be69-01297ecfaceb","3b2c2b6a-7ec1-48cb-b98e-4ce026c6a984","2dc472bd-b2a9-4f5b-9066-b0561963cafe","941754a0-1107-4c7c-b7db-980d23df8557","5dac5c27-9d02-455e-bb18-022d0f9afc43","a98aa35e-414a-4939-b425-e0455bfe7eb7","59c25921-95e6-45bd-b7ad-0a07d7079537","6fbc44cd-4167-4571-8198-953e7281a059","9bd78fcd-deeb-4106-a5ec-68a6df672b97","4a6fae60-0298-4026-b0b6-378ed0ec880b"]}}
2026-07-17T20:05:53.489Z - [Leads] [Leads] Violations found: 0
2026-07-17T20:06:53.765Z - [Leads] Entered getViolations
2026-07-17T20:06:53.768Z - [Leads] User: fc139c17-d8ba-40f0-8fc0-de857274c943, Role: admin
2026-07-17T20:06:53.771Z - [Leads] Fetching visible users...
2026-07-17T20:06:54.335Z - [Leads] Visible users found: 12
2026-07-17T20:06:54.338Z - [Leads] [Leads] Querying Prisma with where: {"rotationViolation":true,"isDeleted":false,"organisationId":"23d99450-83e7-4382-9312-d07f083447c0","previousOwnerId":{"in":["fc139c17-d8ba-40f0-8fc0-de857274c943","6d5e601a-d676-4cc6-a860-1a65d3734dab","c68a8236-7b93-4ff3-be69-01297ecfaceb","3b2c2b6a-7ec1-48cb-b98e-4ce026c6a984","2dc472bd-b2a9-4f5b-9066-b0561963cafe","941754a0-1107-4c7c-b7db-980d23df8557","5dac5c27-9d02-455e-bb18-022d0f9afc43","a98aa35e-414a-4939-b425-e0455bfe7eb7","59c25921-95e6-45bd-b7ad-0a07d7079537","6fbc44cd-4167-4571-8198-953e7281a059","9bd78fcd-deeb-4106-a5ec-68a6df672b97","4a6fae60-0298-4026-b0b6-378ed0ec880b"]}}
2026-07-17T20:06:54.379Z - [Leads] [Leads] Violations found: 0
2026-07-17T20:07:54.579Z - [Leads] Entered getViolations
2026-07-17T20:07:54.582Z - [Leads] User: fc139c17-d8ba-40f0-8fc0-de857274c943, Role: admin
2026-07-17T20:07:54.584Z - [Leads] Fetching visible users...
2026-07-17T20:07:55.132Z - [Leads] Visible users found: 12
2026-07-17T20:07:55.135Z - [Leads] [Leads] Querying Prisma with where: {"rotationViolation":true,"isDeleted":false,"organisationId":"23d99450-83e7-4382-9312-d07f083447c0","previousOwnerId":{"in":["fc139c17-d8ba-40f0-8fc0-de857274c943","6d5e601a-d676-4cc6-a860-1a65d3734dab","c68a8236-7b93-4ff3-be69-01297ecfaceb","3b2c2b6a-7ec1-48cb-b98e-4ce026c6a984","2dc472bd-b2a9-4f5b-9066-b0561963cafe","941754a0-1107-4c7c-b7db-980d23df8557","5dac5c27-9d02-455e-bb18-022d0f9afc43","a98aa35e-414a-4939-b425-e0455bfe7eb7","59c25921-95e6-45bd-b7ad-0a07d7079537","6fbc44cd-4167-4571-8198-953e7281a059","9bd78fcd-deeb-4106-a5ec-68a6df672b97","4a6fae60-0298-4026-b0b6-378ed0ec880b"]}}
2026-07-17T20:07:55.173Z - [Leads] [Leads] Violations found: 0
2026-07-17T20:08:55.416Z - [Leads] Entered getViolations
2026-07-17T20:08:55.419Z - [Leads] User: fc139c17-d8ba-40f0-8fc0-de857274c943, Role: admin
2026-07-17T20:08:55.422Z - [Leads] Fetching visible users...
2026-07-17T20:08:55.982Z - [Leads] Visible users found: 12
2026-07-17T20:08:55.986Z - [Leads] [Leads] Querying Prisma with where: {"rotationViolation":true,"isDeleted":false,"organisationId":"23d99450-83e7-4382-9312-d07f083447c0","previousOwnerId":{"in":["fc139c17-d8ba-40f0-8fc0-de857274c943","6d5e601a-d676-4cc6-a860-1a65d3734dab","c68a8236-7b93-4ff3-be69-01297ecfaceb","3b2c2b6a-7ec1-48cb-b98e-4ce026c6a984","2dc472bd-b2a9-4f5b-9066-b0561963cafe","941754a0-1107-4c7c-b7db-980d23df8557","5dac5c27-9d02-455e-bb18-022d0f9afc43","a98aa35e-414a-4939-b425-e0455bfe7eb7","59c25921-95e6-45bd-b7ad-0a07d7079537","6fbc44cd-4167-4571-8198-953e7281a059","9bd78fcd-deeb-4106-a5ec-68a6df672b97","4a6fae60-0298-4026-b0b6-378ed0ec880b"]}}
2026-07-17T20:08:56.031Z - [Leads] [Leads] Violations found: 0
2026-07-17T20:09:56.273Z - [Leads] Entered getViolations
2026-07-17T20:09:56.276Z - [Leads] User: fc139c17-d8ba-40f0-8fc0-de857274c943, Role: admin
2026-07-17T20:09:56.279Z - [Leads] Fetching visible users...
2026-07-17T20:09:56.993Z - [Leads] Visible users found: 12
2026-07-17T20:09:56.996Z - [Leads] [Leads] Querying Prisma with where: {"rotationViolation":true,"isDeleted":false,"organisationId":"23d99450-83e7-4382-9312-d07f083447c0","previousOwnerId":{"in":["fc139c17-d8ba-40f0-8fc0-de857274c943","6d5e601a-d676-4cc6-a860-1a65d3734dab","c68a8236-7b93-4ff3-be69-01297ecfaceb","3b2c2b6a-7ec1-48cb-b98e-4ce026c6a984","2dc472bd-b2a9-4f5b-9066-b0561963cafe","941754a0-1107-4c7c-b7db-980d23df8557","5dac5c27-9d02-455e-bb18-022d0f9afc43","a98aa35e-414a-4939-b425-e0455bfe7eb7","59c25921-95e6-45bd-b7ad-0a07d7079537","6fbc44cd-4167-4571-8198-953e7281a059","9bd78fcd-deeb-4106-a5ec-68a6df672b97","4a6fae60-0298-4026-b0b6-378ed0ec880b"]}}
2026-07-17T20:09:57.069Z - [Leads] [Leads] Violations found: 0
2026-07-17T20:10:57.348Z - [Leads] Entered getViolations
2026-07-17T20:10:57.353Z - [Leads] User: fc139c17-d8ba-40f0-8fc0-de857274c943, Role: admin
2026-07-17T20:10:57.355Z - [Leads] Fetching visible users...
2026-07-17T20:10:58.108Z - [Leads] Visible users found: 12
2026-07-17T20:10:58.112Z - [Leads] [Leads] Querying Prisma with where: {"rotationViolation":true,"isDeleted":false,"organisationId":"23d99450-83e7-4382-9312-d07f083447c0","previousOwnerId":{"in":["fc139c17-d8ba-40f0-8fc0-de857274c943","6d5e601a-d676-4cc6-a860-1a65d3734dab","c68a8236-7b93-4ff3-be69-01297ecfaceb","3b2c2b6a-7ec1-48cb-b98e-4ce026c6a984","2dc472bd-b2a9-4f5b-9066-b0561963cafe","941754a0-1107-4c7c-b7db-980d23df8557","5dac5c27-9d02-455e-bb18-022d0f9afc43","a98aa35e-414a-4939-b425-e0455bfe7eb7","59c25921-95e6-45bd-b7ad-0a07d7079537","6fbc44cd-4167-4571-8198-953e7281a059","9bd78fcd-deeb-4106-a5ec-68a6df672b97","4a6fae60-0298-4026-b0b6-378ed0ec880b"]}}
2026-07-17T20:10:58.210Z - [Leads] [Leads] Violations found: 0
2026-07-17T20:11:58.439Z - [Leads] Entered getViolations
2026-07-17T20:11:58.442Z - [Leads] User: fc139c17-d8ba-40f0-8fc0-de857274c943, Role: admin
2026-07-17T20:11:58.444Z - [Leads] Fetching visible users...
2026-07-17T20:11:59.053Z - [Leads] Visible users found: 12
2026-07-17T20:11:59.057Z - [Leads] [Leads] Querying Prisma with where: {"rotationViolation":true,"isDeleted":false,"organisationId":"23d99450-83e7-4382-9312-d07f083447c0","previousOwnerId":{"in":["fc139c17-d8ba-40f0-8fc0-de857274c943","6d5e601a-d676-4cc6-a860-1a65d3734dab","c68a8236-7b93-4ff3-be69-01297ecfaceb","3b2c2b6a-7ec1-48cb-b98e-4ce026c6a984","2dc472bd-b2a9-4f5b-9066-b0561963cafe","941754a0-1107-4c7c-b7db-980d23df8557","5dac5c27-9d02-455e-bb18-022d0f9afc43","a98aa35e-414a-4939-b425-e0455bfe7eb7","59c25921-95e6-45bd-b7ad-0a07d7079537","6fbc44cd-4167-4571-8198-953e7281a059","9bd78fcd-deeb-4106-a5ec-68a6df672b97","4a6fae60-0298-4026-b0b6-378ed0ec880b"]}}
2026-07-17T20:11:59.097Z - [Leads] [Leads] Violations found: 0
2026-07-17T20:12:59.323Z - [Leads] Entered getViolations
2026-07-17T20:12:59.326Z - [Leads] User: fc139c17-d8ba-40f0-8fc0-de857274c943, Role: admin
2026-07-17T20:12:59.328Z - [Leads] Fetching visible users...
2026-07-17T20:12:59.944Z - [Leads] Visible users found: 12
2026-07-17T20:12:59.946Z - [Leads] [Leads] Querying Prisma with where: {"rotationViolation":true,"isDeleted":false,"organisationId":"23d99450-83e7-4382-9312-d07f083447c0","previousOwnerId":{"in":["fc139c17-d8ba-40f0-8fc0-de857274c943","6d5e601a-d676-4cc6-a860-1a65d3734dab","c68a8236-7b93-4ff3-be69-01297ecfaceb","3b2c2b6a-7ec1-48cb-b98e-4ce026c6a984","2dc472bd-b2a9-4f5b-9066-b0561963cafe","941754a0-1107-4c7c-b7db-980d23df8557","5dac5c27-9d02-455e-bb18-022d0f9afc43","a98aa35e-414a-4939-b425-e0455bfe7eb7","59c25921-95e6-45bd-b7ad-0a07d7079537","6fbc44cd-4167-4571-8198-953e7281a059","9bd78fcd-deeb-4106-a5ec-68a6df672b97","4a6fae60-0298-4026-b0b6-378ed0ec880b"]}}
2026-07-17T20:12:59.990Z - [Leads] [Leads] Violations found: 0
2026-07-17T20:14:00.704Z - [Leads] Entered getViolations
2026-07-17T20:14:00.707Z - [Leads] User: fc139c17-d8ba-40f0-8fc0-de857274c943, Role: admin
2026-07-17T20:14:00.710Z - [Leads] Fetching visible users...
2026-07-17T20:14:01.499Z - [Leads] Visible users found: 12
2026-07-17T20:14:01.503Z - [Leads] [Leads] Querying Prisma with where: {"rotationViolation":true,"isDeleted":false,"organisationId":"23d99450-83e7-4382-9312-d07f083447c0","previousOwnerId":{"in":["fc139c17-d8ba-40f0-8fc0-de857274c943","6d5e601a-d676-4cc6-a860-1a65d3734dab","c68a8236-7b93-4ff3-be69-01297ecfaceb","3b2c2b6a-7ec1-48cb-b98e-4ce026c6a984","2dc472bd-b2a9-4f5b-9066-b0561963cafe","941754a0-1107-4c7c-b7db-980d23df8557","5dac5c27-9d02-455e-bb18-022d0f9afc43","a98aa35e-414a-4939-b425-e0455bfe7eb7","59c25921-95e6-45bd-b7ad-0a07d7079537","6fbc44cd-4167-4571-8198-953e7281a059","9bd78fcd-deeb-4106-a5ec-68a6df672b97","4a6fae60-0298-4026-b0b6-378ed0ec880b"]}}
2026-07-17T20:14:01.597Z - [Leads] [Leads] Violations found: 0
2026-07-17T20:15:01.852Z - [Leads] Entered getViolations
2026-07-17T20:15:01.855Z - [Leads] User: fc139c17-d8ba-40f0-8fc0-de857274c943, Role: admin
2026-07-17T20:15:01.859Z - [Leads] Fetching visible users...
2026-07-17T20:15:02.520Z - [Leads] Visible users found: 12
2026-07-17T20:15:02.523Z - [Leads] [Leads] Querying Prisma with where: {"rotationViolation":true,"isDeleted":false,"organisationId":"23d99450-83e7-4382-9312-d07f083447c0","previousOwnerId":{"in":["fc139c17-d8ba-40f0-8fc0-de857274c943","6d5e601a-d676-4cc6-a860-1a65d3734dab","c68a8236-7b93-4ff3-be69-01297ecfaceb","3b2c2b6a-7ec1-48cb-b98e-4ce026c6a984","2dc472bd-b2a9-4f5b-9066-b0561963cafe","941754a0-1107-4c7c-b7db-980d23df8557","5dac5c27-9d02-455e-bb18-022d0f9afc43","a98aa35e-414a-4939-b425-e0455bfe7eb7","59c25921-95e6-45bd-b7ad-0a07d7079537","6fbc44cd-4167-4571-8198-953e7281a059","9bd78fcd-deeb-4106-a5ec-68a6df672b97","4a6fae60-0298-4026-b0b6-378ed0ec880b"]}}
2026-07-17T20:15:02.565Z - [Leads] [Leads] Violations found: 0
2026-07-17T20:16:02.735Z - [Leads] Entered getViolations
2026-07-17T20:16:02.738Z - [Leads] User: fc139c17-d8ba-40f0-8fc0-de857274c943, Role: admin
2026-07-17T20:16:02.742Z - [Leads] Fetching visible users...
2026-07-17T20:16:03.499Z - [Leads] Visible users found: 12
2026-07-17T20:16:03.502Z - [Leads] [Leads] Querying Prisma with where: {"rotationViolation":true,"isDeleted":false,"organisationId":"23d99450-83e7-4382-9312-d07f083447c0","previousOwnerId":{"in":["fc139c17-d8ba-40f0-8fc0-de857274c943","6d5e601a-d676-4cc6-a860-1a65d3734dab","c68a8236-7b93-4ff3-be69-01297ecfaceb","3b2c2b6a-7ec1-48cb-b98e-4ce026c6a984","2dc472bd-b2a9-4f5b-9066-b0561963cafe","941754a0-1107-4c7c-b7db-980d23df8557","5dac5c27-9d02-455e-bb18-022d0f9afc43","a98aa35e-414a-4939-b425-e0455bfe7eb7","59c25921-95e6-45bd-b7ad-0a07d7079537","6fbc44cd-4167-4571-8198-953e7281a059","9bd78fcd-deeb-4106-a5ec-68a6df672b97","4a6fae60-0298-4026-b0b6-378ed0ec880b"]}}
2026-07-17T20:16:03.581Z - [Leads] [Leads] Violations found: 0
2026-07-17T20:17:03.780Z - [Leads] Entered getViolations
2026-07-17T20:17:03.783Z - [Leads] User: fc139c17-d8ba-40f0-8fc0-de857274c943, Role: admin
2026-07-17T20:17:03.785Z - [Leads] Fetching visible users...
2026-07-17T20:17:04.462Z - [Leads] Visible users found: 12
2026-07-17T20:17:04.471Z - [Leads] [Leads] Querying Prisma with where: {"rotationViolation":true,"isDeleted":false,"organisationId":"23d99450-83e7-4382-9312-d07f083447c0","previousOwnerId":{"in":["fc139c17-d8ba-40f0-8fc0-de857274c943","6d5e601a-d676-4cc6-a860-1a65d3734dab","c68a8236-7b93-4ff3-be69-01297ecfaceb","3b2c2b6a-7ec1-48cb-b98e-4ce026c6a984","2dc472bd-b2a9-4f5b-9066-b0561963cafe","941754a0-1107-4c7c-b7db-980d23df8557","5dac5c27-9d02-455e-bb18-022d0f9afc43","a98aa35e-414a-4939-b425-e0455bfe7eb7","59c25921-95e6-45bd-b7ad-0a07d7079537","6fbc44cd-4167-4571-8198-953e7281a059","9bd78fcd-deeb-4106-a5ec-68a6df672b97","4a6fae60-0298-4026-b0b6-378ed0ec880b"]}}
2026-07-17T20:17:04.521Z - [Leads] [Leads] Violations found: 0
2026-07-17T20:18:04.717Z - [Leads] Entered getViolations
2026-07-17T20:18:04.720Z - [Leads] User: fc139c17-d8ba-40f0-8fc0-de857274c943, Role: admin
2026-07-17T20:18:04.723Z - [Leads] Fetching visible users...
2026-07-17T20:18:05.343Z - [Leads] Visible users found: 12
2026-07-17T20:18:05.347Z - [Leads] [Leads] Querying Prisma with where: {"rotationViolation":true,"isDeleted":false,"organisationId":"23d99450-83e7-4382-9312-d07f083447c0","previousOwnerId":{"in":["fc139c17-d8ba-40f0-8fc0-de857274c943","6d5e601a-d676-4cc6-a860-1a65d3734dab","c68a8236-7b93-4ff3-be69-01297ecfaceb","3b2c2b6a-7ec1-48cb-b98e-4ce026c6a984","2dc472bd-b2a9-4f5b-9066-b0561963cafe","941754a0-1107-4c7c-b7db-980d23df8557","5dac5c27-9d02-455e-bb18-022d0f9afc43","a98aa35e-414a-4939-b425-e0455bfe7eb7","59c25921-95e6-45bd-b7ad-0a07d7079537","6fbc44cd-4167-4571-8198-953e7281a059","9bd78fcd-deeb-4106-a5ec-68a6df672b97","4a6fae60-0298-4026-b0b6-378ed0ec880b"]}}
2026-07-17T20:18:05.387Z - [Leads] [Leads] Violations found: 0
2026-07-17T20:19:05.585Z - [Leads] Entered getViolations
2026-07-17T20:19:05.588Z - [Leads] User: fc139c17-d8ba-40f0-8fc0-de857274c943, Role: admin
2026-07-17T20:19:05.591Z - [Leads] Fetching visible users...
2026-07-17T20:19:06.419Z - [Leads] Visible users found: 12
2026-07-17T20:19:06.426Z - [Leads] [Leads] Querying Prisma with where: {"rotationViolation":true,"isDeleted":false,"organisationId":"23d99450-83e7-4382-9312-d07f083447c0","previousOwnerId":{"in":["fc139c17-d8ba-40f0-8fc0-de857274c943","6d5e601a-d676-4cc6-a860-1a65d3734dab","c68a8236-7b93-4ff3-be69-01297ecfaceb","3b2c2b6a-7ec1-48cb-b98e-4ce026c6a984","2dc472bd-b2a9-4f5b-9066-b0561963cafe","941754a0-1107-4c7c-b7db-980d23df8557","5dac5c27-9d02-455e-bb18-022d0f9afc43","a98aa35e-414a-4939-b425-e0455bfe7eb7","59c25921-95e6-45bd-b7ad-0a07d7079537","6fbc44cd-4167-4571-8198-953e7281a059","9bd78fcd-deeb-4106-a5ec-68a6df672b97","4a6fae60-0298-4026-b0b6-378ed0ec880b"]}}
2026-07-17T20:19:06.499Z - [Leads] [Leads] Violations found: 0
2026-07-17T20:20:06.737Z - [Leads] Entered getViolations
2026-07-17T20:20:06.739Z - [Leads] User: fc139c17-d8ba-40f0-8fc0-de857274c943, Role: admin
2026-07-17T20:20:06.742Z - [Leads] Fetching visible users...
2026-07-17T20:20:07.293Z - [Leads] Visible users found: 12
2026-07-17T20:20:07.297Z - [Leads] [Leads] Querying Prisma with where: {"rotationViolation":true,"isDeleted":false,"organisationId":"23d99450-83e7-4382-9312-d07f083447c0","previousOwnerId":{"in":["fc139c17-d8ba-40f0-8fc0-de857274c943","6d5e601a-d676-4cc6-a860-1a65d3734dab","c68a8236-7b93-4ff3-be69-01297ecfaceb","3b2c2b6a-7ec1-48cb-b98e-4ce026c6a984","2dc472bd-b2a9-4f5b-9066-b0561963cafe","941754a0-1107-4c7c-b7db-980d23df8557","5dac5c27-9d02-455e-bb18-022d0f9afc43","a98aa35e-414a-4939-b425-e0455bfe7eb7","59c25921-95e6-45bd-b7ad-0a07d7079537","6fbc44cd-4167-4571-8198-953e7281a059","9bd78fcd-deeb-4106-a5ec-68a6df672b97","4a6fae60-0298-4026-b0b6-378ed0ec880b"]}}
2026-07-17T20:20:07.334Z - [Leads] [Leads] Violations found: 0
2026-07-17T20:21:07.588Z - [Leads] Entered getViolations
2026-07-17T20:21:07.590Z - [Leads] User: fc139c17-d8ba-40f0-8fc0-de857274c943, Role: admin
2026-07-17T20:21:07.593Z - [Leads] Fetching visible users...
2026-07-17T20:21:08.158Z - [Leads] Visible users found: 12
2026-07-17T20:21:08.162Z - [Leads] [Leads] Querying Prisma with where: {"rotationViolation":true,"isDeleted":false,"organisationId":"23d99450-83e7-4382-9312-d07f083447c0","previousOwnerId":{"in":["fc139c17-d8ba-40f0-8fc0-de857274c943","6d5e601a-d676-4cc6-a860-1a65d3734dab","c68a8236-7b93-4ff3-be69-01297ecfaceb","3b2c2b6a-7ec1-48cb-b98e-4ce026c6a984","2dc472bd-b2a9-4f5b-9066-b0561963cafe","941754a0-1107-4c7c-b7db-980d23df8557","5dac5c27-9d02-455e-bb18-022d0f9afc43","a98aa35e-414a-4939-b425-e0455bfe7eb7","59c25921-95e6-45bd-b7ad-0a07d7079537","6fbc44cd-4167-4571-8198-953e7281a059","9bd78fcd-deeb-4106-a5ec-68a6df672b97","4a6fae60-0298-4026-b0b6-378ed0ec880b"]}}
2026-07-17T20:21:08.200Z - [Leads] [Leads] Violations found: 0
2026-07-17T20:22:08.362Z - [Leads] Entered getViolations
2026-07-17T20:22:08.364Z - [Leads] User: fc139c17-d8ba-40f0-8fc0-de857274c943, Role: admin
2026-07-17T20:22:08.366Z - [Leads] Fetching visible users...
2026-07-17T20:22:09.037Z - [Leads] Visible users found: 12
2026-07-17T20:22:09.041Z - [Leads] [Leads] Querying Prisma with where: {"rotationViolation":true,"isDeleted":false,"organisationId":"23d99450-83e7-4382-9312-d07f083447c0","previousOwnerId":{"in":["fc139c17-d8ba-40f0-8fc0-de857274c943","6d5e601a-d676-4cc6-a860-1a65d3734dab","c68a8236-7b93-4ff3-be69-01297ecfaceb","3b2c2b6a-7ec1-48cb-b98e-4ce026c6a984","2dc472bd-b2a9-4f5b-9066-b0561963cafe","941754a0-1107-4c7c-b7db-980d23df8557","5dac5c27-9d02-455e-bb18-022d0f9afc43","a98aa35e-414a-4939-b425-e0455bfe7eb7","59c25921-95e6-45bd-b7ad-0a07d7079537","6fbc44cd-4167-4571-8198-953e7281a059","9bd78fcd-deeb-4106-a5ec-68a6df672b97","4a6fae60-0298-4026-b0b6-378ed0ec880b"]}}
2026-07-17T20:22:09.100Z - [Leads] [Leads] Violations found: 0
2026-07-17T20:23:09.275Z - [Leads] Entered getViolations
2026-07-17T20:23:09.278Z - [Leads] User: fc139c17-d8ba-40f0-8fc0-de857274c943, Role: admin
2026-07-17T20:23:09.282Z - [Leads] Fetching visible users...
2026-07-17T20:23:09.895Z - [Leads] Visible users found: 12
2026-07-17T20:23:09.899Z - [Leads] [Leads] Querying Prisma with where: {"rotationViolation":true,"isDeleted":false,"organisationId":"23d99450-83e7-4382-9312-d07f083447c0","previousOwnerId":{"in":["fc139c17-d8ba-40f0-8fc0-de857274c943","6d5e601a-d676-4cc6-a860-1a65d3734dab","c68a8236-7b93-4ff3-be69-01297ecfaceb","3b2c2b6a-7ec1-48cb-b98e-4ce026c6a984","2dc472bd-b2a9-4f5b-9066-b0561963cafe","941754a0-1107-4c7c-b7db-980d23df8557","5dac5c27-9d02-455e-bb18-022d0f9afc43","a98aa35e-414a-4939-b425-e0455bfe7eb7","59c25921-95e6-45bd-b7ad-0a07d7079537","6fbc44cd-4167-4571-8198-953e7281a059","9bd78fcd-deeb-4106-a5ec-68a6df672b97","4a6fae60-0298-4026-b0b6-378ed0ec880b"]}}
2026-07-17T20:23:09.947Z - [Leads] [Leads] Violations found: 0
2026-07-17T20:24:10.152Z - [Leads] Entered getViolations
2026-07-17T20:24:10.155Z - [Leads] User: fc139c17-d8ba-40f0-8fc0-de857274c943, Role: admin
2026-07-17T20:24:10.157Z - [Leads] Fetching visible users...
2026-07-17T20:24:11.111Z - [Leads] Visible users found: 12
2026-07-17T20:24:11.115Z - [Leads] [Leads] Querying Prisma with where: {"rotationViolation":true,"isDeleted":false,"organisationId":"23d99450-83e7-4382-9312-d07f083447c0","previousOwnerId":{"in":["fc139c17-d8ba-40f0-8fc0-de857274c943","6d5e601a-d676-4cc6-a860-1a65d3734dab","c68a8236-7b93-4ff3-be69-01297ecfaceb","3b2c2b6a-7ec1-48cb-b98e-4ce026c6a984","2dc472bd-b2a9-4f5b-9066-b0561963cafe","941754a0-1107-4c7c-b7db-980d23df8557","5dac5c27-9d02-455e-bb18-022d0f9afc43","a98aa35e-414a-4939-b425-e0455bfe7eb7","59c25921-95e6-45bd-b7ad-0a07d7079537","6fbc44cd-4167-4571-8198-953e7281a059","9bd78fcd-deeb-4106-a5ec-68a6df672b97","4a6fae60-0298-4026-b0b6-378ed0ec880b"]}}
2026-07-17T20:24:11.240Z - [Leads] [Leads] Violations found: 0
2026-07-17T20:25:11.510Z - [Leads] Entered getViolations
2026-07-17T20:25:11.513Z - [Leads] User: fc139c17-d8ba-40f0-8fc0-de857274c943, Role: admin
2026-07-17T20:25:11.515Z - [Leads] Fetching visible users...
2026-07-17T20:25:12.195Z - [Leads] Visible users found: 12
2026-07-17T20:25:12.197Z - [Leads] [Leads] Querying Prisma with where: {"rotationViolation":true,"isDeleted":false,"organisationId":"23d99450-83e7-4382-9312-d07f083447c0","previousOwnerId":{"in":["fc139c17-d8ba-40f0-8fc0-de857274c943","6d5e601a-d676-4cc6-a860-1a65d3734dab","c68a8236-7b93-4ff3-be69-01297ecfaceb","3b2c2b6a-7ec1-48cb-b98e-4ce026c6a984","2dc472bd-b2a9-4f5b-9066-b0561963cafe","941754a0-1107-4c7c-b7db-980d23df8557","5dac5c27-9d02-455e-bb18-022d0f9afc43","a98aa35e-414a-4939-b425-e0455bfe7eb7","59c25921-95e6-45bd-b7ad-0a07d7079537","6fbc44cd-4167-4571-8198-953e7281a059","9bd78fcd-deeb-4106-a5ec-68a6df672b97","4a6fae60-0298-4026-b0b6-378ed0ec880b"]}}
2026-07-17T20:25:12.288Z - [Leads] [Leads] Violations found: 0
2026-07-18T03:51:53.186Z - [Leads] Entered getViolations
2026-07-18T03:51:53.189Z - [Leads] User: fc139c17-d8ba-40f0-8fc0-de857274c943, Role: admin
2026-07-18T03:51:53.193Z - [Leads] Fetching visible users...
2026-07-18T03:51:53.952Z - [Leads] Visible users found: 12
2026-07-18T03:51:53.957Z - [Leads] [Leads] Querying Prisma with where: {"rotationViolation":true,"isDeleted":false,"organisationId":"23d99450-83e7-4382-9312-d07f083447c0","previousOwnerId":{"in":["fc139c17-d8ba-40f0-8fc0-de857274c943","6d5e601a-d676-4cc6-a860-1a65d3734dab","c68a8236-7b93-4ff3-be69-01297ecfaceb","3b2c2b6a-7ec1-48cb-b98e-4ce026c6a984","2dc472bd-b2a9-4f5b-9066-b0561963cafe","941754a0-1107-4c7c-b7db-980d23df8557","5dac5c27-9d02-455e-bb18-022d0f9afc43","a98aa35e-414a-4939-b425-e0455bfe7eb7","59c25921-95e6-45bd-b7ad-0a07d7079537","6fbc44cd-4167-4571-8198-953e7281a059","9bd78fcd-deeb-4106-a5ec-68a6df672b97","4a6fae60-0298-4026-b0b6-378ed0ec880b"]}}
2026-07-18T03:51:54.043Z - [Leads] [Leads] Violations found: 0
2026-07-18T03:52:12.465Z - [Leads] Entered getViolations
2026-07-18T03:52:12.470Z - [Leads] User: fc139c17-d8ba-40f0-8fc0-de857274c943, Role: admin
2026-07-18T03:52:12.472Z - [Leads] Fetching visible users...
2026-07-18T03:52:13.655Z - [Leads] Visible users found: 12
2026-07-18T03:52:13.668Z - [Leads] [Leads] Querying Prisma with where: {"rotationViolation":true,"isDeleted":false,"organisationId":"23d99450-83e7-4382-9312-d07f083447c0","previousOwnerId":{"in":["fc139c17-d8ba-40f0-8fc0-de857274c943","6d5e601a-d676-4cc6-a860-1a65d3734dab","c68a8236-7b93-4ff3-be69-01297ecfaceb","3b2c2b6a-7ec1-48cb-b98e-4ce026c6a984","2dc472bd-b2a9-4f5b-9066-b0561963cafe","941754a0-1107-4c7c-b7db-980d23df8557","5dac5c27-9d02-455e-bb18-022d0f9afc43","a98aa35e-414a-4939-b425-e0455bfe7eb7","59c25921-95e6-45bd-b7ad-0a07d7079537","6fbc44cd-4167-4571-8198-953e7281a059","9bd78fcd-deeb-4106-a5ec-68a6df672b97","4a6fae60-0298-4026-b0b6-378ed0ec880b"]}}
2026-07-18T03:52:13.758Z - [Leads] [Leads] Violations found: 0
2026-07-18T03:55:59.937Z - [Leads] Entered getViolations
2026-07-18T03:55:59.944Z - [Leads] User: fc139c17-d8ba-40f0-8fc0-de857274c943, Role: admin
2026-07-18T03:55:59.951Z - [Leads] Fetching visible users...
2026-07-18T03:56:01.918Z - [Leads] Visible users found: 12
2026-07-18T03:56:01.946Z - [Leads] [Leads] Querying Prisma with where: {"rotationViolation":true,"isDeleted":false,"organisationId":"23d99450-83e7-4382-9312-d07f083447c0","previousOwnerId":{"in":["fc139c17-d8ba-40f0-8fc0-de857274c943","6d5e601a-d676-4cc6-a860-1a65d3734dab","c68a8236-7b93-4ff3-be69-01297ecfaceb","3b2c2b6a-7ec1-48cb-b98e-4ce026c6a984","2dc472bd-b2a9-4f5b-9066-b0561963cafe","941754a0-1107-4c7c-b7db-980d23df8557","5dac5c27-9d02-455e-bb18-022d0f9afc43","a98aa35e-414a-4939-b425-e0455bfe7eb7","59c25921-95e6-45bd-b7ad-0a07d7079537","6fbc44cd-4167-4571-8198-953e7281a059","9bd78fcd-deeb-4106-a5ec-68a6df672b97","4a6fae60-0298-4026-b0b6-378ed0ec880b"]}}
2026-07-18T03:56:02.083Z - [Leads] [Leads] Violations found: 0
2026-07-18T03:58:04.926Z - [Leads] Entered getViolations
2026-07-18T03:58:04.974Z - [Leads] User: fc139c17-d8ba-40f0-8fc0-de857274c943, Role: admin
2026-07-18T03:58:04.995Z - [Leads] Fetching visible users...
2026-07-18T03:58:06.575Z - [Leads] Visible users found: 12
2026-07-18T03:58:06.581Z - [Leads] [Leads] Querying Prisma with where: {"rotationViolation":true,"isDeleted":false,"organisationId":"23d99450-83e7-4382-9312-d07f083447c0","previousOwnerId":{"in":["fc139c17-d8ba-40f0-8fc0-de857274c943","6d5e601a-d676-4cc6-a860-1a65d3734dab","c68a8236-7b93-4ff3-be69-01297ecfaceb","3b2c2b6a-7ec1-48cb-b98e-4ce026c6a984","2dc472bd-b2a9-4f5b-9066-b0561963cafe","941754a0-1107-4c7c-b7db-980d23df8557","5dac5c27-9d02-455e-bb18-022d0f9afc43","a98aa35e-414a-4939-b425-e0455bfe7eb7","59c25921-95e6-45bd-b7ad-0a07d7079537","6fbc44cd-4167-4571-8198-953e7281a059","9bd78fcd-deeb-4106-a5ec-68a6df672b97","4a6fae60-0298-4026-b0b6-378ed0ec880b"]}}
2026-07-18T03:58:06.706Z - [Leads] [Leads] Violations found: 0
2026-07-18T03:59:06.962Z - [Leads] Entered getViolations
2026-07-18T03:59:06.966Z - [Leads] User: fc139c17-d8ba-40f0-8fc0-de857274c943, Role: admin
2026-07-18T03:59:06.970Z - [Leads] Fetching visible users...
2026-07-18T03:59:07.868Z - [Leads] Visible users found: 12
2026-07-18T03:59:07.879Z - [Leads] [Leads] Querying Prisma with where: {"rotationViolation":true,"isDeleted":false,"organisationId":"23d99450-83e7-4382-9312-d07f083447c0","previousOwnerId":{"in":["fc139c17-d8ba-40f0-8fc0-de857274c943","6d5e601a-d676-4cc6-a860-1a65d3734dab","c68a8236-7b93-4ff3-be69-01297ecfaceb","3b2c2b6a-7ec1-48cb-b98e-4ce026c6a984","2dc472bd-b2a9-4f5b-9066-b0561963cafe","941754a0-1107-4c7c-b7db-980d23df8557","5dac5c27-9d02-455e-bb18-022d0f9afc43","a98aa35e-414a-4939-b425-e0455bfe7eb7","59c25921-95e6-45bd-b7ad-0a07d7079537","6fbc44cd-4167-4571-8198-953e7281a059","9bd78fcd-deeb-4106-a5ec-68a6df672b97","4a6fae60-0298-4026-b0b6-378ed0ec880b"]}}
2026-07-18T03:59:07.936Z - [Leads] [Leads] Violations found: 0
2026-07-18T03:59:31.876Z - [Leads] Entered getViolations
2026-07-18T03:59:31.888Z - [Leads] User: fc139c17-d8ba-40f0-8fc0-de857274c943, Role: admin
2026-07-18T03:59:31.902Z - [Leads] Fetching visible users...
2026-07-18T03:59:32.933Z - [Leads] Visible users found: 12
2026-07-18T03:59:32.937Z - [Leads] [Leads] Querying Prisma with where: {"rotationViolation":true,"isDeleted":false,"organisationId":"23d99450-83e7-4382-9312-d07f083447c0","previousOwnerId":{"in":["fc139c17-d8ba-40f0-8fc0-de857274c943","6d5e601a-d676-4cc6-a860-1a65d3734dab","c68a8236-7b93-4ff3-be69-01297ecfaceb","3b2c2b6a-7ec1-48cb-b98e-4ce026c6a984","2dc472bd-b2a9-4f5b-9066-b0561963cafe","941754a0-1107-4c7c-b7db-980d23df8557","5dac5c27-9d02-455e-bb18-022d0f9afc43","a98aa35e-414a-4939-b425-e0455bfe7eb7","59c25921-95e6-45bd-b7ad-0a07d7079537","6fbc44cd-4167-4571-8198-953e7281a059","9bd78fcd-deeb-4106-a5ec-68a6df672b97","4a6fae60-0298-4026-b0b6-378ed0ec880b"]}}
2026-07-18T03:59:33.017Z - [Leads] [Leads] Violations found: 0
2026-07-18T04:00:08.149Z - [Leads] Entered getViolations
2026-07-18T04:00:08.152Z - [Leads] User: fc139c17-d8ba-40f0-8fc0-de857274c943, Role: admin
2026-07-18T04:00:08.157Z - [Leads] Fetching visible users...
2026-07-18T04:00:09.026Z - [Leads] Visible users found: 12
2026-07-18T04:00:09.032Z - [Leads] [Leads] Querying Prisma with where: {"rotationViolation":true,"isDeleted":false,"organisationId":"23d99450-83e7-4382-9312-d07f083447c0","previousOwnerId":{"in":["fc139c17-d8ba-40f0-8fc0-de857274c943","6d5e601a-d676-4cc6-a860-1a65d3734dab","c68a8236-7b93-4ff3-be69-01297ecfaceb","3b2c2b6a-7ec1-48cb-b98e-4ce026c6a984","2dc472bd-b2a9-4f5b-9066-b0561963cafe","941754a0-1107-4c7c-b7db-980d23df8557","5dac5c27-9d02-455e-bb18-022d0f9afc43","a98aa35e-414a-4939-b425-e0455bfe7eb7","59c25921-95e6-45bd-b7ad-0a07d7079537","6fbc44cd-4167-4571-8198-953e7281a059","9bd78fcd-deeb-4106-a5ec-68a6df672b97","4a6fae60-0298-4026-b0b6-378ed0ec880b"]}}
2026-07-18T04:00:09.135Z - [Leads] [Leads] Violations found: 0
2026-07-18T04:00:59.173Z - [Leads] Entered getViolations
2026-07-18T04:00:59.186Z - [Leads] User: fc139c17-d8ba-40f0-8fc0-de857274c943, Role: admin
2026-07-18T04:00:59.192Z - [Leads] Fetching visible users...
2026-07-18T04:01:02.672Z - [Leads] Visible users found: 12
2026-07-18T04:01:02.706Z - [Leads] [Leads] Querying Prisma with where: {"rotationViolation":true,"isDeleted":false,"organisationId":"23d99450-83e7-4382-9312-d07f083447c0","previousOwnerId":{"in":["fc139c17-d8ba-40f0-8fc0-de857274c943","6d5e601a-d676-4cc6-a860-1a65d3734dab","c68a8236-7b93-4ff3-be69-01297ecfaceb","3b2c2b6a-7ec1-48cb-b98e-4ce026c6a984","2dc472bd-b2a9-4f5b-9066-b0561963cafe","941754a0-1107-4c7c-b7db-980d23df8557","5dac5c27-9d02-455e-bb18-022d0f9afc43","a98aa35e-414a-4939-b425-e0455bfe7eb7","59c25921-95e6-45bd-b7ad-0a07d7079537","6fbc44cd-4167-4571-8198-953e7281a059","9bd78fcd-deeb-4106-a5ec-68a6df672b97","4a6fae60-0298-4026-b0b6-378ed0ec880b"]}}
2026-07-18T04:01:02.887Z - [Leads] [Leads] Violations found: 0
2026-07-18T04:03:03.224Z - [Leads] Entered getViolations
2026-07-18T04:03:03.227Z - [Leads] User: fc139c17-d8ba-40f0-8fc0-de857274c943, Role: admin
2026-07-18T04:03:03.234Z - [Leads] Fetching visible users...
2026-07-18T04:03:03.972Z - [Leads] Visible users found: 12
2026-07-18T04:03:03.976Z - [Leads] [Leads] Querying Prisma with where: {"rotationViolation":true,"isDeleted":false,"organisationId":"23d99450-83e7-4382-9312-d07f083447c0","previousOwnerId":{"in":["fc139c17-d8ba-40f0-8fc0-de857274c943","6d5e601a-d676-4cc6-a860-1a65d3734dab","c68a8236-7b93-4ff3-be69-01297ecfaceb","3b2c2b6a-7ec1-48cb-b98e-4ce026c6a984","2dc472bd-b2a9-4f5b-9066-b0561963cafe","941754a0-1107-4c7c-b7db-980d23df8557","5dac5c27-9d02-455e-bb18-022d0f9afc43","a98aa35e-414a-4939-b425-e0455bfe7eb7","59c25921-95e6-45bd-b7ad-0a07d7079537","6fbc44cd-4167-4571-8198-953e7281a059","9bd78fcd-deeb-4106-a5ec-68a6df672b97","4a6fae60-0298-4026-b0b6-378ed0ec880b"]}}
2026-07-18T04:03:04.040Z - [Leads] [Leads] Violations found: 0
2026-07-18T04:04:04.302Z - [Leads] Entered getViolations
2026-07-18T04:04:04.306Z - [Leads] User: fc139c17-d8ba-40f0-8fc0-de857274c943, Role: admin
2026-07-18T04:04:04.308Z - [Leads] Fetching visible users...
2026-07-18T04:04:05.155Z - [Leads] Visible users found: 12
2026-07-18T04:04:05.158Z - [Leads] [Leads] Querying Prisma with where: {"rotationViolation":true,"isDeleted":false,"organisationId":"23d99450-83e7-4382-9312-d07f083447c0","previousOwnerId":{"in":["fc139c17-d8ba-40f0-8fc0-de857274c943","6d5e601a-d676-4cc6-a860-1a65d3734dab","c68a8236-7b93-4ff3-be69-01297ecfaceb","3b2c2b6a-7ec1-48cb-b98e-4ce026c6a984","2dc472bd-b2a9-4f5b-9066-b0561963cafe","941754a0-1107-4c7c-b7db-980d23df8557","5dac5c27-9d02-455e-bb18-022d0f9afc43","a98aa35e-414a-4939-b425-e0455bfe7eb7","59c25921-95e6-45bd-b7ad-0a07d7079537","6fbc44cd-4167-4571-8198-953e7281a059","9bd78fcd-deeb-4106-a5ec-68a6df672b97","4a6fae60-0298-4026-b0b6-378ed0ec880b"]}}
2026-07-18T04:04:05.264Z - [Leads] [Leads] Violations found: 0
2026-07-18T04:05:05.557Z - [Leads] Entered getViolations
2026-07-18T04:05:05.559Z - [Leads] User: fc139c17-d8ba-40f0-8fc0-de857274c943, Role: admin
2026-07-18T04:05:05.562Z - [Leads] Fetching visible users...
2026-07-18T04:05:06.447Z - [Leads] Visible users found: 12
2026-07-18T04:05:06.450Z - [Leads] [Leads] Querying Prisma with where: {"rotationViolation":true,"isDeleted":false,"organisationId":"23d99450-83e7-4382-9312-d07f083447c0","previousOwnerId":{"in":["fc139c17-d8ba-40f0-8fc0-de857274c943","6d5e601a-d676-4cc6-a860-1a65d3734dab","c68a8236-7b93-4ff3-be69-01297ecfaceb","3b2c2b6a-7ec1-48cb-b98e-4ce026c6a984","2dc472bd-b2a9-4f5b-9066-b0561963cafe","941754a0-1107-4c7c-b7db-980d23df8557","5dac5c27-9d02-455e-bb18-022d0f9afc43","a98aa35e-414a-4939-b425-e0455bfe7eb7","59c25921-95e6-45bd-b7ad-0a07d7079537","6fbc44cd-4167-4571-8198-953e7281a059","9bd78fcd-deeb-4106-a5ec-68a6df672b97","4a6fae60-0298-4026-b0b6-378ed0ec880b"]}}
2026-07-18T04:05:06.553Z - [Leads] [Leads] Violations found: 0
2026-07-18T04:07:08.411Z - [Leads] Entered getViolations
2026-07-18T04:07:08.414Z - [Leads] User: fc139c17-d8ba-40f0-8fc0-de857274c943, Role: admin
2026-07-18T04:07:08.416Z - [Leads] Fetching visible users...
2026-07-18T04:07:09.376Z - [Leads] Visible users found: 12
2026-07-18T04:07:09.395Z - [Leads] [Leads] Querying Prisma with where: {"rotationViolation":true,"isDeleted":false,"organisationId":"23d99450-83e7-4382-9312-d07f083447c0","previousOwnerId":{"in":["fc139c17-d8ba-40f0-8fc0-de857274c943","6d5e601a-d676-4cc6-a860-1a65d3734dab","c68a8236-7b93-4ff3-be69-01297ecfaceb","3b2c2b6a-7ec1-48cb-b98e-4ce026c6a984","2dc472bd-b2a9-4f5b-9066-b0561963cafe","941754a0-1107-4c7c-b7db-980d23df8557","5dac5c27-9d02-455e-bb18-022d0f9afc43","a98aa35e-414a-4939-b425-e0455bfe7eb7","59c25921-95e6-45bd-b7ad-0a07d7079537","6fbc44cd-4167-4571-8198-953e7281a059","9bd78fcd-deeb-4106-a5ec-68a6df672b97","4a6fae60-0298-4026-b0b6-378ed0ec880b"]}}
2026-07-18T04:07:09.542Z - [Leads] [Leads] Violations found: 0
2026-07-18T04:08:10.007Z - [Leads] Entered getViolations
2026-07-18T04:08:10.010Z - [Leads] User: fc139c17-d8ba-40f0-8fc0-de857274c943, Role: admin
2026-07-18T04:08:10.012Z - [Leads] Fetching visible users...
2026-07-18T04:08:10.866Z - [Leads] Visible users found: 12
2026-07-18T04:08:10.868Z - [Leads] [Leads] Querying Prisma with where: {"rotationViolation":true,"isDeleted":false,"organisationId":"23d99450-83e7-4382-9312-d07f083447c0","previousOwnerId":{"in":["fc139c17-d8ba-40f0-8fc0-de857274c943","6d5e601a-d676-4cc6-a860-1a65d3734dab","c68a8236-7b93-4ff3-be69-01297ecfaceb","3b2c2b6a-7ec1-48cb-b98e-4ce026c6a984","2dc472bd-b2a9-4f5b-9066-b0561963cafe","941754a0-1107-4c7c-b7db-980d23df8557","5dac5c27-9d02-455e-bb18-022d0f9afc43","a98aa35e-414a-4939-b425-e0455bfe7eb7","59c25921-95e6-45bd-b7ad-0a07d7079537","6fbc44cd-4167-4571-8198-953e7281a059","9bd78fcd-deeb-4106-a5ec-68a6df672b97","4a6fae60-0298-4026-b0b6-378ed0ec880b"]}}
2026-07-18T04:08:10.977Z - [Leads] [Leads] Violations found: 0
2026-07-18T04:13:12.045Z - [Leads] Entered getViolations
2026-07-18T04:13:12.052Z - [Leads] User: fc139c17-d8ba-40f0-8fc0-de857274c943, Role: admin
2026-07-18T04:13:12.056Z - [Leads] Fetching visible users...
2026-07-18T04:13:13.143Z - [Leads] Visible users found: 12
2026-07-18T04:13:13.174Z - [Leads] [Leads] Querying Prisma with where: {"rotationViolation":true,"isDeleted":false,"organisationId":"23d99450-83e7-4382-9312-d07f083447c0","previousOwnerId":{"in":["fc139c17-d8ba-40f0-8fc0-de857274c943","6d5e601a-d676-4cc6-a860-1a65d3734dab","c68a8236-7b93-4ff3-be69-01297ecfaceb","3b2c2b6a-7ec1-48cb-b98e-4ce026c6a984","2dc472bd-b2a9-4f5b-9066-b0561963cafe","941754a0-1107-4c7c-b7db-980d23df8557","5dac5c27-9d02-455e-bb18-022d0f9afc43","a98aa35e-414a-4939-b425-e0455bfe7eb7","59c25921-95e6-45bd-b7ad-0a07d7079537","6fbc44cd-4167-4571-8198-953e7281a059","9bd78fcd-deeb-4106-a5ec-68a6df672b97","4a6fae60-0298-4026-b0b6-378ed0ec880b"]}}
2026-07-18T04:13:13.319Z - [Leads] [Leads] Violations found: 0
2026-07-18T04:14:15.895Z - [Leads] Entered getViolations
2026-07-18T04:14:15.898Z - [Leads] User: fc139c17-d8ba-40f0-8fc0-de857274c943, Role: admin
2026-07-18T04:14:15.901Z - [Leads] Fetching visible users...
2026-07-18T04:14:16.700Z - [Leads] Visible users found: 12
2026-07-18T04:14:16.704Z - [Leads] [Leads] Querying Prisma with where: {"rotationViolation":true,"isDeleted":false,"organisationId":"23d99450-83e7-4382-9312-d07f083447c0","previousOwnerId":{"in":["fc139c17-d8ba-40f0-8fc0-de857274c943","6d5e601a-d676-4cc6-a860-1a65d3734dab","c68a8236-7b93-4ff3-be69-01297ecfaceb","3b2c2b6a-7ec1-48cb-b98e-4ce026c6a984","2dc472bd-b2a9-4f5b-9066-b0561963cafe","941754a0-1107-4c7c-b7db-980d23df8557","5dac5c27-9d02-455e-bb18-022d0f9afc43","a98aa35e-414a-4939-b425-e0455bfe7eb7","59c25921-95e6-45bd-b7ad-0a07d7079537","6fbc44cd-4167-4571-8198-953e7281a059","9bd78fcd-deeb-4106-a5ec-68a6df672b97","4a6fae60-0298-4026-b0b6-378ed0ec880b"]}}
2026-07-18T04:14:16.788Z - [Leads] [Leads] Violations found: 0
2026-07-18T04:15:17.062Z - [Leads] Entered getViolations
2026-07-18T04:15:17.064Z - [Leads] User: fc139c17-d8ba-40f0-8fc0-de857274c943, Role: admin
2026-07-18T04:15:17.067Z - [Leads] Fetching visible users...
2026-07-18T04:15:17.839Z - [Leads] Visible users found: 12
2026-07-18T04:15:17.843Z - [Leads] [Leads] Querying Prisma with where: {"rotationViolation":true,"isDeleted":false,"organisationId":"23d99450-83e7-4382-9312-d07f083447c0","previousOwnerId":{"in":["fc139c17-d8ba-40f0-8fc0-de857274c943","6d5e601a-d676-4cc6-a860-1a65d3734dab","c68a8236-7b93-4ff3-be69-01297ecfaceb","3b2c2b6a-7ec1-48cb-b98e-4ce026c6a984","2dc472bd-b2a9-4f5b-9066-b0561963cafe","941754a0-1107-4c7c-b7db-980d23df8557","5dac5c27-9d02-455e-bb18-022d0f9afc43","a98aa35e-414a-4939-b425-e0455bfe7eb7","59c25921-95e6-45bd-b7ad-0a07d7079537","6fbc44cd-4167-4571-8198-953e7281a059","9bd78fcd-deeb-4106-a5ec-68a6df672b97","4a6fae60-0298-4026-b0b6-378ed0ec880b"]}}
2026-07-18T04:15:17.902Z - [Leads] [Leads] Violations found: 0
2026-07-18T04:16:18.165Z - [Leads] Entered getViolations
2026-07-18T04:16:18.198Z - [Leads] User: fc139c17-d8ba-40f0-8fc0-de857274c943, Role: admin
2026-07-18T04:16:18.201Z - [Leads] Fetching visible users...
2026-07-18T04:16:19.012Z - [Leads] Visible users found: 12
2026-07-18T04:16:19.014Z - [Leads] [Leads] Querying Prisma with where: {"rotationViolation":true,"isDeleted":false,"organisationId":"23d99450-83e7-4382-9312-d07f083447c0","previousOwnerId":{"in":["fc139c17-d8ba-40f0-8fc0-de857274c943","6d5e601a-d676-4cc6-a860-1a65d3734dab","c68a8236-7b93-4ff3-be69-01297ecfaceb","3b2c2b6a-7ec1-48cb-b98e-4ce026c6a984","2dc472bd-b2a9-4f5b-9066-b0561963cafe","941754a0-1107-4c7c-b7db-980d23df8557","5dac5c27-9d02-455e-bb18-022d0f9afc43","a98aa35e-414a-4939-b425-e0455bfe7eb7","59c25921-95e6-45bd-b7ad-0a07d7079537","6fbc44cd-4167-4571-8198-953e7281a059","9bd78fcd-deeb-4106-a5ec-68a6df672b97","4a6fae60-0298-4026-b0b6-378ed0ec880b"]}}
2026-07-18T04:16:19.125Z - [Leads] [Leads] Violations found: 0
2026-07-18T04:21:14.971Z - [Leads] Entered getViolations
2026-07-18T04:21:14.978Z - [Leads] User: 6d5e601a-d676-4cc6-a860-1a65d3734dab, Role: admin
2026-07-18T04:21:14.981Z - [Leads] Fetching visible users...
2026-07-18T04:21:15.829Z - Entered getDashboardStats
2026-07-18T04:21:15.843Z - [Analytics] User: 6d5e601a-d676-4cc6-a860-1a65d3734dab, Org: 23d99450-83e7-4382-9312-d07f083447c0, SuperAdmin: false
2026-07-18T04:21:15.847Z - [Analytics] Importing hierarchyUtils...
2026-07-18T04:21:15.849Z - [Analytics] Fetching visibleUserIds...
2026-07-18T04:21:16.223Z - [Leads] Visible users found: 11
2026-07-18T04:21:16.237Z - [Leads] [Leads] Querying Prisma with where: {"rotationViolation":true,"isDeleted":false,"organisationId":"23d99450-83e7-4382-9312-d07f083447c0","previousOwnerId":{"in":["6d5e601a-d676-4cc6-a860-1a65d3734dab","c68a8236-7b93-4ff3-be69-01297ecfaceb","3b2c2b6a-7ec1-48cb-b98e-4ce026c6a984","2dc472bd-b2a9-4f5b-9066-b0561963cafe","941754a0-1107-4c7c-b7db-980d23df8557","5dac5c27-9d02-455e-bb18-022d0f9afc43","a98aa35e-414a-4939-b425-e0455bfe7eb7","59c25921-95e6-45bd-b7ad-0a07d7079537","6fbc44cd-4167-4571-8198-953e7281a059","9bd78fcd-deeb-4106-a5ec-68a6df672b97","4a6fae60-0298-4026-b0b6-378ed0ec880b"]}}
2026-07-18T04:21:16.370Z - [Leads] [Leads] Violations found: 0
2026-07-18T04:21:17.216Z - [Analytics] Visible users: 11
2026-07-18T04:22:16.773Z - [Leads] Entered getViolations
2026-07-18T04:22:16.778Z - [Leads] User: 6d5e601a-d676-4cc6-a860-1a65d3734dab, Role: admin
2026-07-18T04:22:16.783Z - [Leads] Fetching visible users...
2026-07-18T04:22:17.532Z - [Leads] Visible users found: 11
2026-07-18T04:22:17.538Z - [Leads] [Leads] Querying Prisma with where: {"rotationViolation":true,"isDeleted":false,"organisationId":"23d99450-83e7-4382-9312-d07f083447c0","previousOwnerId":{"in":["6d5e601a-d676-4cc6-a860-1a65d3734dab","c68a8236-7b93-4ff3-be69-01297ecfaceb","3b2c2b6a-7ec1-48cb-b98e-4ce026c6a984","2dc472bd-b2a9-4f5b-9066-b0561963cafe","941754a0-1107-4c7c-b7db-980d23df8557","5dac5c27-9d02-455e-bb18-022d0f9afc43","a98aa35e-414a-4939-b425-e0455bfe7eb7","59c25921-95e6-45bd-b7ad-0a07d7079537","6fbc44cd-4167-4571-8198-953e7281a059","9bd78fcd-deeb-4106-a5ec-68a6df672b97","4a6fae60-0298-4026-b0b6-378ed0ec880b"]}}
2026-07-18T04:22:17.659Z - [Leads] [Leads] Violations found: 0
2026-07-18T04:23:17.939Z - [Leads] Entered getViolations
2026-07-18T04:23:17.942Z - [Leads] User: 6d5e601a-d676-4cc6-a860-1a65d3734dab, Role: admin
2026-07-18T04:23:17.945Z - [Leads] Fetching visible users...
2026-07-18T04:23:18.643Z - [Leads] Visible users found: 11
2026-07-18T04:23:18.647Z - [Leads] [Leads] Querying Prisma with where: {"rotationViolation":true,"isDeleted":false,"organisationId":"23d99450-83e7-4382-9312-d07f083447c0","previousOwnerId":{"in":["6d5e601a-d676-4cc6-a860-1a65d3734dab","c68a8236-7b93-4ff3-be69-01297ecfaceb","3b2c2b6a-7ec1-48cb-b98e-4ce026c6a984","2dc472bd-b2a9-4f5b-9066-b0561963cafe","941754a0-1107-4c7c-b7db-980d23df8557","5dac5c27-9d02-455e-bb18-022d0f9afc43","a98aa35e-414a-4939-b425-e0455bfe7eb7","59c25921-95e6-45bd-b7ad-0a07d7079537","6fbc44cd-4167-4571-8198-953e7281a059","9bd78fcd-deeb-4106-a5ec-68a6df672b97","4a6fae60-0298-4026-b0b6-378ed0ec880b"]}}
2026-07-18T04:23:18.702Z - [Leads] [Leads] Violations found: 0
2026-07-18T04:30:18.910Z - [Leads] Entered getViolations
2026-07-18T04:30:18.913Z - [Leads] User: 6d5e601a-d676-4cc6-a860-1a65d3734dab, Role: admin
2026-07-18T04:30:18.917Z - [Leads] Fetching visible users...
2026-07-18T04:30:19.787Z - [Leads] Visible users found: 11
2026-07-18T04:30:19.793Z - [Leads] [Leads] Querying Prisma with where: {"rotationViolation":true,"isDeleted":false,"organisationId":"23d99450-83e7-4382-9312-d07f083447c0","previousOwnerId":{"in":["6d5e601a-d676-4cc6-a860-1a65d3734dab","c68a8236-7b93-4ff3-be69-01297ecfaceb","3b2c2b6a-7ec1-48cb-b98e-4ce026c6a984","2dc472bd-b2a9-4f5b-9066-b0561963cafe","941754a0-1107-4c7c-b7db-980d23df8557","5dac5c27-9d02-455e-bb18-022d0f9afc43","a98aa35e-414a-4939-b425-e0455bfe7eb7","59c25921-95e6-45bd-b7ad-0a07d7079537","6fbc44cd-4167-4571-8198-953e7281a059","9bd78fcd-deeb-4106-a5ec-68a6df672b97","4a6fae60-0298-4026-b0b6-378ed0ec880b"]}}
2026-07-18T04:30:19.909Z - [Leads] [Leads] Violations found: 0
2026-07-18T04:35:15.931Z - [Leads] Entered getViolations
2026-07-18T04:35:15.954Z - [Leads] User: fc139c17-d8ba-40f0-8fc0-de857274c943, Role: admin
2026-07-18T04:35:15.963Z - [Leads] Fetching visible users...
2026-07-18T04:35:17.362Z - Entered getDashboardStats
2026-07-18T04:35:17.372Z - [Analytics] User: fc139c17-d8ba-40f0-8fc0-de857274c943, Org: 23d99450-83e7-4382-9312-d07f083447c0, SuperAdmin: false
2026-07-18T04:35:17.389Z - [Analytics] Importing hierarchyUtils...
2026-07-18T04:35:17.395Z - [Analytics] Fetching visibleUserIds...
2026-07-18T04:35:18.841Z - [Leads] Visible users found: 12
2026-07-18T04:35:18.857Z - [Leads] [Leads] Querying Prisma with where: {"rotationViolation":true,"isDeleted":false,"organisationId":"23d99450-83e7-4382-9312-d07f083447c0","previousOwnerId":{"in":["fc139c17-d8ba-40f0-8fc0-de857274c943","6d5e601a-d676-4cc6-a860-1a65d3734dab","c68a8236-7b93-4ff3-be69-01297ecfaceb","3b2c2b6a-7ec1-48cb-b98e-4ce026c6a984","2dc472bd-b2a9-4f5b-9066-b0561963cafe","941754a0-1107-4c7c-b7db-980d23df8557","5dac5c27-9d02-455e-bb18-022d0f9afc43","a98aa35e-414a-4939-b425-e0455bfe7eb7","59c25921-95e6-45bd-b7ad-0a07d7079537","6fbc44cd-4167-4571-8198-953e7281a059","9bd78fcd-deeb-4106-a5ec-68a6df672b97","4a6fae60-0298-4026-b0b6-378ed0ec880b"]}}
2026-07-18T04:35:18.940Z - [Analytics] Visible users: 12
2026-07-18T04:35:19.011Z - [Leads] [Leads] Violations found: 0
2026-07-18T04:36:20.698Z - [Leads] Entered getViolations
2026-07-18T04:36:20.709Z - [Leads] User: fc139c17-d8ba-40f0-8fc0-de857274c943, Role: admin
2026-07-18T04:36:20.712Z - [Leads] Fetching visible users...
2026-07-18T04:36:23.575Z - [Leads] Visible users found: 12
2026-07-18T04:36:23.585Z - [Leads] [Leads] Querying Prisma with where: {"rotationViolation":true,"isDeleted":false,"organisationId":"23d99450-83e7-4382-9312-d07f083447c0","previousOwnerId":{"in":["fc139c17-d8ba-40f0-8fc0-de857274c943","6d5e601a-d676-4cc6-a860-1a65d3734dab","c68a8236-7b93-4ff3-be69-01297ecfaceb","3b2c2b6a-7ec1-48cb-b98e-4ce026c6a984","2dc472bd-b2a9-4f5b-9066-b0561963cafe","941754a0-1107-4c7c-b7db-980d23df8557","5dac5c27-9d02-455e-bb18-022d0f9afc43","a98aa35e-414a-4939-b425-e0455bfe7eb7","59c25921-95e6-45bd-b7ad-0a07d7079537","6fbc44cd-4167-4571-8198-953e7281a059","9bd78fcd-deeb-4106-a5ec-68a6df672b97","4a6fae60-0298-4026-b0b6-378ed0ec880b"]}}
2026-07-18T04:36:23.724Z - [Leads] [Leads] Violations found: 0
2026-07-18T04:37:25.182Z - [Leads] Entered getViolations
2026-07-18T04:37:25.187Z - [Leads] User: fc139c17-d8ba-40f0-8fc0-de857274c943, Role: admin
2026-07-18T04:37:25.197Z - [Leads] Fetching visible users...
2026-07-18T04:37:26.377Z - [Leads] Visible users found: 12
2026-07-18T04:37:26.382Z - [Leads] [Leads] Querying Prisma with where: {"rotationViolation":true,"isDeleted":false,"organisationId":"23d99450-83e7-4382-9312-d07f083447c0","previousOwnerId":{"in":["fc139c17-d8ba-40f0-8fc0-de857274c943","6d5e601a-d676-4cc6-a860-1a65d3734dab","c68a8236-7b93-4ff3-be69-01297ecfaceb","3b2c2b6a-7ec1-48cb-b98e-4ce026c6a984","2dc472bd-b2a9-4f5b-9066-b0561963cafe","941754a0-1107-4c7c-b7db-980d23df8557","5dac5c27-9d02-455e-bb18-022d0f9afc43","a98aa35e-414a-4939-b425-e0455bfe7eb7","59c25921-95e6-45bd-b7ad-0a07d7079537","6fbc44cd-4167-4571-8198-953e7281a059","9bd78fcd-deeb-4106-a5ec-68a6df672b97","4a6fae60-0298-4026-b0b6-378ed0ec880b"]}}
2026-07-18T04:37:26.503Z - [Leads] [Leads] Violations found: 0
2026-07-18T04:39:26.993Z - [Leads] Entered getViolations
2026-07-18T04:39:27.000Z - [Leads] User: fc139c17-d8ba-40f0-8fc0-de857274c943, Role: admin
2026-07-18T04:39:27.006Z - [Leads] Fetching visible users...
2026-07-18T04:39:27.893Z - [Leads] Visible users found: 12
2026-07-18T04:39:27.897Z - [Leads] [Leads] Querying Prisma with where: {"rotationViolation":true,"isDeleted":false,"organisationId":"23d99450-83e7-4382-9312-d07f083447c0","previousOwnerId":{"in":["fc139c17-d8ba-40f0-8fc0-de857274c943","6d5e601a-d676-4cc6-a860-1a65d3734dab","c68a8236-7b93-4ff3-be69-01297ecfaceb","3b2c2b6a-7ec1-48cb-b98e-4ce026c6a984","2dc472bd-b2a9-4f5b-9066-b0561963cafe","941754a0-1107-4c7c-b7db-980d23df8557","5dac5c27-9d02-455e-bb18-022d0f9afc43","a98aa35e-414a-4939-b425-e0455bfe7eb7","59c25921-95e6-45bd-b7ad-0a07d7079537","6fbc44cd-4167-4571-8198-953e7281a059","9bd78fcd-deeb-4106-a5ec-68a6df672b97","4a6fae60-0298-4026-b0b6-378ed0ec880b"]}}
2026-07-18T04:39:27.962Z - [Leads] [Leads] Violations found: 0
2026-07-18T04:40:28.200Z - [Leads] Entered getViolations
2026-07-18T04:40:28.204Z - [Leads] User: fc139c17-d8ba-40f0-8fc0-de857274c943, Role: admin
2026-07-18T04:40:28.206Z - [Leads] Fetching visible users...
2026-07-18T04:40:29.486Z - [Leads] Visible users found: 12
2026-07-18T04:40:29.494Z - [Leads] [Leads] Querying Prisma with where: {"rotationViolation":true,"isDeleted":false,"organisationId":"23d99450-83e7-4382-9312-d07f083447c0","previousOwnerId":{"in":["fc139c17-d8ba-40f0-8fc0-de857274c943","6d5e601a-d676-4cc6-a860-1a65d3734dab","c68a8236-7b93-4ff3-be69-01297ecfaceb","3b2c2b6a-7ec1-48cb-b98e-4ce026c6a984","2dc472bd-b2a9-4f5b-9066-b0561963cafe","941754a0-1107-4c7c-b7db-980d23df8557","5dac5c27-9d02-455e-bb18-022d0f9afc43","a98aa35e-414a-4939-b425-e0455bfe7eb7","59c25921-95e6-45bd-b7ad-0a07d7079537","6fbc44cd-4167-4571-8198-953e7281a059","9bd78fcd-deeb-4106-a5ec-68a6df672b97","4a6fae60-0298-4026-b0b6-378ed0ec880b"]}}
2026-07-18T04:40:29.714Z - [Leads] [Leads] Violations found: 0
2026-07-18T04:41:30.023Z - [Leads] Entered getViolations
2026-07-18T04:41:30.029Z - [Leads] User: fc139c17-d8ba-40f0-8fc0-de857274c943, Role: admin
2026-07-18T04:41:30.034Z - [Leads] Fetching visible users...
2026-07-18T04:41:31.040Z - [Leads] Visible users found: 12
2026-07-18T04:41:31.046Z - [Leads] [Leads] Querying Prisma with where: {"rotationViolation":true,"isDeleted":false,"organisationId":"23d99450-83e7-4382-9312-d07f083447c0","previousOwnerId":{"in":["fc139c17-d8ba-40f0-8fc0-de857274c943","6d5e601a-d676-4cc6-a860-1a65d3734dab","c68a8236-7b93-4ff3-be69-01297ecfaceb","3b2c2b6a-7ec1-48cb-b98e-4ce026c6a984","2dc472bd-b2a9-4f5b-9066-b0561963cafe","941754a0-1107-4c7c-b7db-980d23df8557","5dac5c27-9d02-455e-bb18-022d0f9afc43","a98aa35e-414a-4939-b425-e0455bfe7eb7","59c25921-95e6-45bd-b7ad-0a07d7079537","6fbc44cd-4167-4571-8198-953e7281a059","9bd78fcd-deeb-4106-a5ec-68a6df672b97","4a6fae60-0298-4026-b0b6-378ed0ec880b"]}}
2026-07-18T04:41:31.172Z - [Leads] [Leads] Violations found: 0
2026-07-18T04:42:31.519Z - [Leads] Entered getViolations
2026-07-18T04:42:31.525Z - [Leads] User: fc139c17-d8ba-40f0-8fc0-de857274c943, Role: admin
2026-07-18T04:42:31.531Z - [Leads] Fetching visible users...
2026-07-18T04:42:32.499Z - [Leads] Visible users found: 12
2026-07-18T04:42:32.504Z - [Leads] [Leads] Querying Prisma with where: {"rotationViolation":true,"isDeleted":false,"organisationId":"23d99450-83e7-4382-9312-d07f083447c0","previousOwnerId":{"in":["fc139c17-d8ba-40f0-8fc0-de857274c943","6d5e601a-d676-4cc6-a860-1a65d3734dab","c68a8236-7b93-4ff3-be69-01297ecfaceb","3b2c2b6a-7ec1-48cb-b98e-4ce026c6a984","2dc472bd-b2a9-4f5b-9066-b0561963cafe","941754a0-1107-4c7c-b7db-980d23df8557","5dac5c27-9d02-455e-bb18-022d0f9afc43","a98aa35e-414a-4939-b425-e0455bfe7eb7","59c25921-95e6-45bd-b7ad-0a07d7079537","6fbc44cd-4167-4571-8198-953e7281a059","9bd78fcd-deeb-4106-a5ec-68a6df672b97","4a6fae60-0298-4026-b0b6-378ed0ec880b"]}}
2026-07-18T04:42:32.615Z - [Leads] [Leads] Violations found: 0
2026-07-18T04:43:32.929Z - [Leads] Entered getViolations
2026-07-18T04:43:32.932Z - [Leads] User: fc139c17-d8ba-40f0-8fc0-de857274c943, Role: admin
2026-07-18T04:43:32.937Z - [Leads] Fetching visible users...
2026-07-18T04:43:33.891Z - [Leads] Visible users found: 12
2026-07-18T04:43:33.895Z - [Leads] [Leads] Querying Prisma with where: {"rotationViolation":true,"isDeleted":false,"organisationId":"23d99450-83e7-4382-9312-d07f083447c0","previousOwnerId":{"in":["fc139c17-d8ba-40f0-8fc0-de857274c943","6d5e601a-d676-4cc6-a860-1a65d3734dab","c68a8236-7b93-4ff3-be69-01297ecfaceb","3b2c2b6a-7ec1-48cb-b98e-4ce026c6a984","2dc472bd-b2a9-4f5b-9066-b0561963cafe","941754a0-1107-4c7c-b7db-980d23df8557","5dac5c27-9d02-455e-bb18-022d0f9afc43","a98aa35e-414a-4939-b425-e0455bfe7eb7","59c25921-95e6-45bd-b7ad-0a07d7079537","6fbc44cd-4167-4571-8198-953e7281a059","9bd78fcd-deeb-4106-a5ec-68a6df672b97","4a6fae60-0298-4026-b0b6-378ed0ec880b"]}}
2026-07-18T04:43:34.001Z - [Leads] [Leads] Violations found: 0
2026-07-18T04:44:34.271Z - [Leads] Entered getViolations
2026-07-18T04:44:34.275Z - [Leads] User: fc139c17-d8ba-40f0-8fc0-de857274c943, Role: admin
2026-07-18T04:44:34.278Z - [Leads] Fetching visible users...
2026-07-18T04:44:35.286Z - [Leads] Visible users found: 12
2026-07-18T04:44:35.291Z - [Leads] [Leads] Querying Prisma with where: {"rotationViolation":true,"isDeleted":false,"organisationId":"23d99450-83e7-4382-9312-d07f083447c0","previousOwnerId":{"in":["fc139c17-d8ba-40f0-8fc0-de857274c943","6d5e601a-d676-4cc6-a860-1a65d3734dab","c68a8236-7b93-4ff3-be69-01297ecfaceb","3b2c2b6a-7ec1-48cb-b98e-4ce026c6a984","2dc472bd-b2a9-4f5b-9066-b0561963cafe","941754a0-1107-4c7c-b7db-980d23df8557","5dac5c27-9d02-455e-bb18-022d0f9afc43","a98aa35e-414a-4939-b425-e0455bfe7eb7","59c25921-95e6-45bd-b7ad-0a07d7079537","6fbc44cd-4167-4571-8198-953e7281a059","9bd78fcd-deeb-4106-a5ec-68a6df672b97","4a6fae60-0298-4026-b0b6-378ed0ec880b"]}}
2026-07-18T04:44:35.359Z - [Leads] [Leads] Violations found: 0
2026-07-18T04:47:12.200Z - [Leads] Entered getViolations
2026-07-18T04:47:12.204Z - [Leads] User: fc139c17-d8ba-40f0-8fc0-de857274c943, Role: admin
2026-07-18T04:47:12.211Z - [Leads] Fetching visible users...
2026-07-18T04:47:13.122Z - [Leads] Visible users found: 12
2026-07-18T04:47:13.127Z - [Leads] [Leads] Querying Prisma with where: {"rotationViolation":true,"isDeleted":false,"organisationId":"23d99450-83e7-4382-9312-d07f083447c0","previousOwnerId":{"in":["fc139c17-d8ba-40f0-8fc0-de857274c943","6d5e601a-d676-4cc6-a860-1a65d3734dab","c68a8236-7b93-4ff3-be69-01297ecfaceb","3b2c2b6a-7ec1-48cb-b98e-4ce026c6a984","2dc472bd-b2a9-4f5b-9066-b0561963cafe","941754a0-1107-4c7c-b7db-980d23df8557","5dac5c27-9d02-455e-bb18-022d0f9afc43","a98aa35e-414a-4939-b425-e0455bfe7eb7","59c25921-95e6-45bd-b7ad-0a07d7079537","6fbc44cd-4167-4571-8198-953e7281a059","9bd78fcd-deeb-4106-a5ec-68a6df672b97","4a6fae60-0298-4026-b0b6-378ed0ec880b"]}}
2026-07-18T04:47:13.222Z - [Leads] [Leads] Violations found: 0
2026-07-18T04:54:43.620Z - [Leads] Entered getViolations
2026-07-18T04:54:43.624Z - [Leads] User: fc139c17-d8ba-40f0-8fc0-de857274c943, Role: admin
2026-07-18T04:54:43.630Z - [Leads] Fetching visible users...
2026-07-18T04:54:44.611Z - [Leads] Visible users found: 12
2026-07-18T04:54:44.615Z - [Leads] [Leads] Querying Prisma with where: {"rotationViolation":true,"isDeleted":false,"organisationId":"23d99450-83e7-4382-9312-d07f083447c0","previousOwnerId":{"in":["fc139c17-d8ba-40f0-8fc0-de857274c943","6d5e601a-d676-4cc6-a860-1a65d3734dab","c68a8236-7b93-4ff3-be69-01297ecfaceb","3b2c2b6a-7ec1-48cb-b98e-4ce026c6a984","2dc472bd-b2a9-4f5b-9066-b0561963cafe","941754a0-1107-4c7c-b7db-980d23df8557","5dac5c27-9d02-455e-bb18-022d0f9afc43","a98aa35e-414a-4939-b425-e0455bfe7eb7","59c25921-95e6-45bd-b7ad-0a07d7079537","6fbc44cd-4167-4571-8198-953e7281a059","9bd78fcd-deeb-4106-a5ec-68a6df672b97","4a6fae60-0298-4026-b0b6-378ed0ec880b"]}}
2026-07-18T04:54:44.732Z - [Leads] [Leads] Violations found: 0
2026-07-18T04:54:46.799Z - [Leads] Entered getViolations
2026-07-18T04:54:46.804Z - [Leads] User: fc139c17-d8ba-40f0-8fc0-de857274c943, Role: admin
2026-07-18T04:54:46.807Z - [Leads] Fetching visible users...
2026-07-18T04:54:48.206Z - [Leads] Visible users found: 12
2026-07-18T04:54:48.263Z - [Leads] [Leads] Querying Prisma with where: {"rotationViolation":true,"isDeleted":false,"organisationId":"23d99450-83e7-4382-9312-d07f083447c0","previousOwnerId":{"in":["fc139c17-d8ba-40f0-8fc0-de857274c943","6d5e601a-d676-4cc6-a860-1a65d3734dab","c68a8236-7b93-4ff3-be69-01297ecfaceb","3b2c2b6a-7ec1-48cb-b98e-4ce026c6a984","2dc472bd-b2a9-4f5b-9066-b0561963cafe","941754a0-1107-4c7c-b7db-980d23df8557","5dac5c27-9d02-455e-bb18-022d0f9afc43","a98aa35e-414a-4939-b425-e0455bfe7eb7","59c25921-95e6-45bd-b7ad-0a07d7079537","6fbc44cd-4167-4571-8198-953e7281a059","9bd78fcd-deeb-4106-a5ec-68a6df672b97","4a6fae60-0298-4026-b0b6-378ed0ec880b"]}}
2026-07-18T04:54:48.421Z - [Leads] [Leads] Violations found: 0
2026-07-18T05:09:24.551Z - [Leads] Entered getViolations
2026-07-18T05:09:24.556Z - [Leads] User: fc139c17-d8ba-40f0-8fc0-de857274c943, Role: admin
2026-07-18T05:09:24.558Z - [Leads] Fetching visible users...
2026-07-18T05:09:25.310Z - [Leads] Visible users found: 12
2026-07-18T05:09:25.312Z - [Leads] [Leads] Querying Prisma with where: {"rotationViolation":true,"isDeleted":false,"organisationId":"23d99450-83e7-4382-9312-d07f083447c0","previousOwnerId":{"in":["fc139c17-d8ba-40f0-8fc0-de857274c943","6d5e601a-d676-4cc6-a860-1a65d3734dab","c68a8236-7b93-4ff3-be69-01297ecfaceb","3b2c2b6a-7ec1-48cb-b98e-4ce026c6a984","2dc472bd-b2a9-4f5b-9066-b0561963cafe","941754a0-1107-4c7c-b7db-980d23df8557","5dac5c27-9d02-455e-bb18-022d0f9afc43","a98aa35e-414a-4939-b425-e0455bfe7eb7","59c25921-95e6-45bd-b7ad-0a07d7079537","6fbc44cd-4167-4571-8198-953e7281a059","9bd78fcd-deeb-4106-a5ec-68a6df672b97","4a6fae60-0298-4026-b0b6-378ed0ec880b"]}}
2026-07-18T05:09:25.401Z - [Leads] [Leads] Violations found: 0
2026-07-18T05:20:24.368Z - Entered getDashboardStats
2026-07-18T05:20:24.404Z - [Analytics] User: fc139c17-d8ba-40f0-8fc0-de857274c943, Org: 23d99450-83e7-4382-9312-d07f083447c0, SuperAdmin: false
2026-07-18T05:20:24.492Z - [Analytics] Importing hierarchyUtils...
2026-07-18T05:20:24.510Z - [Analytics] Fetching visibleUserIds...
2026-07-18T05:20:25.335Z - [Leads] Entered getViolations
2026-07-18T05:20:25.337Z - [Leads] User: fc139c17-d8ba-40f0-8fc0-de857274c943, Role: admin
2026-07-18T05:20:25.342Z - [Leads] Fetching visible users...
2026-07-18T05:20:25.790Z - [Analytics] Visible users: 12
2026-07-18T05:20:27.339Z - [Leads] Visible users found: 12
2026-07-18T05:20:27.342Z - [Leads] [Leads] Querying Prisma with where: {"rotationViolation":true,"isDeleted":false,"organisationId":"23d99450-83e7-4382-9312-d07f083447c0","previousOwnerId":{"in":["fc139c17-d8ba-40f0-8fc0-de857274c943","6d5e601a-d676-4cc6-a860-1a65d3734dab","c68a8236-7b93-4ff3-be69-01297ecfaceb","3b2c2b6a-7ec1-48cb-b98e-4ce026c6a984","2dc472bd-b2a9-4f5b-9066-b0561963cafe","941754a0-1107-4c7c-b7db-980d23df8557","5dac5c27-9d02-455e-bb18-022d0f9afc43","a98aa35e-414a-4939-b425-e0455bfe7eb7","59c25921-95e6-45bd-b7ad-0a07d7079537","6fbc44cd-4167-4571-8198-953e7281a059","9bd78fcd-deeb-4106-a5ec-68a6df672b97","4a6fae60-0298-4026-b0b6-378ed0ec880b"]}}
2026-07-18T05:20:27.434Z - [Leads] [Leads] Violations found: 0
2026-07-18T05:20:31.049Z - [Leads] Entered getViolations
2026-07-18T05:20:31.052Z - [Leads] User: fc139c17-d8ba-40f0-8fc0-de857274c943, Role: admin
2026-07-18T05:20:31.054Z - [Leads] Fetching visible users...
2026-07-18T05:20:33.145Z - [Leads] Visible users found: 12
2026-07-18T05:20:33.149Z - [Leads] [Leads] Querying Prisma with where: {"rotationViolation":true,"isDeleted":false,"organisationId":"23d99450-83e7-4382-9312-d07f083447c0","previousOwnerId":{"in":["fc139c17-d8ba-40f0-8fc0-de857274c943","6d5e601a-d676-4cc6-a860-1a65d3734dab","c68a8236-7b93-4ff3-be69-01297ecfaceb","3b2c2b6a-7ec1-48cb-b98e-4ce026c6a984","2dc472bd-b2a9-4f5b-9066-b0561963cafe","941754a0-1107-4c7c-b7db-980d23df8557","5dac5c27-9d02-455e-bb18-022d0f9afc43","a98aa35e-414a-4939-b425-e0455bfe7eb7","59c25921-95e6-45bd-b7ad-0a07d7079537","6fbc44cd-4167-4571-8198-953e7281a059","9bd78fcd-deeb-4106-a5ec-68a6df672b97","4a6fae60-0298-4026-b0b6-378ed0ec880b"]}}
2026-07-18T05:20:33.241Z - [Leads] [Leads] Violations found: 0
2026-07-18T05:20:47.311Z - Entered getDashboardStats
2026-07-18T05:20:47.333Z - [Analytics] User: fc139c17-d8ba-40f0-8fc0-de857274c943, Org: 23d99450-83e7-4382-9312-d07f083447c0, SuperAdmin: false
2026-07-18T05:20:47.346Z - [Analytics] Importing hierarchyUtils...
2026-07-18T05:20:47.351Z - [Analytics] Fetching visibleUserIds...
2026-07-18T05:20:47.987Z - [Leads] Entered getViolations
2026-07-18T05:20:47.990Z - [Leads] User: fc139c17-d8ba-40f0-8fc0-de857274c943, Role: admin
2026-07-18T05:20:47.992Z - [Leads] Fetching visible users...
2026-07-18T05:20:48.953Z - [Analytics] Visible users: 12
2026-07-18T05:20:49.399Z - [Leads] Visible users found: 12
2026-07-18T05:20:49.402Z - [Leads] [Leads] Querying Prisma with where: {"rotationViolation":true,"isDeleted":false,"organisationId":"23d99450-83e7-4382-9312-d07f083447c0","previousOwnerId":{"in":["fc139c17-d8ba-40f0-8fc0-de857274c943","6d5e601a-d676-4cc6-a860-1a65d3734dab","c68a8236-7b93-4ff3-be69-01297ecfaceb","3b2c2b6a-7ec1-48cb-b98e-4ce026c6a984","2dc472bd-b2a9-4f5b-9066-b0561963cafe","941754a0-1107-4c7c-b7db-980d23df8557","5dac5c27-9d02-455e-bb18-022d0f9afc43","a98aa35e-414a-4939-b425-e0455bfe7eb7","59c25921-95e6-45bd-b7ad-0a07d7079537","6fbc44cd-4167-4571-8198-953e7281a059","9bd78fcd-deeb-4106-a5ec-68a6df672b97","4a6fae60-0298-4026-b0b6-378ed0ec880b"]}}
2026-07-18T05:20:49.501Z - [Leads] [Leads] Violations found: 0
2026-07-18T05:21:51.707Z - [Leads] Entered getViolations
2026-07-18T05:21:51.716Z - [Leads] User: fc139c17-d8ba-40f0-8fc0-de857274c943, Role: admin
2026-07-18T05:21:51.718Z - [Leads] Fetching visible users...
2026-07-18T05:21:53.791Z - [Leads] Visible users found: 12
2026-07-18T05:21:53.812Z - [Leads] [Leads] Querying Prisma with where: {"rotationViolation":true,"isDeleted":false,"organisationId":"23d99450-83e7-4382-9312-d07f083447c0","previousOwnerId":{"in":["fc139c17-d8ba-40f0-8fc0-de857274c943","6d5e601a-d676-4cc6-a860-1a65d3734dab","c68a8236-7b93-4ff3-be69-01297ecfaceb","3b2c2b6a-7ec1-48cb-b98e-4ce026c6a984","2dc472bd-b2a9-4f5b-9066-b0561963cafe","941754a0-1107-4c7c-b7db-980d23df8557","5dac5c27-9d02-455e-bb18-022d0f9afc43","a98aa35e-414a-4939-b425-e0455bfe7eb7","59c25921-95e6-45bd-b7ad-0a07d7079537","6fbc44cd-4167-4571-8198-953e7281a059","9bd78fcd-deeb-4106-a5ec-68a6df672b97","4a6fae60-0298-4026-b0b6-378ed0ec880b"]}}
2026-07-18T05:21:54.744Z - [Leads] [Leads] Violations found: 0
2026-07-18T05:24:02.182Z - [Leads] Entered getViolations
2026-07-18T05:24:02.186Z - [Leads] User: fc139c17-d8ba-40f0-8fc0-de857274c943, Role: admin
2026-07-18T05:24:02.190Z - [Leads] Fetching visible users...
2026-07-18T05:24:03.273Z - [Leads] Visible users found: 12
2026-07-18T05:24:03.277Z - [Leads] [Leads] Querying Prisma with where: {"rotationViolation":true,"isDeleted":false,"organisationId":"23d99450-83e7-4382-9312-d07f083447c0","previousOwnerId":{"in":["fc139c17-d8ba-40f0-8fc0-de857274c943","6d5e601a-d676-4cc6-a860-1a65d3734dab","c68a8236-7b93-4ff3-be69-01297ecfaceb","3b2c2b6a-7ec1-48cb-b98e-4ce026c6a984","2dc472bd-b2a9-4f5b-9066-b0561963cafe","941754a0-1107-4c7c-b7db-980d23df8557","5dac5c27-9d02-455e-bb18-022d0f9afc43","a98aa35e-414a-4939-b425-e0455bfe7eb7","59c25921-95e6-45bd-b7ad-0a07d7079537","6fbc44cd-4167-4571-8198-953e7281a059","9bd78fcd-deeb-4106-a5ec-68a6df672b97","4a6fae60-0298-4026-b0b6-378ed0ec880b"]}}
2026-07-18T05:24:03.405Z - [Leads] [Leads] Violations found: 0
2026-07-18T05:24:06.839Z - Entered getDashboardStats
2026-07-18T05:24:06.842Z - [Analytics] User: fc139c17-d8ba-40f0-8fc0-de857274c943, Org: 23d99450-83e7-4382-9312-d07f083447c0, SuperAdmin: false
2026-07-18T05:24:06.844Z - [Analytics] Importing hierarchyUtils...
2026-07-18T05:24:06.845Z - [Analytics] Fetching visibleUserIds...
2026-07-18T05:24:07.696Z - [Leads] Entered getViolations
2026-07-18T05:24:07.712Z - [Leads] User: fc139c17-d8ba-40f0-8fc0-de857274c943, Role: admin
2026-07-18T05:24:07.718Z - [Leads] Fetching visible users...
2026-07-18T05:24:08.406Z - [Analytics] Visible users: 12
2026-07-18T05:24:09.013Z - [Leads] Visible users found: 12
2026-07-18T05:24:09.015Z - [Leads] [Leads] Querying Prisma with where: {"rotationViolation":true,"isDeleted":false,"organisationId":"23d99450-83e7-4382-9312-d07f083447c0","previousOwnerId":{"in":["fc139c17-d8ba-40f0-8fc0-de857274c943","6d5e601a-d676-4cc6-a860-1a65d3734dab","c68a8236-7b93-4ff3-be69-01297ecfaceb","3b2c2b6a-7ec1-48cb-b98e-4ce026c6a984","2dc472bd-b2a9-4f5b-9066-b0561963cafe","941754a0-1107-4c7c-b7db-980d23df8557","5dac5c27-9d02-455e-bb18-022d0f9afc43","a98aa35e-414a-4939-b425-e0455bfe7eb7","59c25921-95e6-45bd-b7ad-0a07d7079537","6fbc44cd-4167-4571-8198-953e7281a059","9bd78fcd-deeb-4106-a5ec-68a6df672b97","4a6fae60-0298-4026-b0b6-378ed0ec880b"]}}
2026-07-18T05:24:09.152Z - [Leads] [Leads] Violations found: 0
2026-07-18T05:24:11.799Z - Entered getDashboardStats
2026-07-18T05:24:11.806Z - [Analytics] User: fc139c17-d8ba-40f0-8fc0-de857274c943, Org: 23d99450-83e7-4382-9312-d07f083447c0, SuperAdmin: false
2026-07-18T05:24:11.810Z - [Analytics] Importing hierarchyUtils...
2026-07-18T05:24:11.815Z - [Analytics] Fetching visibleUserIds...
2026-07-18T05:24:12.374Z - [Leads] Entered getViolations
2026-07-18T05:24:12.388Z - [Leads] User: fc139c17-d8ba-40f0-8fc0-de857274c943, Role: admin
2026-07-18T05:24:12.396Z - [Leads] Fetching visible users...
2026-07-18T05:24:13.160Z - [Analytics] Visible users: 12
2026-07-18T05:24:13.613Z - [Leads] Visible users found: 12
2026-07-18T05:24:13.619Z - [Leads] [Leads] Querying Prisma with where: {"rotationViolation":true,"isDeleted":false,"organisationId":"23d99450-83e7-4382-9312-d07f083447c0","previousOwnerId":{"in":["fc139c17-d8ba-40f0-8fc0-de857274c943","6d5e601a-d676-4cc6-a860-1a65d3734dab","c68a8236-7b93-4ff3-be69-01297ecfaceb","3b2c2b6a-7ec1-48cb-b98e-4ce026c6a984","2dc472bd-b2a9-4f5b-9066-b0561963cafe","941754a0-1107-4c7c-b7db-980d23df8557","5dac5c27-9d02-455e-bb18-022d0f9afc43","a98aa35e-414a-4939-b425-e0455bfe7eb7","59c25921-95e6-45bd-b7ad-0a07d7079537","6fbc44cd-4167-4571-8198-953e7281a059","9bd78fcd-deeb-4106-a5ec-68a6df672b97","4a6fae60-0298-4026-b0b6-378ed0ec880b"]}}
2026-07-18T05:24:13.721Z - [Leads] [Leads] Violations found: 0
2026-07-18T05:34:24.054Z - Entered getDashboardStats
2026-07-18T05:34:24.083Z - [Analytics] User: fc139c17-d8ba-40f0-8fc0-de857274c943, Org: 23d99450-83e7-4382-9312-d07f083447c0, SuperAdmin: false
2026-07-18T05:34:24.087Z - [Analytics] Importing hierarchyUtils...
2026-07-18T05:34:24.092Z - [Analytics] Fetching visibleUserIds...
2026-07-18T05:34:24.207Z - [Leads] Entered getViolations
2026-07-18T05:34:24.213Z - [Leads] User: fc139c17-d8ba-40f0-8fc0-de857274c943, Role: admin
2026-07-18T05:34:24.225Z - [Leads] Fetching visible users...
2026-07-18T05:34:25.180Z - [Analytics] Visible users: 12
2026-07-18T05:34:25.562Z - [Leads] Visible users found: 12
2026-07-18T05:34:25.589Z - [Leads] [Leads] Querying Prisma with where: {"rotationViolation":true,"isDeleted":false,"organisationId":"23d99450-83e7-4382-9312-d07f083447c0","previousOwnerId":{"in":["fc139c17-d8ba-40f0-8fc0-de857274c943","6d5e601a-d676-4cc6-a860-1a65d3734dab","c68a8236-7b93-4ff3-be69-01297ecfaceb","3b2c2b6a-7ec1-48cb-b98e-4ce026c6a984","2dc472bd-b2a9-4f5b-9066-b0561963cafe","941754a0-1107-4c7c-b7db-980d23df8557","5dac5c27-9d02-455e-bb18-022d0f9afc43","a98aa35e-414a-4939-b425-e0455bfe7eb7","59c25921-95e6-45bd-b7ad-0a07d7079537","6fbc44cd-4167-4571-8198-953e7281a059","9bd78fcd-deeb-4106-a5ec-68a6df672b97","4a6fae60-0298-4026-b0b6-378ed0ec880b"]}}
2026-07-18T05:34:25.752Z - [Leads] [Leads] Violations found: 0
2026-07-18T06:50:38.426Z - [Leads] Entered getViolations
2026-07-18T06:50:38.432Z - [Leads] User: d86f65fa-bd2b-4083-baa2-516038552d86, Role: admin
2026-07-18T06:50:38.436Z - [Leads] Fetching visible users...
2026-07-18T06:50:38.835Z - Entered getDashboardStats
2026-07-18T06:50:38.850Z - [Analytics] User: d86f65fa-bd2b-4083-baa2-516038552d86, Org: 85cc3715-7f8d-4f22-b0b0-a40a502bc6fa, SuperAdmin: false
2026-07-18T06:50:38.864Z - [Analytics] Importing hierarchyUtils...
2026-07-18T06:50:38.889Z - [Analytics] Fetching visibleUserIds...
2026-07-18T06:50:40.403Z - [Leads] Visible users found: 23
2026-07-18T06:50:40.404Z - [Leads] [Leads] Querying Prisma with where: {"rotationViolation":true,"isDeleted":false,"organisationId":"85cc3715-7f8d-4f22-b0b0-a40a502bc6fa","previousOwnerId":{"in":["d86f65fa-bd2b-4083-baa2-516038552d86","c2d7e5d0-62e6-49b3-8a73-ef28e4fc7a1a","c449e1d9-16c0-4dfc-9a6f-45b840924d9a","53da2bee-1da9-4273-9fe0-288637801d6d","de32f640-3438-4145-84b4-c69d59c883d1","5711e40b-0fb5-4f86-b8cd-7f3543da1b54","a5e061e5-5541-434d-acf6-a50b1df6c92d","0f77cacf-7d0d-4327-8779-f47048733a9c","a83eeafe-3682-412e-a86d-28799d8e642d","28f1e09a-6b76-4480-af09-4dec0c995f59","ca027094-f249-4f67-9cbf-82d865538036","64f74066-5d85-4f77-800a-b5acfdbc9c5f","0a0630d9-203e-43a9-836b-2ff7f7ae1922","f37694d5-97f2-42e4-8c8d-f9cb6a710119","3f2d8415-3217-4844-adb3-cd3a8643ff94","39ea93f0-49b5-4ef3-a16c-c5198e60002b","e416a7ee-17a5-4f33-92e4-1bfa1272055a","fef128ca-8930-4a6e-b783-94e31a0253ed","35da508c-48cc-4cec-8a9e-3833339ecc75","1375bc35-3082-4bec-9bbc-3e3646f6af36","55c81c25-e204-4b0d-8597-5b7a63671958","f8bea1af-cd6e-4c67-93a4-dd7e78aa5f00","78b350ab-a756-4bb2-8bbd-0b511e205b63"]}}
2026-07-18T06:50:40.542Z - [Leads] [Leads] Violations found: 0
2026-07-18T06:50:40.563Z - [Analytics] Visible users: 23
2026-07-18T06:59:06.697Z - Entered getDashboardStats
2026-07-18T06:59:06.699Z - [Analytics] User: fc139c17-d8ba-40f0-8fc0-de857274c943, Org: 23d99450-83e7-4382-9312-d07f083447c0, SuperAdmin: false
2026-07-18T06:59:06.701Z - [Analytics] Importing hierarchyUtils...
2026-07-18T06:59:06.703Z - [Analytics] Fetching visibleUserIds...
2026-07-18T06:59:06.820Z - [Leads] Entered getViolations
2026-07-18T06:59:06.821Z - [Leads] User: fc139c17-d8ba-40f0-8fc0-de857274c943, Role: admin
2026-07-18T06:59:06.825Z - [Leads] Fetching visible users...
2026-07-18T06:59:07.702Z - [Analytics] Visible users: 12
2026-07-18T06:59:07.872Z - [Leads] Visible users found: 12
2026-07-18T06:59:07.879Z - [Leads] [Leads] Querying Prisma with where: {"rotationViolation":true,"isDeleted":false,"organisationId":"23d99450-83e7-4382-9312-d07f083447c0","previousOwnerId":{"in":["fc139c17-d8ba-40f0-8fc0-de857274c943","6d5e601a-d676-4cc6-a860-1a65d3734dab","c68a8236-7b93-4ff3-be69-01297ecfaceb","3b2c2b6a-7ec1-48cb-b98e-4ce026c6a984","2dc472bd-b2a9-4f5b-9066-b0561963cafe","941754a0-1107-4c7c-b7db-980d23df8557","5dac5c27-9d02-455e-bb18-022d0f9afc43","a98aa35e-414a-4939-b425-e0455bfe7eb7","59c25921-95e6-45bd-b7ad-0a07d7079537","6fbc44cd-4167-4571-8198-953e7281a059","9bd78fcd-deeb-4106-a5ec-68a6df672b97","4a6fae60-0298-4026-b0b6-378ed0ec880b"]}}
2026-07-18T06:59:08.019Z - [Leads] [Leads] Violations found: 0
2026-07-18T07:00:08.312Z - [Leads] Entered getViolations
2026-07-18T07:00:08.315Z - [Leads] User: fc139c17-d8ba-40f0-8fc0-de857274c943, Role: admin
2026-07-18T07:00:08.317Z - [Leads] Fetching visible users...
2026-07-18T07:00:09.260Z - [Leads] Visible users found: 12
2026-07-18T07:00:09.262Z - [Leads] [Leads] Querying Prisma with where: {"rotationViolation":true,"isDeleted":false,"organisationId":"23d99450-83e7-4382-9312-d07f083447c0","previousOwnerId":{"in":["fc139c17-d8ba-40f0-8fc0-de857274c943","6d5e601a-d676-4cc6-a860-1a65d3734dab","c68a8236-7b93-4ff3-be69-01297ecfaceb","3b2c2b6a-7ec1-48cb-b98e-4ce026c6a984","2dc472bd-b2a9-4f5b-9066-b0561963cafe","941754a0-1107-4c7c-b7db-980d23df8557","5dac5c27-9d02-455e-bb18-022d0f9afc43","a98aa35e-414a-4939-b425-e0455bfe7eb7","59c25921-95e6-45bd-b7ad-0a07d7079537","6fbc44cd-4167-4571-8198-953e7281a059","9bd78fcd-deeb-4106-a5ec-68a6df672b97","4a6fae60-0298-4026-b0b6-378ed0ec880b"]}}
2026-07-18T07:00:09.364Z - [Leads] [Leads] Violations found: 0
2026-07-18T07:01:09.665Z - [Leads] Entered getViolations
2026-07-18T07:01:09.668Z - [Leads] User: fc139c17-d8ba-40f0-8fc0-de857274c943, Role: admin
2026-07-18T07:01:09.670Z - [Leads] Fetching visible users...
2026-07-18T07:01:10.765Z - [Leads] Visible users found: 12
2026-07-18T07:01:10.766Z - [Leads] [Leads] Querying Prisma with where: {"rotationViolation":true,"isDeleted":false,"organisationId":"23d99450-83e7-4382-9312-d07f083447c0","previousOwnerId":{"in":["fc139c17-d8ba-40f0-8fc0-de857274c943","6d5e601a-d676-4cc6-a860-1a65d3734dab","c68a8236-7b93-4ff3-be69-01297ecfaceb","3b2c2b6a-7ec1-48cb-b98e-4ce026c6a984","2dc472bd-b2a9-4f5b-9066-b0561963cafe","941754a0-1107-4c7c-b7db-980d23df8557","5dac5c27-9d02-455e-bb18-022d0f9afc43","a98aa35e-414a-4939-b425-e0455bfe7eb7","59c25921-95e6-45bd-b7ad-0a07d7079537","6fbc44cd-4167-4571-8198-953e7281a059","9bd78fcd-deeb-4106-a5ec-68a6df672b97","4a6fae60-0298-4026-b0b6-378ed0ec880b"]}}
2026-07-18T07:01:10.921Z - [Leads] [Leads] Violations found: 0
2026-07-18T08:17:11.257Z - [Leads] Entered getViolations
2026-07-18T08:17:11.261Z - [Leads] User: fc139c17-d8ba-40f0-8fc0-de857274c943, Role: admin
2026-07-18T08:17:11.263Z - [Leads] Fetching visible users...
2026-07-18T08:17:12.315Z - [Leads] Visible users found: 12
2026-07-18T08:17:12.318Z - [Leads] [Leads] Querying Prisma with where: {"rotationViolation":true,"isDeleted":false,"organisationId":"23d99450-83e7-4382-9312-d07f083447c0","previousOwnerId":{"in":["fc139c17-d8ba-40f0-8fc0-de857274c943","6d5e601a-d676-4cc6-a860-1a65d3734dab","c68a8236-7b93-4ff3-be69-01297ecfaceb","3b2c2b6a-7ec1-48cb-b98e-4ce026c6a984","2dc472bd-b2a9-4f5b-9066-b0561963cafe","941754a0-1107-4c7c-b7db-980d23df8557","5dac5c27-9d02-455e-bb18-022d0f9afc43","a98aa35e-414a-4939-b425-e0455bfe7eb7","59c25921-95e6-45bd-b7ad-0a07d7079537","6fbc44cd-4167-4571-8198-953e7281a059","9bd78fcd-deeb-4106-a5ec-68a6df672b97","4a6fae60-0298-4026-b0b6-378ed0ec880b"]}}
2026-07-18T08:17:12.432Z - [Leads] [Leads] Violations found: 0
2026-07-18T08:20:12.714Z - [Leads] Entered getViolations
2026-07-18T08:20:12.716Z - [Leads] User: fc139c17-d8ba-40f0-8fc0-de857274c943, Role: admin
2026-07-18T08:20:12.717Z - [Leads] Fetching visible users...
2026-07-18T08:20:13.506Z - [Leads] Visible users found: 12
2026-07-18T08:20:13.508Z - [Leads] [Leads] Querying Prisma with where: {"rotationViolation":true,"isDeleted":false,"organisationId":"23d99450-83e7-4382-9312-d07f083447c0","previousOwnerId":{"in":["fc139c17-d8ba-40f0-8fc0-de857274c943","6d5e601a-d676-4cc6-a860-1a65d3734dab","c68a8236-7b93-4ff3-be69-01297ecfaceb","3b2c2b6a-7ec1-48cb-b98e-4ce026c6a984","2dc472bd-b2a9-4f5b-9066-b0561963cafe","941754a0-1107-4c7c-b7db-980d23df8557","5dac5c27-9d02-455e-bb18-022d0f9afc43","a98aa35e-414a-4939-b425-e0455bfe7eb7","59c25921-95e6-45bd-b7ad-0a07d7079537","6fbc44cd-4167-4571-8198-953e7281a059","9bd78fcd-deeb-4106-a5ec-68a6df672b97","4a6fae60-0298-4026-b0b6-378ed0ec880b"]}}
2026-07-18T08:20:13.565Z - [Leads] [Leads] Violations found: 0
2026-07-18T08:21:13.791Z - [Leads] Entered getViolations
2026-07-18T08:21:13.792Z - [Leads] User: fc139c17-d8ba-40f0-8fc0-de857274c943, Role: admin
2026-07-18T08:21:13.794Z - [Leads] Fetching visible users...
2026-07-18T08:21:14.593Z - [Leads] Visible users found: 12
2026-07-18T08:21:14.594Z - [Leads] [Leads] Querying Prisma with where: {"rotationViolation":true,"isDeleted":false,"organisationId":"23d99450-83e7-4382-9312-d07f083447c0","previousOwnerId":{"in":["fc139c17-d8ba-40f0-8fc0-de857274c943","6d5e601a-d676-4cc6-a860-1a65d3734dab","c68a8236-7b93-4ff3-be69-01297ecfaceb","3b2c2b6a-7ec1-48cb-b98e-4ce026c6a984","2dc472bd-b2a9-4f5b-9066-b0561963cafe","941754a0-1107-4c7c-b7db-980d23df8557","5dac5c27-9d02-455e-bb18-022d0f9afc43","a98aa35e-414a-4939-b425-e0455bfe7eb7","59c25921-95e6-45bd-b7ad-0a07d7079537","6fbc44cd-4167-4571-8198-953e7281a059","9bd78fcd-deeb-4106-a5ec-68a6df672b97","4a6fae60-0298-4026-b0b6-378ed0ec880b"]}}
2026-07-18T08:21:14.648Z - [Leads] [Leads] Violations found: 0
2026-07-18T08:41:14.884Z - [Leads] Entered getViolations
2026-07-18T08:41:14.892Z - [Leads] User: fc139c17-d8ba-40f0-8fc0-de857274c943, Role: admin
2026-07-18T08:41:14.893Z - [Leads] Fetching visible users...
2026-07-18T08:41:15.974Z - [Leads] Visible users found: 12
2026-07-18T08:41:15.975Z - [Leads] [Leads] Querying Prisma with where: {"rotationViolation":true,"isDeleted":false,"organisationId":"23d99450-83e7-4382-9312-d07f083447c0","previousOwnerId":{"in":["fc139c17-d8ba-40f0-8fc0-de857274c943","6d5e601a-d676-4cc6-a860-1a65d3734dab","c68a8236-7b93-4ff3-be69-01297ecfaceb","3b2c2b6a-7ec1-48cb-b98e-4ce026c6a984","2dc472bd-b2a9-4f5b-9066-b0561963cafe","941754a0-1107-4c7c-b7db-980d23df8557","5dac5c27-9d02-455e-bb18-022d0f9afc43","a98aa35e-414a-4939-b425-e0455bfe7eb7","59c25921-95e6-45bd-b7ad-0a07d7079537","6fbc44cd-4167-4571-8198-953e7281a059","9bd78fcd-deeb-4106-a5ec-68a6df672b97","4a6fae60-0298-4026-b0b6-378ed0ec880b"]}}
2026-07-18T08:41:16.088Z - [Leads] [Leads] Violations found: 0
2026-07-18T08:43:16.371Z - [Leads] Entered getViolations
2026-07-18T08:43:16.372Z - [Leads] User: fc139c17-d8ba-40f0-8fc0-de857274c943, Role: admin
2026-07-18T08:43:16.373Z - [Leads] Fetching visible users...
2026-07-18T08:43:17.135Z - [Leads] Visible users found: 12
2026-07-18T08:43:17.136Z - [Leads] [Leads] Querying Prisma with where: {"rotationViolation":true,"isDeleted":false,"organisationId":"23d99450-83e7-4382-9312-d07f083447c0","previousOwnerId":{"in":["fc139c17-d8ba-40f0-8fc0-de857274c943","6d5e601a-d676-4cc6-a860-1a65d3734dab","c68a8236-7b93-4ff3-be69-01297ecfaceb","3b2c2b6a-7ec1-48cb-b98e-4ce026c6a984","2dc472bd-b2a9-4f5b-9066-b0561963cafe","941754a0-1107-4c7c-b7db-980d23df8557","5dac5c27-9d02-455e-bb18-022d0f9afc43","a98aa35e-414a-4939-b425-e0455bfe7eb7","59c25921-95e6-45bd-b7ad-0a07d7079537","6fbc44cd-4167-4571-8198-953e7281a059","9bd78fcd-deeb-4106-a5ec-68a6df672b97","4a6fae60-0298-4026-b0b6-378ed0ec880b"]}}
2026-07-18T08:43:17.213Z - [Leads] [Leads] Violations found: 0
2026-07-18T08:43:56.586Z - [Leads] Entered getViolations
2026-07-18T08:43:56.588Z - [Leads] User: d86f65fa-bd2b-4083-baa2-516038552d86, Role: admin
2026-07-18T08:43:56.590Z - [Leads] Fetching visible users...
2026-07-18T08:43:56.882Z - Entered getDashboardStats
2026-07-18T08:43:56.884Z - [Analytics] User: d86f65fa-bd2b-4083-baa2-516038552d86, Org: 85cc3715-7f8d-4f22-b0b0-a40a502bc6fa, SuperAdmin: false
2026-07-18T08:43:56.886Z - [Analytics] Importing hierarchyUtils...
2026-07-18T08:43:56.889Z - [Analytics] Fetching visibleUserIds...
2026-07-18T08:43:57.865Z - [Leads] Visible users found: 23
2026-07-18T08:43:57.867Z - [Leads] [Leads] Querying Prisma with where: {"rotationViolation":true,"isDeleted":false,"organisationId":"85cc3715-7f8d-4f22-b0b0-a40a502bc6fa","previousOwnerId":{"in":["d86f65fa-bd2b-4083-baa2-516038552d86","c2d7e5d0-62e6-49b3-8a73-ef28e4fc7a1a","c449e1d9-16c0-4dfc-9a6f-45b840924d9a","53da2bee-1da9-4273-9fe0-288637801d6d","de32f640-3438-4145-84b4-c69d59c883d1","5711e40b-0fb5-4f86-b8cd-7f3543da1b54","a5e061e5-5541-434d-acf6-a50b1df6c92d","0f77cacf-7d0d-4327-8779-f47048733a9c","a83eeafe-3682-412e-a86d-28799d8e642d","28f1e09a-6b76-4480-af09-4dec0c995f59","ca027094-f249-4f67-9cbf-82d865538036","64f74066-5d85-4f77-800a-b5acfdbc9c5f","0a0630d9-203e-43a9-836b-2ff7f7ae1922","f37694d5-97f2-42e4-8c8d-f9cb6a710119","3f2d8415-3217-4844-adb3-cd3a8643ff94","39ea93f0-49b5-4ef3-a16c-c5198e60002b","e416a7ee-17a5-4f33-92e4-1bfa1272055a","fef128ca-8930-4a6e-b783-94e31a0253ed","35da508c-48cc-4cec-8a9e-3833339ecc75","1375bc35-3082-4bec-9bbc-3e3646f6af36","55c81c25-e204-4b0d-8597-5b7a63671958","f8bea1af-cd6e-4c67-93a4-dd7e78aa5f00","78b350ab-a756-4bb2-8bbd-0b511e205b63"]}}
2026-07-18T08:43:57.944Z - [Leads] [Leads] Violations found: 0
2026-07-18T08:43:58.280Z - [Analytics] Visible users: 23
2026-07-18T08:44:58.184Z - [Leads] Entered getViolations
2026-07-18T08:44:58.185Z - [Leads] User: d86f65fa-bd2b-4083-baa2-516038552d86, Role: admin
2026-07-18T08:44:58.186Z - [Leads] Fetching visible users...
2026-07-18T08:44:59.963Z - [Leads] Visible users found: 23
2026-07-18T08:44:59.965Z - [Leads] [Leads] Querying Prisma with where: {"rotationViolation":true,"isDeleted":false,"organisationId":"85cc3715-7f8d-4f22-b0b0-a40a502bc6fa","previousOwnerId":{"in":["d86f65fa-bd2b-4083-baa2-516038552d86","c2d7e5d0-62e6-49b3-8a73-ef28e4fc7a1a","c449e1d9-16c0-4dfc-9a6f-45b840924d9a","53da2bee-1da9-4273-9fe0-288637801d6d","de32f640-3438-4145-84b4-c69d59c883d1","5711e40b-0fb5-4f86-b8cd-7f3543da1b54","a5e061e5-5541-434d-acf6-a50b1df6c92d","0f77cacf-7d0d-4327-8779-f47048733a9c","a83eeafe-3682-412e-a86d-28799d8e642d","28f1e09a-6b76-4480-af09-4dec0c995f59","ca027094-f249-4f67-9cbf-82d865538036","64f74066-5d85-4f77-800a-b5acfdbc9c5f","0a0630d9-203e-43a9-836b-2ff7f7ae1922","f37694d5-97f2-42e4-8c8d-f9cb6a710119","3f2d8415-3217-4844-adb3-cd3a8643ff94","39ea93f0-49b5-4ef3-a16c-c5198e60002b","e416a7ee-17a5-4f33-92e4-1bfa1272055a","fef128ca-8930-4a6e-b783-94e31a0253ed","35da508c-48cc-4cec-8a9e-3833339ecc75","1375bc35-3082-4bec-9bbc-3e3646f6af36","55c81c25-e204-4b0d-8597-5b7a63671958","f8bea1af-cd6e-4c67-93a4-dd7e78aa5f00","78b350ab-a756-4bb2-8bbd-0b511e205b63"]}}
2026-07-18T08:45:00.068Z - [Leads] [Leads] Violations found: 0
2026-07-18T08:46:00.352Z - [Leads] Entered getViolations
2026-07-18T08:46:00.353Z - [Leads] User: d86f65fa-bd2b-4083-baa2-516038552d86, Role: admin
2026-07-18T08:46:00.354Z - [Leads] Fetching visible users...
2026-07-18T08:46:01.914Z - [Leads] Visible users found: 23
2026-07-18T08:46:01.916Z - [Leads] [Leads] Querying Prisma with where: {"rotationViolation":true,"isDeleted":false,"organisationId":"85cc3715-7f8d-4f22-b0b0-a40a502bc6fa","previousOwnerId":{"in":["d86f65fa-bd2b-4083-baa2-516038552d86","c2d7e5d0-62e6-49b3-8a73-ef28e4fc7a1a","c449e1d9-16c0-4dfc-9a6f-45b840924d9a","53da2bee-1da9-4273-9fe0-288637801d6d","de32f640-3438-4145-84b4-c69d59c883d1","5711e40b-0fb5-4f86-b8cd-7f3543da1b54","a5e061e5-5541-434d-acf6-a50b1df6c92d","0f77cacf-7d0d-4327-8779-f47048733a9c","a83eeafe-3682-412e-a86d-28799d8e642d","28f1e09a-6b76-4480-af09-4dec0c995f59","ca027094-f249-4f67-9cbf-82d865538036","64f74066-5d85-4f77-800a-b5acfdbc9c5f","0a0630d9-203e-43a9-836b-2ff7f7ae1922","f37694d5-97f2-42e4-8c8d-f9cb6a710119","3f2d8415-3217-4844-adb3-cd3a8643ff94","39ea93f0-49b5-4ef3-a16c-c5198e60002b","e416a7ee-17a5-4f33-92e4-1bfa1272055a","fef128ca-8930-4a6e-b783-94e31a0253ed","35da508c-48cc-4cec-8a9e-3833339ecc75","1375bc35-3082-4bec-9bbc-3e3646f6af36","55c81c25-e204-4b0d-8597-5b7a63671958","f8bea1af-cd6e-4c67-93a4-dd7e78aa5f00","78b350ab-a756-4bb2-8bbd-0b511e205b63"]}}
2026-07-18T08:46:02.026Z - [Leads] [Leads] Violations found: 0
2026-07-18T08:47:02.362Z - [Leads] Entered getViolations
2026-07-18T08:47:02.364Z - [Leads] User: d86f65fa-bd2b-4083-baa2-516038552d86, Role: admin
2026-07-18T08:47:02.366Z - [Leads] Fetching visible users...
2026-07-18T08:47:03.742Z - [Leads] Visible users found: 23
2026-07-18T08:47:03.743Z - [Leads] [Leads] Querying Prisma with where: {"rotationViolation":true,"isDeleted":false,"organisationId":"85cc3715-7f8d-4f22-b0b0-a40a502bc6fa","previousOwnerId":{"in":["d86f65fa-bd2b-4083-baa2-516038552d86","c2d7e5d0-62e6-49b3-8a73-ef28e4fc7a1a","c449e1d9-16c0-4dfc-9a6f-45b840924d9a","53da2bee-1da9-4273-9fe0-288637801d6d","de32f640-3438-4145-84b4-c69d59c883d1","5711e40b-0fb5-4f86-b8cd-7f3543da1b54","a5e061e5-5541-434d-acf6-a50b1df6c92d","0f77cacf-7d0d-4327-8779-f47048733a9c","a83eeafe-3682-412e-a86d-28799d8e642d","28f1e09a-6b76-4480-af09-4dec0c995f59","ca027094-f249-4f67-9cbf-82d865538036","64f74066-5d85-4f77-800a-b5acfdbc9c5f","0a0630d9-203e-43a9-836b-2ff7f7ae1922","f37694d5-97f2-42e4-8c8d-f9cb6a710119","3f2d8415-3217-4844-adb3-cd3a8643ff94","39ea93f0-49b5-4ef3-a16c-c5198e60002b","e416a7ee-17a5-4f33-92e4-1bfa1272055a","fef128ca-8930-4a6e-b783-94e31a0253ed","35da508c-48cc-4cec-8a9e-3833339ecc75","1375bc35-3082-4bec-9bbc-3e3646f6af36","55c81c25-e204-4b0d-8597-5b7a63671958","f8bea1af-cd6e-4c67-93a4-dd7e78aa5f00","78b350ab-a756-4bb2-8bbd-0b511e205b63"]}}
2026-07-18T08:47:03.808Z - [Leads] [Leads] Violations found: 0
2026-07-18T08:48:04.077Z - [Leads] Entered getViolations
2026-07-18T08:48:04.080Z - [Leads] User: d86f65fa-bd2b-4083-baa2-516038552d86, Role: admin
2026-07-18T08:48:04.081Z - [Leads] Fetching visible users...
2026-07-18T08:48:05.581Z - [Leads] Visible users found: 23
2026-07-18T08:48:05.582Z - [Leads] [Leads] Querying Prisma with where: {"rotationViolation":true,"isDeleted":false,"organisationId":"85cc3715-7f8d-4f22-b0b0-a40a502bc6fa","previousOwnerId":{"in":["d86f65fa-bd2b-4083-baa2-516038552d86","c2d7e5d0-62e6-49b3-8a73-ef28e4fc7a1a","c449e1d9-16c0-4dfc-9a6f-45b840924d9a","53da2bee-1da9-4273-9fe0-288637801d6d","de32f640-3438-4145-84b4-c69d59c883d1","5711e40b-0fb5-4f86-b8cd-7f3543da1b54","a5e061e5-5541-434d-acf6-a50b1df6c92d","0f77cacf-7d0d-4327-8779-f47048733a9c","a83eeafe-3682-412e-a86d-28799d8e642d","28f1e09a-6b76-4480-af09-4dec0c995f59","ca027094-f249-4f67-9cbf-82d865538036","64f74066-5d85-4f77-800a-b5acfdbc9c5f","0a0630d9-203e-43a9-836b-2ff7f7ae1922","f37694d5-97f2-42e4-8c8d-f9cb6a710119","3f2d8415-3217-4844-adb3-cd3a8643ff94","39ea93f0-49b5-4ef3-a16c-c5198e60002b","e416a7ee-17a5-4f33-92e4-1bfa1272055a","fef128ca-8930-4a6e-b783-94e31a0253ed","35da508c-48cc-4cec-8a9e-3833339ecc75","1375bc35-3082-4bec-9bbc-3e3646f6af36","55c81c25-e204-4b0d-8597-5b7a63671958","f8bea1af-cd6e-4c67-93a4-dd7e78aa5f00","78b350ab-a756-4bb2-8bbd-0b511e205b63"]}}
2026-07-18T08:48:05.644Z - [Leads] [Leads] Violations found: 0
2026-07-18T08:57:41.750Z - [Leads] Entered getViolations
2026-07-18T08:57:41.756Z - [Leads] User: d86f65fa-bd2b-4083-baa2-516038552d86, Role: admin
2026-07-18T08:57:41.760Z - [Leads] Fetching visible users...
2026-07-18T08:57:43.507Z - [Leads] Visible users found: 23
2026-07-18T08:57:43.508Z - [Leads] [Leads] Querying Prisma with where: {"rotationViolation":true,"isDeleted":false,"organisationId":"85cc3715-7f8d-4f22-b0b0-a40a502bc6fa","previousOwnerId":{"in":["d86f65fa-bd2b-4083-baa2-516038552d86","c2d7e5d0-62e6-49b3-8a73-ef28e4fc7a1a","c449e1d9-16c0-4dfc-9a6f-45b840924d9a","53da2bee-1da9-4273-9fe0-288637801d6d","de32f640-3438-4145-84b4-c69d59c883d1","5711e40b-0fb5-4f86-b8cd-7f3543da1b54","a5e061e5-5541-434d-acf6-a50b1df6c92d","0f77cacf-7d0d-4327-8779-f47048733a9c","a83eeafe-3682-412e-a86d-28799d8e642d","28f1e09a-6b76-4480-af09-4dec0c995f59","ca027094-f249-4f67-9cbf-82d865538036","64f74066-5d85-4f77-800a-b5acfdbc9c5f","0a0630d9-203e-43a9-836b-2ff7f7ae1922","f37694d5-97f2-42e4-8c8d-f9cb6a710119","3f2d8415-3217-4844-adb3-cd3a8643ff94","39ea93f0-49b5-4ef3-a16c-c5198e60002b","e416a7ee-17a5-4f33-92e4-1bfa1272055a","fef128ca-8930-4a6e-b783-94e31a0253ed","35da508c-48cc-4cec-8a9e-3833339ecc75","1375bc35-3082-4bec-9bbc-3e3646f6af36","55c81c25-e204-4b0d-8597-5b7a63671958","f8bea1af-cd6e-4c67-93a4-dd7e78aa5f00","78b350ab-a756-4bb2-8bbd-0b511e205b63"]}}
2026-07-18T08:57:43.670Z - [Leads] [Leads] Violations found: 0
2026-07-18T10:27:57.530Z - Entered getDashboardStats
2026-07-18T10:27:57.535Z - [Analytics] User: fc139c17-d8ba-40f0-8fc0-de857274c943, Org: 23d99450-83e7-4382-9312-d07f083447c0, SuperAdmin: false
2026-07-18T10:27:57.538Z - [Analytics] Importing hierarchyUtils...
2026-07-18T10:27:57.575Z - [Analytics] Fetching visibleUserIds...
2026-07-18T10:27:57.704Z - [Leads] Entered getViolations
2026-07-18T10:27:57.706Z - [Leads] User: fc139c17-d8ba-40f0-8fc0-de857274c943, Role: admin
2026-07-18T10:27:57.708Z - [Leads] Fetching visible users...
2026-07-18T10:27:58.776Z - [Analytics] Visible users: 13
2026-07-18T10:27:58.801Z - [Leads] Visible users found: 13
2026-07-18T10:27:58.807Z - [Leads] [Leads] Querying Prisma with where: {"rotationViolation":true,"isDeleted":false,"organisationId":"23d99450-83e7-4382-9312-d07f083447c0","previousOwnerId":{"in":["fc139c17-d8ba-40f0-8fc0-de857274c943","6d5e601a-d676-4cc6-a860-1a65d3734dab","c68a8236-7b93-4ff3-be69-01297ecfaceb","86498817-2f82-4695-ac75-4feae00ba43b","3b2c2b6a-7ec1-48cb-b98e-4ce026c6a984","2dc472bd-b2a9-4f5b-9066-b0561963cafe","941754a0-1107-4c7c-b7db-980d23df8557","5dac5c27-9d02-455e-bb18-022d0f9afc43","a98aa35e-414a-4939-b425-e0455bfe7eb7","59c25921-95e6-45bd-b7ad-0a07d7079537","6fbc44cd-4167-4571-8198-953e7281a059","9bd78fcd-deeb-4106-a5ec-68a6df672b97","4a6fae60-0298-4026-b0b6-378ed0ec880b"]}}
2026-07-18T10:27:59.466Z - [Leads] [Leads] Violations found: 0
2026-07-18T10:30:37.806Z - Entered getDashboardStats
2026-07-18T10:30:37.807Z - [Analytics] User: fc139c17-d8ba-40f0-8fc0-de857274c943, Org: 23d99450-83e7-4382-9312-d07f083447c0, SuperAdmin: false
2026-07-18T10:30:37.811Z - [Analytics] Importing hierarchyUtils...
2026-07-18T10:30:37.813Z - [Analytics] Fetching visibleUserIds...
2026-07-18T10:30:38.564Z - [Leads] Entered getViolations
2026-07-18T10:30:38.565Z - [Leads] User: fc139c17-d8ba-40f0-8fc0-de857274c943, Role: admin
2026-07-18T10:30:38.566Z - [Leads] Fetching visible users...
2026-07-18T10:30:40.026Z - [Analytics] Visible users: 13
2026-07-18T10:30:40.449Z - [Leads] Visible users found: 13
2026-07-18T10:30:40.454Z - [Leads] [Leads] Querying Prisma with where: {"rotationViolation":true,"isDeleted":false,"organisationId":"23d99450-83e7-4382-9312-d07f083447c0","previousOwnerId":{"in":["fc139c17-d8ba-40f0-8fc0-de857274c943","6d5e601a-d676-4cc6-a860-1a65d3734dab","c68a8236-7b93-4ff3-be69-01297ecfaceb","86498817-2f82-4695-ac75-4feae00ba43b","3b2c2b6a-7ec1-48cb-b98e-4ce026c6a984","2dc472bd-b2a9-4f5b-9066-b0561963cafe","941754a0-1107-4c7c-b7db-980d23df8557","5dac5c27-9d02-455e-bb18-022d0f9afc43","a98aa35e-414a-4939-b425-e0455bfe7eb7","59c25921-95e6-45bd-b7ad-0a07d7079537","6fbc44cd-4167-4571-8198-953e7281a059","9bd78fcd-deeb-4106-a5ec-68a6df672b97","4a6fae60-0298-4026-b0b6-378ed0ec880b"]}}
2026-07-18T10:30:40.564Z - [Leads] [Leads] Violations found: 0
2026-07-18T10:30:55.279Z - [Leads] Entered getViolations
2026-07-18T10:30:55.285Z - [Leads] User: fc139c17-d8ba-40f0-8fc0-de857274c943, Role: admin
2026-07-18T10:30:55.286Z - [Leads] Fetching visible users...
2026-07-18T10:30:55.562Z - Entered getDashboardStats
2026-07-18T10:30:55.563Z - [Analytics] User: fc139c17-d8ba-40f0-8fc0-de857274c943, Org: 23d99450-83e7-4382-9312-d07f083447c0, SuperAdmin: false
2026-07-18T10:30:55.564Z - [Analytics] Importing hierarchyUtils...
2026-07-18T10:30:55.566Z - [Analytics] Fetching visibleUserIds...
2026-07-18T10:30:56.266Z - [Leads] Visible users found: 13
2026-07-18T10:30:56.267Z - [Leads] [Leads] Querying Prisma with where: {"rotationViolation":true,"isDeleted":false,"organisationId":"23d99450-83e7-4382-9312-d07f083447c0","previousOwnerId":{"in":["fc139c17-d8ba-40f0-8fc0-de857274c943","6d5e601a-d676-4cc6-a860-1a65d3734dab","c68a8236-7b93-4ff3-be69-01297ecfaceb","86498817-2f82-4695-ac75-4feae00ba43b","3b2c2b6a-7ec1-48cb-b98e-4ce026c6a984","2dc472bd-b2a9-4f5b-9066-b0561963cafe","941754a0-1107-4c7c-b7db-980d23df8557","5dac5c27-9d02-455e-bb18-022d0f9afc43","a98aa35e-414a-4939-b425-e0455bfe7eb7","59c25921-95e6-45bd-b7ad-0a07d7079537","6fbc44cd-4167-4571-8198-953e7281a059","9bd78fcd-deeb-4106-a5ec-68a6df672b97","4a6fae60-0298-4026-b0b6-378ed0ec880b"]}}
2026-07-18T10:30:56.359Z - [Leads] [Leads] Violations found: 0
2026-07-18T10:30:56.464Z - [Analytics] Visible users: 13
2026-07-18T10:31:56.485Z - Entered getDashboardStats
2026-07-18T10:31:56.486Z - [Analytics] User: fc139c17-d8ba-40f0-8fc0-de857274c943, Org: 23d99450-83e7-4382-9312-d07f083447c0, SuperAdmin: false
2026-07-18T10:31:56.487Z - [Analytics] Importing hierarchyUtils...
2026-07-18T10:31:56.489Z - [Analytics] Fetching visibleUserIds...
2026-07-18T10:31:56.835Z - [Leads] Entered getViolations
2026-07-18T10:31:56.836Z - [Leads] User: fc139c17-d8ba-40f0-8fc0-de857274c943, Role: admin
2026-07-18T10:31:56.837Z - [Leads] Fetching visible users...
2026-07-18T10:31:57.523Z - [Analytics] Visible users: 13
2026-07-18T10:31:58.015Z - [Leads] Visible users found: 13
2026-07-18T10:31:58.017Z - [Leads] [Leads] Querying Prisma with where: {"rotationViolation":true,"isDeleted":false,"organisationId":"23d99450-83e7-4382-9312-d07f083447c0","previousOwnerId":{"in":["fc139c17-d8ba-40f0-8fc0-de857274c943","6d5e601a-d676-4cc6-a860-1a65d3734dab","c68a8236-7b93-4ff3-be69-01297ecfaceb","86498817-2f82-4695-ac75-4feae00ba43b","3b2c2b6a-7ec1-48cb-b98e-4ce026c6a984","2dc472bd-b2a9-4f5b-9066-b0561963cafe","941754a0-1107-4c7c-b7db-980d23df8557","5dac5c27-9d02-455e-bb18-022d0f9afc43","a98aa35e-414a-4939-b425-e0455bfe7eb7","59c25921-95e6-45bd-b7ad-0a07d7079537","6fbc44cd-4167-4571-8198-953e7281a059","9bd78fcd-deeb-4106-a5ec-68a6df672b97","4a6fae60-0298-4026-b0b6-378ed0ec880b"]}}
2026-07-18T10:31:58.095Z - [Leads] [Leads] Violations found: 0
2026-07-18T10:33:57.082Z - [Leads] Entered getViolations
2026-07-18T10:33:57.088Z - [Leads] User: fc139c17-d8ba-40f0-8fc0-de857274c943, Role: admin
2026-07-18T10:33:57.089Z - [Leads] Fetching visible users...
2026-07-18T10:33:57.905Z - [Leads] Visible users found: 13
2026-07-18T10:33:57.907Z - [Leads] [Leads] Querying Prisma with where: {"rotationViolation":true,"isDeleted":false,"organisationId":"23d99450-83e7-4382-9312-d07f083447c0","previousOwnerId":{"in":["fc139c17-d8ba-40f0-8fc0-de857274c943","6d5e601a-d676-4cc6-a860-1a65d3734dab","c68a8236-7b93-4ff3-be69-01297ecfaceb","86498817-2f82-4695-ac75-4feae00ba43b","3b2c2b6a-7ec1-48cb-b98e-4ce026c6a984","2dc472bd-b2a9-4f5b-9066-b0561963cafe","941754a0-1107-4c7c-b7db-980d23df8557","5dac5c27-9d02-455e-bb18-022d0f9afc43","a98aa35e-414a-4939-b425-e0455bfe7eb7","59c25921-95e6-45bd-b7ad-0a07d7079537","6fbc44cd-4167-4571-8198-953e7281a059","9bd78fcd-deeb-4106-a5ec-68a6df672b97","4a6fae60-0298-4026-b0b6-378ed0ec880b"]}}
2026-07-18T10:33:57.985Z - [Leads] [Leads] Violations found: 0
2026-07-18T10:33:59.238Z - Entered getDashboardStats
2026-07-18T10:33:59.241Z - [Analytics] User: fc139c17-d8ba-40f0-8fc0-de857274c943, Org: 23d99450-83e7-4382-9312-d07f083447c0, SuperAdmin: false
2026-07-18T10:33:59.242Z - [Analytics] Importing hierarchyUtils...
2026-07-18T10:33:59.244Z - [Analytics] Fetching visibleUserIds...
2026-07-18T10:33:59.554Z - [Leads] Entered getViolations
2026-07-18T10:33:59.556Z - [Leads] User: fc139c17-d8ba-40f0-8fc0-de857274c943, Role: admin
2026-07-18T10:33:59.562Z - [Leads] Fetching visible users...
2026-07-18T10:34:00.216Z - [Analytics] Visible users: 13
2026-07-18T10:34:00.863Z - [Leads] Visible users found: 13
2026-07-18T10:34:00.864Z - [Leads] [Leads] Querying Prisma with where: {"rotationViolation":true,"isDeleted":false,"organisationId":"23d99450-83e7-4382-9312-d07f083447c0","previousOwnerId":{"in":["fc139c17-d8ba-40f0-8fc0-de857274c943","6d5e601a-d676-4cc6-a860-1a65d3734dab","c68a8236-7b93-4ff3-be69-01297ecfaceb","86498817-2f82-4695-ac75-4feae00ba43b","3b2c2b6a-7ec1-48cb-b98e-4ce026c6a984","2dc472bd-b2a9-4f5b-9066-b0561963cafe","941754a0-1107-4c7c-b7db-980d23df8557","5dac5c27-9d02-455e-bb18-022d0f9afc43","a98aa35e-414a-4939-b425-e0455bfe7eb7","59c25921-95e6-45bd-b7ad-0a07d7079537","6fbc44cd-4167-4571-8198-953e7281a059","9bd78fcd-deeb-4106-a5ec-68a6df672b97","4a6fae60-0298-4026-b0b6-378ed0ec880b"]}}
2026-07-18T10:34:00.974Z - [Leads] [Leads] Violations found: 0
2026-07-18T10:34:11.994Z - Entered getDashboardStats
2026-07-18T10:34:11.996Z - [Analytics] User: fc139c17-d8ba-40f0-8fc0-de857274c943, Org: 23d99450-83e7-4382-9312-d07f083447c0, SuperAdmin: false
2026-07-18T10:34:12.001Z - [Analytics] Importing hierarchyUtils...
2026-07-18T10:34:12.004Z - [Analytics] Fetching visibleUserIds...
2026-07-18T10:34:12.337Z - [Leads] Entered getViolations
2026-07-18T10:34:12.339Z - [Leads] User: fc139c17-d8ba-40f0-8fc0-de857274c943, Role: admin
2026-07-18T10:34:12.340Z - [Leads] Fetching visible users...
2026-07-18T10:34:12.905Z - [Analytics] Visible users: 13
2026-07-18T10:34:13.204Z - [Leads] Visible users found: 13
2026-07-18T10:34:13.206Z - [Leads] [Leads] Querying Prisma with where: {"rotationViolation":true,"isDeleted":false,"organisationId":"23d99450-83e7-4382-9312-d07f083447c0","previousOwnerId":{"in":["fc139c17-d8ba-40f0-8fc0-de857274c943","6d5e601a-d676-4cc6-a860-1a65d3734dab","c68a8236-7b93-4ff3-be69-01297ecfaceb","86498817-2f82-4695-ac75-4feae00ba43b","3b2c2b6a-7ec1-48cb-b98e-4ce026c6a984","2dc472bd-b2a9-4f5b-9066-b0561963cafe","941754a0-1107-4c7c-b7db-980d23df8557","5dac5c27-9d02-455e-bb18-022d0f9afc43","a98aa35e-414a-4939-b425-e0455bfe7eb7","59c25921-95e6-45bd-b7ad-0a07d7079537","6fbc44cd-4167-4571-8198-953e7281a059","9bd78fcd-deeb-4106-a5ec-68a6df672b97","4a6fae60-0298-4026-b0b6-378ed0ec880b"]}}
2026-07-18T10:34:13.257Z - [Leads] [Leads] Violations found: 0
2026-07-18T10:35:13.476Z - [Leads] Entered getViolations
2026-07-18T10:35:13.479Z - [Leads] User: fc139c17-d8ba-40f0-8fc0-de857274c943, Role: admin
2026-07-18T10:35:13.482Z - [Leads] Fetching visible users...
2026-07-18T10:35:14.107Z - [Leads] Visible users found: 13
2026-07-18T10:35:14.108Z - [Leads] [Leads] Querying Prisma with where: {"rotationViolation":true,"isDeleted":false,"organisationId":"23d99450-83e7-4382-9312-d07f083447c0","previousOwnerId":{"in":["fc139c17-d8ba-40f0-8fc0-de857274c943","6d5e601a-d676-4cc6-a860-1a65d3734dab","c68a8236-7b93-4ff3-be69-01297ecfaceb","86498817-2f82-4695-ac75-4feae00ba43b","3b2c2b6a-7ec1-48cb-b98e-4ce026c6a984","2dc472bd-b2a9-4f5b-9066-b0561963cafe","941754a0-1107-4c7c-b7db-980d23df8557","5dac5c27-9d02-455e-bb18-022d0f9afc43","a98aa35e-414a-4939-b425-e0455bfe7eb7","59c25921-95e6-45bd-b7ad-0a07d7079537","6fbc44cd-4167-4571-8198-953e7281a059","9bd78fcd-deeb-4106-a5ec-68a6df672b97","4a6fae60-0298-4026-b0b6-378ed0ec880b"]}}
2026-07-18T10:35:14.197Z - [Leads] [Leads] Violations found: 0
2026-07-18T10:36:02.364Z - [Leads] Entered getViolations
2026-07-18T10:36:02.365Z - [Leads] User: fc139c17-d8ba-40f0-8fc0-de857274c943, Role: admin
2026-07-18T10:36:02.368Z - [Leads] Fetching visible users...
2026-07-18T10:36:03.340Z - [Leads] Visible users found: 13
2026-07-18T10:36:03.341Z - [Leads] [Leads] Querying Prisma with where: {"rotationViolation":true,"isDeleted":false,"organisationId":"23d99450-83e7-4382-9312-d07f083447c0","previousOwnerId":{"in":["fc139c17-d8ba-40f0-8fc0-de857274c943","6d5e601a-d676-4cc6-a860-1a65d3734dab","c68a8236-7b93-4ff3-be69-01297ecfaceb","86498817-2f82-4695-ac75-4feae00ba43b","3b2c2b6a-7ec1-48cb-b98e-4ce026c6a984","2dc472bd-b2a9-4f5b-9066-b0561963cafe","941754a0-1107-4c7c-b7db-980d23df8557","5dac5c27-9d02-455e-bb18-022d0f9afc43","a98aa35e-414a-4939-b425-e0455bfe7eb7","59c25921-95e6-45bd-b7ad-0a07d7079537","6fbc44cd-4167-4571-8198-953e7281a059","9bd78fcd-deeb-4106-a5ec-68a6df672b97","4a6fae60-0298-4026-b0b6-378ed0ec880b"]}}
2026-07-18T10:36:03.433Z - [Leads] [Leads] Violations found: 0
2026-07-18T10:36:05.307Z - [Leads] Entered getViolations
2026-07-18T10:36:05.312Z - [Leads] User: fc139c17-d8ba-40f0-8fc0-de857274c943, Role: admin
2026-07-18T10:36:05.313Z - [Leads] Fetching visible users...
2026-07-18T10:36:06.101Z - [Leads] Visible users found: 13
2026-07-18T10:36:06.104Z - [Leads] [Leads] Querying Prisma with where: {"rotationViolation":true,"isDeleted":false,"organisationId":"23d99450-83e7-4382-9312-d07f083447c0","previousOwnerId":{"in":["fc139c17-d8ba-40f0-8fc0-de857274c943","6d5e601a-d676-4cc6-a860-1a65d3734dab","c68a8236-7b93-4ff3-be69-01297ecfaceb","86498817-2f82-4695-ac75-4feae00ba43b","3b2c2b6a-7ec1-48cb-b98e-4ce026c6a984","2dc472bd-b2a9-4f5b-9066-b0561963cafe","941754a0-1107-4c7c-b7db-980d23df8557","5dac5c27-9d02-455e-bb18-022d0f9afc43","a98aa35e-414a-4939-b425-e0455bfe7eb7","59c25921-95e6-45bd-b7ad-0a07d7079537","6fbc44cd-4167-4571-8198-953e7281a059","9bd78fcd-deeb-4106-a5ec-68a6df672b97","4a6fae60-0298-4026-b0b6-378ed0ec880b"]}}
2026-07-18T10:36:06.153Z - [Leads] [Leads] Violations found: 0
2026-07-18T10:36:09.676Z - Entered getDashboardStats
2026-07-18T10:36:09.677Z - [Analytics] User: fc139c17-d8ba-40f0-8fc0-de857274c943, Org: 23d99450-83e7-4382-9312-d07f083447c0, SuperAdmin: false
2026-07-18T10:36:09.678Z - [Analytics] Importing hierarchyUtils...
2026-07-18T10:36:09.680Z - [Analytics] Fetching visibleUserIds...
2026-07-18T10:36:10.359Z - [Analytics] Visible users: 13
2026-07-18T10:37:06.398Z - [Leads] Entered getViolations
2026-07-18T10:37:06.400Z - [Leads] User: fc139c17-d8ba-40f0-8fc0-de857274c943, Role: admin
2026-07-18T10:37:06.401Z - [Leads] Fetching visible users...
2026-07-18T10:37:07.762Z - [Leads] Visible users found: 13
2026-07-18T10:37:07.764Z - [Leads] [Leads] Querying Prisma with where: {"rotationViolation":true,"isDeleted":false,"organisationId":"23d99450-83e7-4382-9312-d07f083447c0","previousOwnerId":{"in":["fc139c17-d8ba-40f0-8fc0-de857274c943","6d5e601a-d676-4cc6-a860-1a65d3734dab","c68a8236-7b93-4ff3-be69-01297ecfaceb","86498817-2f82-4695-ac75-4feae00ba43b","3b2c2b6a-7ec1-48cb-b98e-4ce026c6a984","2dc472bd-b2a9-4f5b-9066-b0561963cafe","941754a0-1107-4c7c-b7db-980d23df8557","5dac5c27-9d02-455e-bb18-022d0f9afc43","a98aa35e-414a-4939-b425-e0455bfe7eb7","59c25921-95e6-45bd-b7ad-0a07d7079537","6fbc44cd-4167-4571-8198-953e7281a059","9bd78fcd-deeb-4106-a5ec-68a6df672b97","4a6fae60-0298-4026-b0b6-378ed0ec880b"]}}
2026-07-18T10:37:07.976Z - [Leads] [Leads] Violations found: 0
2026-07-18T10:37:10.553Z - Entered getDashboardStats
2026-07-18T10:37:10.559Z - [Analytics] User: fc139c17-d8ba-40f0-8fc0-de857274c943, Org: 23d99450-83e7-4382-9312-d07f083447c0, SuperAdmin: false
2026-07-18T10:37:10.568Z - [Analytics] Importing hierarchyUtils...
2026-07-18T10:37:10.576Z - [Analytics] Fetching visibleUserIds...
2026-07-18T10:37:11.467Z - [Analytics] Visible users: 13
2026-07-18T10:38:08.446Z - [Leads] Entered getViolations
2026-07-18T10:38:08.497Z - [Leads] User: fc139c17-d8ba-40f0-8fc0-de857274c943, Role: admin
2026-07-18T10:38:08.507Z - [Leads] Fetching visible users...
2026-07-18T10:38:09.769Z - [Leads] Visible users found: 13
2026-07-18T10:38:09.770Z - [Leads] [Leads] Querying Prisma with where: {"rotationViolation":true,"isDeleted":false,"organisationId":"23d99450-83e7-4382-9312-d07f083447c0","previousOwnerId":{"in":["fc139c17-d8ba-40f0-8fc0-de857274c943","6d5e601a-d676-4cc6-a860-1a65d3734dab","c68a8236-7b93-4ff3-be69-01297ecfaceb","86498817-2f82-4695-ac75-4feae00ba43b","3b2c2b6a-7ec1-48cb-b98e-4ce026c6a984","2dc472bd-b2a9-4f5b-9066-b0561963cafe","941754a0-1107-4c7c-b7db-980d23df8557","5dac5c27-9d02-455e-bb18-022d0f9afc43","a98aa35e-414a-4939-b425-e0455bfe7eb7","59c25921-95e6-45bd-b7ad-0a07d7079537","6fbc44cd-4167-4571-8198-953e7281a059","9bd78fcd-deeb-4106-a5ec-68a6df672b97","4a6fae60-0298-4026-b0b6-378ed0ec880b"]}}
2026-07-18T10:38:09.885Z - [Leads] [Leads] Violations found: 0
2026-07-18T10:38:18.501Z - Entered getDashboardStats
2026-07-18T10:38:18.503Z - [Analytics] User: fc139c17-d8ba-40f0-8fc0-de857274c943, Org: 23d99450-83e7-4382-9312-d07f083447c0, SuperAdmin: false
2026-07-18T10:38:18.504Z - [Analytics] Importing hierarchyUtils...
2026-07-18T10:38:18.506Z - [Analytics] Fetching visibleUserIds...
2026-07-18T10:38:18.826Z - [Leads] Entered getViolations
2026-07-18T10:38:18.827Z - [Leads] User: fc139c17-d8ba-40f0-8fc0-de857274c943, Role: admin
2026-07-18T10:38:18.828Z - [Leads] Fetching visible users...
2026-07-18T10:38:19.576Z - [Analytics] Visible users: 13
2026-07-18T10:38:19.621Z - [Leads] Visible users found: 13
2026-07-18T10:38:19.629Z - [Leads] [Leads] Querying Prisma with where: {"rotationViolation":true,"isDeleted":false,"organisationId":"23d99450-83e7-4382-9312-d07f083447c0","previousOwnerId":{"in":["fc139c17-d8ba-40f0-8fc0-de857274c943","6d5e601a-d676-4cc6-a860-1a65d3734dab","c68a8236-7b93-4ff3-be69-01297ecfaceb","86498817-2f82-4695-ac75-4feae00ba43b","3b2c2b6a-7ec1-48cb-b98e-4ce026c6a984","2dc472bd-b2a9-4f5b-9066-b0561963cafe","941754a0-1107-4c7c-b7db-980d23df8557","5dac5c27-9d02-455e-bb18-022d0f9afc43","a98aa35e-414a-4939-b425-e0455bfe7eb7","59c25921-95e6-45bd-b7ad-0a07d7079537","6fbc44cd-4167-4571-8198-953e7281a059","9bd78fcd-deeb-4106-a5ec-68a6df672b97","4a6fae60-0298-4026-b0b6-378ed0ec880b"]}}
2026-07-18T10:38:19.680Z - [Leads] [Leads] Violations found: 0
2026-07-18T10:38:39.564Z - Entered getDashboardStats
2026-07-18T10:38:39.566Z - [Analytics] User: fc139c17-d8ba-40f0-8fc0-de857274c943, Org: 23d99450-83e7-4382-9312-d07f083447c0, SuperAdmin: false
2026-07-18T10:38:39.567Z - [Analytics] Importing hierarchyUtils...
2026-07-18T10:38:39.569Z - [Analytics] Fetching visibleUserIds...
2026-07-18T10:38:39.874Z - [Leads] Entered getViolations
2026-07-18T10:38:39.875Z - [Leads] User: fc139c17-d8ba-40f0-8fc0-de857274c943, Role: admin
2026-07-18T10:38:39.876Z - [Leads] Fetching visible users...
2026-07-18T10:38:40.516Z - [Analytics] Visible users: 13
2026-07-18T10:38:40.747Z - [Leads] Visible users found: 13
2026-07-18T10:38:40.748Z - [Leads] [Leads] Querying Prisma with where: {"rotationViolation":true,"isDeleted":false,"organisationId":"23d99450-83e7-4382-9312-d07f083447c0","previousOwnerId":{"in":["fc139c17-d8ba-40f0-8fc0-de857274c943","6d5e601a-d676-4cc6-a860-1a65d3734dab","c68a8236-7b93-4ff3-be69-01297ecfaceb","86498817-2f82-4695-ac75-4feae00ba43b","3b2c2b6a-7ec1-48cb-b98e-4ce026c6a984","2dc472bd-b2a9-4f5b-9066-b0561963cafe","941754a0-1107-4c7c-b7db-980d23df8557","5dac5c27-9d02-455e-bb18-022d0f9afc43","a98aa35e-414a-4939-b425-e0455bfe7eb7","59c25921-95e6-45bd-b7ad-0a07d7079537","6fbc44cd-4167-4571-8198-953e7281a059","9bd78fcd-deeb-4106-a5ec-68a6df672b97","4a6fae60-0298-4026-b0b6-378ed0ec880b"]}}
2026-07-18T10:38:40.801Z - [Leads] [Leads] Violations found: 0
2026-07-18T10:39:41.098Z - [Leads] Entered getViolations
2026-07-18T10:39:41.100Z - [Leads] User: fc139c17-d8ba-40f0-8fc0-de857274c943, Role: admin
2026-07-18T10:39:41.101Z - [Leads] Fetching visible users...
2026-07-18T10:39:42.018Z - [Leads] Visible users found: 13
2026-07-18T10:39:42.019Z - [Leads] [Leads] Querying Prisma with where: {"rotationViolation":true,"isDeleted":false,"organisationId":"23d99450-83e7-4382-9312-d07f083447c0","previousOwnerId":{"in":["fc139c17-d8ba-40f0-8fc0-de857274c943","6d5e601a-d676-4cc6-a860-1a65d3734dab","c68a8236-7b93-4ff3-be69-01297ecfaceb","86498817-2f82-4695-ac75-4feae00ba43b","3b2c2b6a-7ec1-48cb-b98e-4ce026c6a984","2dc472bd-b2a9-4f5b-9066-b0561963cafe","941754a0-1107-4c7c-b7db-980d23df8557","5dac5c27-9d02-455e-bb18-022d0f9afc43","a98aa35e-414a-4939-b425-e0455bfe7eb7","59c25921-95e6-45bd-b7ad-0a07d7079537","6fbc44cd-4167-4571-8198-953e7281a059","9bd78fcd-deeb-4106-a5ec-68a6df672b97","4a6fae60-0298-4026-b0b6-378ed0ec880b"]}}
2026-07-18T10:39:42.110Z - [Leads] [Leads] Violations found: 0
2026-07-18T10:40:42.899Z - [Leads] Entered getViolations
2026-07-18T10:40:42.901Z - [Leads] User: fc139c17-d8ba-40f0-8fc0-de857274c943, Role: admin
2026-07-18T10:40:42.902Z - [Leads] Fetching visible users...
2026-07-18T10:40:43.614Z - [Leads] Visible users found: 13
2026-07-18T10:40:43.615Z - [Leads] [Leads] Querying Prisma with where: {"rotationViolation":true,"isDeleted":false,"organisationId":"23d99450-83e7-4382-9312-d07f083447c0","previousOwnerId":{"in":["fc139c17-d8ba-40f0-8fc0-de857274c943","6d5e601a-d676-4cc6-a860-1a65d3734dab","c68a8236-7b93-4ff3-be69-01297ecfaceb","86498817-2f82-4695-ac75-4feae00ba43b","3b2c2b6a-7ec1-48cb-b98e-4ce026c6a984","2dc472bd-b2a9-4f5b-9066-b0561963cafe","941754a0-1107-4c7c-b7db-980d23df8557","5dac5c27-9d02-455e-bb18-022d0f9afc43","a98aa35e-414a-4939-b425-e0455bfe7eb7","59c25921-95e6-45bd-b7ad-0a07d7079537","6fbc44cd-4167-4571-8198-953e7281a059","9bd78fcd-deeb-4106-a5ec-68a6df672b97","4a6fae60-0298-4026-b0b6-378ed0ec880b"]}}
2026-07-18T10:40:43.659Z - [Leads] [Leads] Violations found: 0
2026-07-18T10:41:43.883Z - [Leads] Entered getViolations
2026-07-18T10:41:43.884Z - [Leads] User: fc139c17-d8ba-40f0-8fc0-de857274c943, Role: admin
2026-07-18T10:41:43.885Z - [Leads] Fetching visible users...
2026-07-18T10:41:44.614Z - [Leads] Visible users found: 13
2026-07-18T10:41:44.616Z - [Leads] [Leads] Querying Prisma with where: {"rotationViolation":true,"isDeleted":false,"organisationId":"23d99450-83e7-4382-9312-d07f083447c0","previousOwnerId":{"in":["fc139c17-d8ba-40f0-8fc0-de857274c943","6d5e601a-d676-4cc6-a860-1a65d3734dab","c68a8236-7b93-4ff3-be69-01297ecfaceb","86498817-2f82-4695-ac75-4feae00ba43b","3b2c2b6a-7ec1-48cb-b98e-4ce026c6a984","2dc472bd-b2a9-4f5b-9066-b0561963cafe","941754a0-1107-4c7c-b7db-980d23df8557","5dac5c27-9d02-455e-bb18-022d0f9afc43","a98aa35e-414a-4939-b425-e0455bfe7eb7","59c25921-95e6-45bd-b7ad-0a07d7079537","6fbc44cd-4167-4571-8198-953e7281a059","9bd78fcd-deeb-4106-a5ec-68a6df672b97","4a6fae60-0298-4026-b0b6-378ed0ec880b"]}}
2026-07-18T10:41:44.663Z - [Leads] [Leads] Violations found: 0
2026-07-18T10:42:39.347Z - [Leads] Entered getViolations
2026-07-18T10:42:39.349Z - [Leads] User: fc139c17-d8ba-40f0-8fc0-de857274c943, Role: admin
2026-07-18T10:42:39.350Z - [Leads] Fetching visible users...
2026-07-18T10:42:40.285Z - Entered getDashboardStats
2026-07-18T10:42:40.287Z - [Analytics] User: fc139c17-d8ba-40f0-8fc0-de857274c943, Org: 23d99450-83e7-4382-9312-d07f083447c0, SuperAdmin: false
2026-07-18T10:42:40.288Z - [Analytics] Importing hierarchyUtils...
2026-07-18T10:42:40.292Z - [Analytics] Fetching visibleUserIds...
2026-07-18T10:42:40.939Z - [Leads] Visible users found: 13
2026-07-18T10:42:40.940Z - [Leads] [Leads] Querying Prisma with where: {"rotationViolation":true,"isDeleted":false,"organisationId":"23d99450-83e7-4382-9312-d07f083447c0","previousOwnerId":{"in":["fc139c17-d8ba-40f0-8fc0-de857274c943","6d5e601a-d676-4cc6-a860-1a65d3734dab","c68a8236-7b93-4ff3-be69-01297ecfaceb","86498817-2f82-4695-ac75-4feae00ba43b","3b2c2b6a-7ec1-48cb-b98e-4ce026c6a984","2dc472bd-b2a9-4f5b-9066-b0561963cafe","941754a0-1107-4c7c-b7db-980d23df8557","5dac5c27-9d02-455e-bb18-022d0f9afc43","a98aa35e-414a-4939-b425-e0455bfe7eb7","59c25921-95e6-45bd-b7ad-0a07d7079537","6fbc44cd-4167-4571-8198-953e7281a059","9bd78fcd-deeb-4106-a5ec-68a6df672b97","4a6fae60-0298-4026-b0b6-378ed0ec880b"]}}
2026-07-18T10:42:41.041Z - [Leads] [Leads] Violations found: 0
2026-07-18T10:42:41.186Z - [Analytics] Visible users: 13
2026-07-18T10:42:44.888Z - [Leads] Entered getViolations
2026-07-18T10:42:44.891Z - [Leads] User: fc139c17-d8ba-40f0-8fc0-de857274c943, Role: admin
2026-07-18T10:42:44.893Z - [Leads] Fetching visible users...
2026-07-18T10:42:46.093Z - [Leads] Visible users found: 13
2026-07-18T10:42:46.094Z - [Leads] [Leads] Querying Prisma with where: {"rotationViolation":true,"isDeleted":false,"organisationId":"23d99450-83e7-4382-9312-d07f083447c0","previousOwnerId":{"in":["fc139c17-d8ba-40f0-8fc0-de857274c943","6d5e601a-d676-4cc6-a860-1a65d3734dab","c68a8236-7b93-4ff3-be69-01297ecfaceb","86498817-2f82-4695-ac75-4feae00ba43b","3b2c2b6a-7ec1-48cb-b98e-4ce026c6a984","2dc472bd-b2a9-4f5b-9066-b0561963cafe","941754a0-1107-4c7c-b7db-980d23df8557","5dac5c27-9d02-455e-bb18-022d0f9afc43","a98aa35e-414a-4939-b425-e0455bfe7eb7","59c25921-95e6-45bd-b7ad-0a07d7079537","6fbc44cd-4167-4571-8198-953e7281a059","9bd78fcd-deeb-4106-a5ec-68a6df672b97","4a6fae60-0298-4026-b0b6-378ed0ec880b"]}}
2026-07-18T10:42:46.220Z - [Leads] [Leads] Violations found: 0
2026-07-18T10:43:44.527Z - Entered getDashboardStats
2026-07-18T10:43:44.532Z - [Analytics] User: fc139c17-d8ba-40f0-8fc0-de857274c943, Org: 23d99450-83e7-4382-9312-d07f083447c0, SuperAdmin: false
2026-07-18T10:43:44.535Z - [Analytics] Importing hierarchyUtils...
2026-07-18T10:43:44.537Z - [Analytics] Fetching visibleUserIds...
2026-07-18T10:43:46.738Z - [Analytics] Visible users: 13
2026-07-18T10:43:46.961Z - [Leads] Entered getViolations
2026-07-18T10:43:46.963Z - [Leads] User: fc139c17-d8ba-40f0-8fc0-de857274c943, Role: admin
2026-07-18T10:43:46.965Z - [Leads] Fetching visible users...
2026-07-18T10:43:50.214Z - [Leads] Visible users found: 13
2026-07-18T10:43:50.217Z - [Leads] [Leads] Querying Prisma with where: {"rotationViolation":true,"isDeleted":false,"organisationId":"23d99450-83e7-4382-9312-d07f083447c0","previousOwnerId":{"in":["fc139c17-d8ba-40f0-8fc0-de857274c943","6d5e601a-d676-4cc6-a860-1a65d3734dab","c68a8236-7b93-4ff3-be69-01297ecfaceb","86498817-2f82-4695-ac75-4feae00ba43b","3b2c2b6a-7ec1-48cb-b98e-4ce026c6a984","2dc472bd-b2a9-4f5b-9066-b0561963cafe","941754a0-1107-4c7c-b7db-980d23df8557","5dac5c27-9d02-455e-bb18-022d0f9afc43","a98aa35e-414a-4939-b425-e0455bfe7eb7","59c25921-95e6-45bd-b7ad-0a07d7079537","6fbc44cd-4167-4571-8198-953e7281a059","9bd78fcd-deeb-4106-a5ec-68a6df672b97","4a6fae60-0298-4026-b0b6-378ed0ec880b"]}}
2026-07-18T10:43:50.344Z - [Leads] [Leads] Violations found: 0
2026-07-18T10:44:21.975Z - Entered getDashboardStats
2026-07-18T10:44:21.976Z - [Analytics] User: fc139c17-d8ba-40f0-8fc0-de857274c943, Org: 23d99450-83e7-4382-9312-d07f083447c0, SuperAdmin: false
2026-07-18T10:44:21.978Z - [Analytics] Importing hierarchyUtils...
2026-07-18T10:44:21.981Z - [Analytics] Fetching visibleUserIds...
2026-07-18T10:44:22.171Z - [Leads] Entered getViolations
2026-07-18T10:44:22.172Z - [Leads] User: fc139c17-d8ba-40f0-8fc0-de857274c943, Role: admin
2026-07-18T10:44:22.178Z - [Leads] Fetching visible users...
2026-07-18T10:44:23.449Z - [Analytics] Visible users: 13
2026-07-18T10:44:23.464Z - [Leads] Visible users found: 13
2026-07-18T10:44:23.468Z - [Leads] [Leads] Querying Prisma with where: {"rotationViolation":true,"isDeleted":false,"organisationId":"23d99450-83e7-4382-9312-d07f083447c0","previousOwnerId":{"in":["fc139c17-d8ba-40f0-8fc0-de857274c943","6d5e601a-d676-4cc6-a860-1a65d3734dab","c68a8236-7b93-4ff3-be69-01297ecfaceb","86498817-2f82-4695-ac75-4feae00ba43b","3b2c2b6a-7ec1-48cb-b98e-4ce026c6a984","2dc472bd-b2a9-4f5b-9066-b0561963cafe","941754a0-1107-4c7c-b7db-980d23df8557","5dac5c27-9d02-455e-bb18-022d0f9afc43","a98aa35e-414a-4939-b425-e0455bfe7eb7","59c25921-95e6-45bd-b7ad-0a07d7079537","6fbc44cd-4167-4571-8198-953e7281a059","9bd78fcd-deeb-4106-a5ec-68a6df672b97","4a6fae60-0298-4026-b0b6-378ed0ec880b"]}}
2026-07-18T10:44:23.906Z - [Leads] [Leads] Violations found: 0
2026-07-18T10:45:24.316Z - [Leads] Entered getViolations
2026-07-18T10:45:24.319Z - [Leads] User: fc139c17-d8ba-40f0-8fc0-de857274c943, Role: admin
2026-07-18T10:45:24.320Z - [Leads] Fetching visible users...
2026-07-18T10:45:25.146Z - [Leads] Visible users found: 13
2026-07-18T10:45:25.147Z - [Leads] [Leads] Querying Prisma with where: {"rotationViolation":true,"isDeleted":false,"organisationId":"23d99450-83e7-4382-9312-d07f083447c0","previousOwnerId":{"in":["fc139c17-d8ba-40f0-8fc0-de857274c943","6d5e601a-d676-4cc6-a860-1a65d3734dab","c68a8236-7b93-4ff3-be69-01297ecfaceb","86498817-2f82-4695-ac75-4feae00ba43b","3b2c2b6a-7ec1-48cb-b98e-4ce026c6a984","2dc472bd-b2a9-4f5b-9066-b0561963cafe","941754a0-1107-4c7c-b7db-980d23df8557","5dac5c27-9d02-455e-bb18-022d0f9afc43","a98aa35e-414a-4939-b425-e0455bfe7eb7","59c25921-95e6-45bd-b7ad-0a07d7079537","6fbc44cd-4167-4571-8198-953e7281a059","9bd78fcd-deeb-4106-a5ec-68a6df672b97","4a6fae60-0298-4026-b0b6-378ed0ec880b"]}}
2026-07-18T10:45:25.211Z - [Leads] [Leads] Violations found: 0
2026-07-18T10:45:43.609Z - [Leads] Entered getViolations
2026-07-18T10:45:43.612Z - [Leads] User: fc139c17-d8ba-40f0-8fc0-de857274c943, Role: admin
2026-07-18T10:45:43.614Z - [Leads] Fetching visible users...
2026-07-18T10:45:44.560Z - [Leads] Visible users found: 13
2026-07-18T10:45:44.562Z - [Leads] [Leads] Querying Prisma with where: {"rotationViolation":true,"isDeleted":false,"organisationId":"23d99450-83e7-4382-9312-d07f083447c0","previousOwnerId":{"in":["fc139c17-d8ba-40f0-8fc0-de857274c943","6d5e601a-d676-4cc6-a860-1a65d3734dab","c68a8236-7b93-4ff3-be69-01297ecfaceb","86498817-2f82-4695-ac75-4feae00ba43b","3b2c2b6a-7ec1-48cb-b98e-4ce026c6a984","2dc472bd-b2a9-4f5b-9066-b0561963cafe","941754a0-1107-4c7c-b7db-980d23df8557","5dac5c27-9d02-455e-bb18-022d0f9afc43","a98aa35e-414a-4939-b425-e0455bfe7eb7","59c25921-95e6-45bd-b7ad-0a07d7079537","6fbc44cd-4167-4571-8198-953e7281a059","9bd78fcd-deeb-4106-a5ec-68a6df672b97","4a6fae60-0298-4026-b0b6-378ed0ec880b"]}}
2026-07-18T10:45:44.658Z - [Leads] [Leads] Violations found: 0
2026-07-18T10:46:25.439Z - [Leads] Entered getViolations
2026-07-18T10:46:25.440Z - [Leads] User: fc139c17-d8ba-40f0-8fc0-de857274c943, Role: admin
2026-07-18T10:46:25.442Z - [Leads] Fetching visible users...
2026-07-18T10:46:26.144Z - [Leads] Visible users found: 13
2026-07-18T10:46:26.145Z - [Leads] [Leads] Querying Prisma with where: {"rotationViolation":true,"isDeleted":false,"organisationId":"23d99450-83e7-4382-9312-d07f083447c0","previousOwnerId":{"in":["fc139c17-d8ba-40f0-8fc0-de857274c943","6d5e601a-d676-4cc6-a860-1a65d3734dab","c68a8236-7b93-4ff3-be69-01297ecfaceb","86498817-2f82-4695-ac75-4feae00ba43b","3b2c2b6a-7ec1-48cb-b98e-4ce026c6a984","2dc472bd-b2a9-4f5b-9066-b0561963cafe","941754a0-1107-4c7c-b7db-980d23df8557","5dac5c27-9d02-455e-bb18-022d0f9afc43","a98aa35e-414a-4939-b425-e0455bfe7eb7","59c25921-95e6-45bd-b7ad-0a07d7079537","6fbc44cd-4167-4571-8198-953e7281a059","9bd78fcd-deeb-4106-a5ec-68a6df672b97","4a6fae60-0298-4026-b0b6-378ed0ec880b"]}}
2026-07-18T10:46:26.191Z - [Leads] [Leads] Violations found: 0
2026-07-18T10:47:26.644Z - [Leads] Entered getViolations
2026-07-18T10:47:26.646Z - [Leads] User: fc139c17-d8ba-40f0-8fc0-de857274c943, Role: admin
2026-07-18T10:47:26.647Z - [Leads] Fetching visible users...
2026-07-18T10:47:28.243Z - [Leads] Visible users found: 13
2026-07-18T10:47:28.244Z - [Leads] [Leads] Querying Prisma with where: {"rotationViolation":true,"isDeleted":false,"organisationId":"23d99450-83e7-4382-9312-d07f083447c0","previousOwnerId":{"in":["fc139c17-d8ba-40f0-8fc0-de857274c943","6d5e601a-d676-4cc6-a860-1a65d3734dab","c68a8236-7b93-4ff3-be69-01297ecfaceb","86498817-2f82-4695-ac75-4feae00ba43b","3b2c2b6a-7ec1-48cb-b98e-4ce026c6a984","2dc472bd-b2a9-4f5b-9066-b0561963cafe","941754a0-1107-4c7c-b7db-980d23df8557","5dac5c27-9d02-455e-bb18-022d0f9afc43","a98aa35e-414a-4939-b425-e0455bfe7eb7","59c25921-95e6-45bd-b7ad-0a07d7079537","6fbc44cd-4167-4571-8198-953e7281a059","9bd78fcd-deeb-4106-a5ec-68a6df672b97","4a6fae60-0298-4026-b0b6-378ed0ec880b"]}}
2026-07-18T10:47:28.336Z - [Leads] [Leads] Violations found: 0
2026-07-18T10:47:52.700Z - Entered getDashboardStats
2026-07-18T10:47:52.702Z - [Analytics] User: fc139c17-d8ba-40f0-8fc0-de857274c943, Org: 23d99450-83e7-4382-9312-d07f083447c0, SuperAdmin: false
2026-07-18T10:47:52.704Z - [Analytics] Importing hierarchyUtils...
2026-07-18T10:47:52.707Z - [Analytics] Fetching visibleUserIds...
2026-07-18T10:47:52.773Z - [Leads] Entered getViolations
2026-07-18T10:47:52.776Z - [Leads] User: fc139c17-d8ba-40f0-8fc0-de857274c943, Role: admin
2026-07-18T10:47:52.780Z - [Leads] Fetching visible users...
2026-07-18T10:47:53.619Z - [Analytics] Visible users: 13
2026-07-18T10:47:53.946Z - [Leads] Visible users found: 13
2026-07-18T10:47:53.954Z - [Leads] [Leads] Querying Prisma with where: {"rotationViolation":true,"isDeleted":false,"organisationId":"23d99450-83e7-4382-9312-d07f083447c0","previousOwnerId":{"in":["fc139c17-d8ba-40f0-8fc0-de857274c943","6d5e601a-d676-4cc6-a860-1a65d3734dab","c68a8236-7b93-4ff3-be69-01297ecfaceb","86498817-2f82-4695-ac75-4feae00ba43b","3b2c2b6a-7ec1-48cb-b98e-4ce026c6a984","2dc472bd-b2a9-4f5b-9066-b0561963cafe","941754a0-1107-4c7c-b7db-980d23df8557","5dac5c27-9d02-455e-bb18-022d0f9afc43","a98aa35e-414a-4939-b425-e0455bfe7eb7","59c25921-95e6-45bd-b7ad-0a07d7079537","6fbc44cd-4167-4571-8198-953e7281a059","9bd78fcd-deeb-4106-a5ec-68a6df672b97","4a6fae60-0298-4026-b0b6-378ed0ec880b"]}}
2026-07-18T10:47:54.074Z - [Leads] [Leads] Violations found: 0
2026-07-18T10:48:28.677Z - [Leads] Entered getViolations
2026-07-18T10:48:28.679Z - [Leads] User: fc139c17-d8ba-40f0-8fc0-de857274c943, Role: admin
2026-07-18T10:48:28.680Z - [Leads] Fetching visible users...
2026-07-18T10:48:29.758Z - [Leads] Visible users found: 13
2026-07-18T10:48:29.759Z - [Leads] [Leads] Querying Prisma with where: {"rotationViolation":true,"isDeleted":false,"organisationId":"23d99450-83e7-4382-9312-d07f083447c0","previousOwnerId":{"in":["fc139c17-d8ba-40f0-8fc0-de857274c943","6d5e601a-d676-4cc6-a860-1a65d3734dab","c68a8236-7b93-4ff3-be69-01297ecfaceb","86498817-2f82-4695-ac75-4feae00ba43b","3b2c2b6a-7ec1-48cb-b98e-4ce026c6a984","2dc472bd-b2a9-4f5b-9066-b0561963cafe","941754a0-1107-4c7c-b7db-980d23df8557","5dac5c27-9d02-455e-bb18-022d0f9afc43","a98aa35e-414a-4939-b425-e0455bfe7eb7","59c25921-95e6-45bd-b7ad-0a07d7079537","6fbc44cd-4167-4571-8198-953e7281a059","9bd78fcd-deeb-4106-a5ec-68a6df672b97","4a6fae60-0298-4026-b0b6-378ed0ec880b"]}}
2026-07-18T10:48:29.861Z - [Leads] [Leads] Violations found: 0
2026-07-18T10:49:30.210Z - [Leads] Entered getViolations
2026-07-18T10:49:30.212Z - [Leads] User: fc139c17-d8ba-40f0-8fc0-de857274c943, Role: admin
2026-07-18T10:49:30.213Z - [Leads] Fetching visible users...
2026-07-18T10:49:31.043Z - [Leads] Visible users found: 13
2026-07-18T10:49:31.044Z - [Leads] [Leads] Querying Prisma with where: {"rotationViolation":true,"isDeleted":false,"organisationId":"23d99450-83e7-4382-9312-d07f083447c0","previousOwnerId":{"in":["fc139c17-d8ba-40f0-8fc0-de857274c943","6d5e601a-d676-4cc6-a860-1a65d3734dab","c68a8236-7b93-4ff3-be69-01297ecfaceb","86498817-2f82-4695-ac75-4feae00ba43b","3b2c2b6a-7ec1-48cb-b98e-4ce026c6a984","2dc472bd-b2a9-4f5b-9066-b0561963cafe","941754a0-1107-4c7c-b7db-980d23df8557","5dac5c27-9d02-455e-bb18-022d0f9afc43","a98aa35e-414a-4939-b425-e0455bfe7eb7","59c25921-95e6-45bd-b7ad-0a07d7079537","6fbc44cd-4167-4571-8198-953e7281a059","9bd78fcd-deeb-4106-a5ec-68a6df672b97","4a6fae60-0298-4026-b0b6-378ed0ec880b"]}}
2026-07-18T10:49:31.094Z - [Leads] [Leads] Violations found: 0
2026-07-18T10:49:35.658Z - Entered getDashboardStats
2026-07-18T10:49:35.660Z - [Analytics] User: fc139c17-d8ba-40f0-8fc0-de857274c943, Org: 23d99450-83e7-4382-9312-d07f083447c0, SuperAdmin: false
2026-07-18T10:49:35.662Z - [Analytics] Importing hierarchyUtils...
2026-07-18T10:49:35.664Z - [Analytics] Fetching visibleUserIds...
2026-07-18T10:49:36.370Z - [Analytics] Visible users: 13
2026-07-18T10:50:31.404Z - [Leads] Entered getViolations
2026-07-18T10:50:31.405Z - [Leads] User: fc139c17-d8ba-40f0-8fc0-de857274c943, Role: admin
2026-07-18T10:50:31.406Z - [Leads] Fetching visible users...
2026-07-18T10:50:32.448Z - [Leads] Visible users found: 13
2026-07-18T10:50:32.449Z - [Leads] [Leads] Querying Prisma with where: {"rotationViolation":true,"isDeleted":false,"organisationId":"23d99450-83e7-4382-9312-d07f083447c0","previousOwnerId":{"in":["fc139c17-d8ba-40f0-8fc0-de857274c943","6d5e601a-d676-4cc6-a860-1a65d3734dab","c68a8236-7b93-4ff3-be69-01297ecfaceb","86498817-2f82-4695-ac75-4feae00ba43b","3b2c2b6a-7ec1-48cb-b98e-4ce026c6a984","2dc472bd-b2a9-4f5b-9066-b0561963cafe","941754a0-1107-4c7c-b7db-980d23df8557","5dac5c27-9d02-455e-bb18-022d0f9afc43","a98aa35e-414a-4939-b425-e0455bfe7eb7","59c25921-95e6-45bd-b7ad-0a07d7079537","6fbc44cd-4167-4571-8198-953e7281a059","9bd78fcd-deeb-4106-a5ec-68a6df672b97","4a6fae60-0298-4026-b0b6-378ed0ec880b"]}}
2026-07-18T10:50:32.563Z - [Leads] [Leads] Violations found: 0
2026-07-18T10:50:47.555Z - Entered getDashboardStats
2026-07-18T10:50:47.557Z - [Analytics] User: fc139c17-d8ba-40f0-8fc0-de857274c943, Org: 23d99450-83e7-4382-9312-d07f083447c0, SuperAdmin: false
2026-07-18T10:50:47.558Z - [Analytics] Importing hierarchyUtils...
2026-07-18T10:50:47.561Z - [Analytics] Fetching visibleUserIds...
2026-07-18T10:50:47.796Z - [Leads] Entered getViolations
2026-07-18T10:50:47.797Z - [Leads] User: fc139c17-d8ba-40f0-8fc0-de857274c943, Role: admin
2026-07-18T10:50:47.798Z - [Leads] Fetching visible users...
2026-07-18T10:50:48.499Z - [Analytics] Visible users: 13
2026-07-18T10:50:48.694Z - [Leads] Visible users found: 13
2026-07-18T10:50:48.695Z - [Leads] [Leads] Querying Prisma with where: {"rotationViolation":true,"isDeleted":false,"organisationId":"23d99450-83e7-4382-9312-d07f083447c0","previousOwnerId":{"in":["fc139c17-d8ba-40f0-8fc0-de857274c943","6d5e601a-d676-4cc6-a860-1a65d3734dab","c68a8236-7b93-4ff3-be69-01297ecfaceb","86498817-2f82-4695-ac75-4feae00ba43b","3b2c2b6a-7ec1-48cb-b98e-4ce026c6a984","2dc472bd-b2a9-4f5b-9066-b0561963cafe","941754a0-1107-4c7c-b7db-980d23df8557","5dac5c27-9d02-455e-bb18-022d0f9afc43","a98aa35e-414a-4939-b425-e0455bfe7eb7","59c25921-95e6-45bd-b7ad-0a07d7079537","6fbc44cd-4167-4571-8198-953e7281a059","9bd78fcd-deeb-4106-a5ec-68a6df672b97","4a6fae60-0298-4026-b0b6-378ed0ec880b"]}}
2026-07-18T10:50:48.771Z - [Leads] [Leads] Violations found: 0
2026-07-18T10:51:20.923Z - Entered getDashboardStats
2026-07-18T10:51:20.924Z - [Analytics] User: fc139c17-d8ba-40f0-8fc0-de857274c943, Org: 23d99450-83e7-4382-9312-d07f083447c0, SuperAdmin: false
2026-07-18T10:51:20.926Z - [Analytics] Importing hierarchyUtils...
2026-07-18T10:51:20.928Z - [Analytics] Fetching visibleUserIds...
2026-07-18T10:51:21.187Z - [Leads] Entered getViolations
2026-07-18T10:51:21.188Z - [Leads] User: fc139c17-d8ba-40f0-8fc0-de857274c943, Role: admin
2026-07-18T10:51:21.190Z - [Leads] Fetching visible users...
2026-07-18T10:51:22.014Z - [Analytics] Visible users: 13
2026-07-18T10:51:22.252Z - [Leads] Visible users found: 13
2026-07-18T10:51:22.256Z - [Leads] [Leads] Querying Prisma with where: {"rotationViolation":true,"isDeleted":false,"organisationId":"23d99450-83e7-4382-9312-d07f083447c0","previousOwnerId":{"in":["fc139c17-d8ba-40f0-8fc0-de857274c943","6d5e601a-d676-4cc6-a860-1a65d3734dab","c68a8236-7b93-4ff3-be69-01297ecfaceb","86498817-2f82-4695-ac75-4feae00ba43b","3b2c2b6a-7ec1-48cb-b98e-4ce026c6a984","2dc472bd-b2a9-4f5b-9066-b0561963cafe","941754a0-1107-4c7c-b7db-980d23df8557","5dac5c27-9d02-455e-bb18-022d0f9afc43","a98aa35e-414a-4939-b425-e0455bfe7eb7","59c25921-95e6-45bd-b7ad-0a07d7079537","6fbc44cd-4167-4571-8198-953e7281a059","9bd78fcd-deeb-4106-a5ec-68a6df672b97","4a6fae60-0298-4026-b0b6-378ed0ec880b"]}}
2026-07-18T10:51:22.341Z - [Leads] [Leads] Violations found: 0
2026-07-18T10:52:22.600Z - [Leads] Entered getViolations
2026-07-18T10:52:22.601Z - [Leads] User: fc139c17-d8ba-40f0-8fc0-de857274c943, Role: admin
2026-07-18T10:52:22.602Z - [Leads] Fetching visible users...
2026-07-18T10:52:23.389Z - [Leads] Visible users found: 13
2026-07-18T10:52:23.391Z - [Leads] [Leads] Querying Prisma with where: {"rotationViolation":true,"isDeleted":false,"organisationId":"23d99450-83e7-4382-9312-d07f083447c0","previousOwnerId":{"in":["fc139c17-d8ba-40f0-8fc0-de857274c943","6d5e601a-d676-4cc6-a860-1a65d3734dab","c68a8236-7b93-4ff3-be69-01297ecfaceb","86498817-2f82-4695-ac75-4feae00ba43b","3b2c2b6a-7ec1-48cb-b98e-4ce026c6a984","2dc472bd-b2a9-4f5b-9066-b0561963cafe","941754a0-1107-4c7c-b7db-980d23df8557","5dac5c27-9d02-455e-bb18-022d0f9afc43","a98aa35e-414a-4939-b425-e0455bfe7eb7","59c25921-95e6-45bd-b7ad-0a07d7079537","6fbc44cd-4167-4571-8198-953e7281a059","9bd78fcd-deeb-4106-a5ec-68a6df672b97","4a6fae60-0298-4026-b0b6-378ed0ec880b"]}}
2026-07-18T10:52:23.520Z - [Leads] [Leads] Violations found: 0
2026-07-18T10:52:39.300Z - Entered getDashboardStats
2026-07-18T10:52:39.302Z - [Analytics] User: fc139c17-d8ba-40f0-8fc0-de857274c943, Org: 23d99450-83e7-4382-9312-d07f083447c0, SuperAdmin: false
2026-07-18T10:52:39.303Z - [Analytics] Importing hierarchyUtils...
2026-07-18T10:52:39.305Z - [Analytics] Fetching visibleUserIds...
2026-07-18T10:52:39.586Z - [Leads] Entered getViolations
2026-07-18T10:52:39.587Z - [Leads] User: fc139c17-d8ba-40f0-8fc0-de857274c943, Role: admin
2026-07-18T10:52:39.588Z - [Leads] Fetching visible users...
2026-07-18T10:52:40.161Z - [Analytics] Visible users: 13
2026-07-18T10:52:40.302Z - [Leads] Visible users found: 13
2026-07-18T10:52:40.304Z - [Leads] [Leads] Querying Prisma with where: {"rotationViolation":true,"isDeleted":false,"organisationId":"23d99450-83e7-4382-9312-d07f083447c0","previousOwnerId":{"in":["fc139c17-d8ba-40f0-8fc0-de857274c943","6d5e601a-d676-4cc6-a860-1a65d3734dab","c68a8236-7b93-4ff3-be69-01297ecfaceb","86498817-2f82-4695-ac75-4feae00ba43b","3b2c2b6a-7ec1-48cb-b98e-4ce026c6a984","2dc472bd-b2a9-4f5b-9066-b0561963cafe","941754a0-1107-4c7c-b7db-980d23df8557","5dac5c27-9d02-455e-bb18-022d0f9afc43","a98aa35e-414a-4939-b425-e0455bfe7eb7","59c25921-95e6-45bd-b7ad-0a07d7079537","6fbc44cd-4167-4571-8198-953e7281a059","9bd78fcd-deeb-4106-a5ec-68a6df672b97","4a6fae60-0298-4026-b0b6-378ed0ec880b"]}}
2026-07-18T10:52:40.385Z - [Leads] [Leads] Violations found: 0
2026-07-18T10:53:40.991Z - [Leads] Entered getViolations
2026-07-18T10:53:40.992Z - [Leads] User: fc139c17-d8ba-40f0-8fc0-de857274c943, Role: admin
2026-07-18T10:53:40.999Z - [Leads] Fetching visible users...
2026-07-18T10:53:42.671Z - [Leads] Visible users found: 13
2026-07-18T10:53:42.674Z - [Leads] [Leads] Querying Prisma with where: {"rotationViolation":true,"isDeleted":false,"organisationId":"23d99450-83e7-4382-9312-d07f083447c0","previousOwnerId":{"in":["fc139c17-d8ba-40f0-8fc0-de857274c943","6d5e601a-d676-4cc6-a860-1a65d3734dab","c68a8236-7b93-4ff3-be69-01297ecfaceb","86498817-2f82-4695-ac75-4feae00ba43b","3b2c2b6a-7ec1-48cb-b98e-4ce026c6a984","2dc472bd-b2a9-4f5b-9066-b0561963cafe","941754a0-1107-4c7c-b7db-980d23df8557","5dac5c27-9d02-455e-bb18-022d0f9afc43","a98aa35e-414a-4939-b425-e0455bfe7eb7","59c25921-95e6-45bd-b7ad-0a07d7079537","6fbc44cd-4167-4571-8198-953e7281a059","9bd78fcd-deeb-4106-a5ec-68a6df672b97","4a6fae60-0298-4026-b0b6-378ed0ec880b"]}}
2026-07-18T10:53:42.793Z - [Leads] [Leads] Violations found: 0
2026-07-18T10:54:43.074Z - [Leads] Entered getViolations
2026-07-18T10:54:43.075Z - [Leads] User: fc139c17-d8ba-40f0-8fc0-de857274c943, Role: admin
2026-07-18T10:54:43.076Z - [Leads] Fetching visible users...
2026-07-18T10:54:43.867Z - [Leads] Visible users found: 13
2026-07-18T10:54:43.868Z - [Leads] [Leads] Querying Prisma with where: {"rotationViolation":true,"isDeleted":false,"organisationId":"23d99450-83e7-4382-9312-d07f083447c0","previousOwnerId":{"in":["fc139c17-d8ba-40f0-8fc0-de857274c943","6d5e601a-d676-4cc6-a860-1a65d3734dab","c68a8236-7b93-4ff3-be69-01297ecfaceb","86498817-2f82-4695-ac75-4feae00ba43b","3b2c2b6a-7ec1-48cb-b98e-4ce026c6a984","2dc472bd-b2a9-4f5b-9066-b0561963cafe","941754a0-1107-4c7c-b7db-980d23df8557","5dac5c27-9d02-455e-bb18-022d0f9afc43","a98aa35e-414a-4939-b425-e0455bfe7eb7","59c25921-95e6-45bd-b7ad-0a07d7079537","6fbc44cd-4167-4571-8198-953e7281a059","9bd78fcd-deeb-4106-a5ec-68a6df672b97","4a6fae60-0298-4026-b0b6-378ed0ec880b"]}}
2026-07-18T10:54:43.940Z - [Leads] [Leads] Violations found: 0
2026-07-18T10:55:29.678Z - Entered getDashboardStats
2026-07-18T10:55:29.680Z - [Analytics] User: fc139c17-d8ba-40f0-8fc0-de857274c943, Org: 23d99450-83e7-4382-9312-d07f083447c0, SuperAdmin: false
2026-07-18T10:55:29.681Z - [Analytics] Importing hierarchyUtils...
2026-07-18T10:55:29.689Z - [Analytics] Fetching visibleUserIds...
2026-07-18T10:55:30.131Z - [Leads] Entered getViolations
2026-07-18T10:55:30.133Z - [Leads] User: fc139c17-d8ba-40f0-8fc0-de857274c943, Role: admin
2026-07-18T10:55:30.133Z - [Leads] Fetching visible users...
2026-07-18T10:55:30.697Z - [Analytics] Visible users: 13
2026-07-18T10:55:30.858Z - [Leads] Visible users found: 13
2026-07-18T10:55:30.859Z - [Leads] [Leads] Querying Prisma with where: {"rotationViolation":true,"isDeleted":false,"organisationId":"23d99450-83e7-4382-9312-d07f083447c0","previousOwnerId":{"in":["fc139c17-d8ba-40f0-8fc0-de857274c943","6d5e601a-d676-4cc6-a860-1a65d3734dab","c68a8236-7b93-4ff3-be69-01297ecfaceb","86498817-2f82-4695-ac75-4feae00ba43b","3b2c2b6a-7ec1-48cb-b98e-4ce026c6a984","2dc472bd-b2a9-4f5b-9066-b0561963cafe","941754a0-1107-4c7c-b7db-980d23df8557","5dac5c27-9d02-455e-bb18-022d0f9afc43","a98aa35e-414a-4939-b425-e0455bfe7eb7","59c25921-95e6-45bd-b7ad-0a07d7079537","6fbc44cd-4167-4571-8198-953e7281a059","9bd78fcd-deeb-4106-a5ec-68a6df672b97","4a6fae60-0298-4026-b0b6-378ed0ec880b"]}}
2026-07-18T10:55:30.912Z - [Leads] [Leads] Violations found: 0
2026-07-18T10:56:31.159Z - [Leads] Entered getViolations
2026-07-18T10:56:31.162Z - [Leads] User: fc139c17-d8ba-40f0-8fc0-de857274c943, Role: admin
2026-07-18T10:56:31.163Z - [Leads] Fetching visible users...
2026-07-18T10:56:31.869Z - [Leads] Visible users found: 13
2026-07-18T10:56:31.871Z - [Leads] [Leads] Querying Prisma with where: {"rotationViolation":true,"isDeleted":false,"organisationId":"23d99450-83e7-4382-9312-d07f083447c0","previousOwnerId":{"in":["fc139c17-d8ba-40f0-8fc0-de857274c943","6d5e601a-d676-4cc6-a860-1a65d3734dab","c68a8236-7b93-4ff3-be69-01297ecfaceb","86498817-2f82-4695-ac75-4feae00ba43b","3b2c2b6a-7ec1-48cb-b98e-4ce026c6a984","2dc472bd-b2a9-4f5b-9066-b0561963cafe","941754a0-1107-4c7c-b7db-980d23df8557","5dac5c27-9d02-455e-bb18-022d0f9afc43","a98aa35e-414a-4939-b425-e0455bfe7eb7","59c25921-95e6-45bd-b7ad-0a07d7079537","6fbc44cd-4167-4571-8198-953e7281a059","9bd78fcd-deeb-4106-a5ec-68a6df672b97","4a6fae60-0298-4026-b0b6-378ed0ec880b"]}}
2026-07-18T10:56:31.956Z - [Leads] [Leads] Violations found: 0
2026-07-18T10:57:28.908Z - Entered getDashboardStats
2026-07-18T10:57:28.909Z - [Analytics] User: fc139c17-d8ba-40f0-8fc0-de857274c943, Org: 23d99450-83e7-4382-9312-d07f083447c0, SuperAdmin: false
2026-07-18T10:57:28.910Z - [Analytics] Importing hierarchyUtils...
2026-07-18T10:57:28.913Z - [Analytics] Fetching visibleUserIds...
2026-07-18T10:57:29.119Z - [Leads] Entered getViolations
2026-07-18T10:57:29.123Z - [Leads] User: fc139c17-d8ba-40f0-8fc0-de857274c943, Role: admin
2026-07-18T10:57:29.125Z - [Leads] Fetching visible users...
2026-07-18T10:57:29.960Z - [Analytics] Visible users: 13
2026-07-18T10:57:30.134Z - [Leads] Visible users found: 13
2026-07-18T10:57:30.136Z - [Leads] [Leads] Querying Prisma with where: {"rotationViolation":true,"isDeleted":false,"organisationId":"23d99450-83e7-4382-9312-d07f083447c0","previousOwnerId":{"in":["fc139c17-d8ba-40f0-8fc0-de857274c943","6d5e601a-d676-4cc6-a860-1a65d3734dab","c68a8236-7b93-4ff3-be69-01297ecfaceb","86498817-2f82-4695-ac75-4feae00ba43b","3b2c2b6a-7ec1-48cb-b98e-4ce026c6a984","2dc472bd-b2a9-4f5b-9066-b0561963cafe","941754a0-1107-4c7c-b7db-980d23df8557","5dac5c27-9d02-455e-bb18-022d0f9afc43","a98aa35e-414a-4939-b425-e0455bfe7eb7","59c25921-95e6-45bd-b7ad-0a07d7079537","6fbc44cd-4167-4571-8198-953e7281a059","9bd78fcd-deeb-4106-a5ec-68a6df672b97","4a6fae60-0298-4026-b0b6-378ed0ec880b"]}}
2026-07-18T10:57:30.218Z - [Leads] [Leads] Violations found: 0
2026-07-18T10:57:48.458Z - Entered getDashboardStats
2026-07-18T10:57:48.460Z - [Analytics] User: fc139c17-d8ba-40f0-8fc0-de857274c943, Org: 23d99450-83e7-4382-9312-d07f083447c0, SuperAdmin: false
2026-07-18T10:57:48.461Z - [Analytics] Importing hierarchyUtils...
2026-07-18T10:57:48.462Z - [Analytics] Fetching visibleUserIds...
2026-07-18T10:57:48.785Z - [Leads] Entered getViolations
2026-07-18T10:57:48.786Z - [Leads] User: fc139c17-d8ba-40f0-8fc0-de857274c943, Role: admin
2026-07-18T10:57:48.787Z - [Leads] Fetching visible users...
2026-07-18T10:57:49.663Z - [Analytics] Visible users: 13
2026-07-18T10:57:49.887Z - [Leads] Visible users found: 13
2026-07-18T10:57:49.888Z - [Leads] [Leads] Querying Prisma with where: {"rotationViolation":true,"isDeleted":false,"organisationId":"23d99450-83e7-4382-9312-d07f083447c0","previousOwnerId":{"in":["fc139c17-d8ba-40f0-8fc0-de857274c943","6d5e601a-d676-4cc6-a860-1a65d3734dab","c68a8236-7b93-4ff3-be69-01297ecfaceb","86498817-2f82-4695-ac75-4feae00ba43b","3b2c2b6a-7ec1-48cb-b98e-4ce026c6a984","2dc472bd-b2a9-4f5b-9066-b0561963cafe","941754a0-1107-4c7c-b7db-980d23df8557","5dac5c27-9d02-455e-bb18-022d0f9afc43","a98aa35e-414a-4939-b425-e0455bfe7eb7","59c25921-95e6-45bd-b7ad-0a07d7079537","6fbc44cd-4167-4571-8198-953e7281a059","9bd78fcd-deeb-4106-a5ec-68a6df672b97","4a6fae60-0298-4026-b0b6-378ed0ec880b"]}}
2026-07-18T10:57:50.002Z - [Leads] [Leads] Violations found: 0
2026-07-18T10:58:50.372Z - [Leads] Entered getViolations
2026-07-18T10:58:50.373Z - [Leads] User: fc139c17-d8ba-40f0-8fc0-de857274c943, Role: admin
2026-07-18T10:58:50.375Z - [Leads] Fetching visible users...
2026-07-18T10:58:51.205Z - [Leads] Visible users found: 13
2026-07-18T10:58:51.206Z - [Leads] [Leads] Querying Prisma with where: {"rotationViolation":true,"isDeleted":false,"organisationId":"23d99450-83e7-4382-9312-d07f083447c0","previousOwnerId":{"in":["fc139c17-d8ba-40f0-8fc0-de857274c943","6d5e601a-d676-4cc6-a860-1a65d3734dab","c68a8236-7b93-4ff3-be69-01297ecfaceb","86498817-2f82-4695-ac75-4feae00ba43b","3b2c2b6a-7ec1-48cb-b98e-4ce026c6a984","2dc472bd-b2a9-4f5b-9066-b0561963cafe","941754a0-1107-4c7c-b7db-980d23df8557","5dac5c27-9d02-455e-bb18-022d0f9afc43","a98aa35e-414a-4939-b425-e0455bfe7eb7","59c25921-95e6-45bd-b7ad-0a07d7079537","6fbc44cd-4167-4571-8198-953e7281a059","9bd78fcd-deeb-4106-a5ec-68a6df672b97","4a6fae60-0298-4026-b0b6-378ed0ec880b"]}}
2026-07-18T10:58:51.303Z - [Leads] [Leads] Violations found: 0
2026-07-18T10:59:46.594Z - [Leads] Entered getViolations
2026-07-18T10:59:46.599Z - [Leads] User: fc139c17-d8ba-40f0-8fc0-de857274c943, Role: admin
2026-07-18T10:59:46.601Z - [Leads] Fetching visible users...
2026-07-18T10:59:47.168Z - Entered getDashboardStats
2026-07-18T10:59:47.170Z - [Analytics] User: fc139c17-d8ba-40f0-8fc0-de857274c943, Org: 23d99450-83e7-4382-9312-d07f083447c0, SuperAdmin: false
2026-07-18T10:59:47.171Z - [Analytics] Importing hierarchyUtils...
2026-07-18T10:59:47.175Z - [Analytics] Fetching visibleUserIds...
2026-07-18T10:59:47.607Z - [Leads] Visible users found: 13
2026-07-18T10:59:47.609Z - [Leads] [Leads] Querying Prisma with where: {"rotationViolation":true,"isDeleted":false,"organisationId":"23d99450-83e7-4382-9312-d07f083447c0","previousOwnerId":{"in":["fc139c17-d8ba-40f0-8fc0-de857274c943","6d5e601a-d676-4cc6-a860-1a65d3734dab","c68a8236-7b93-4ff3-be69-01297ecfaceb","86498817-2f82-4695-ac75-4feae00ba43b","3b2c2b6a-7ec1-48cb-b98e-4ce026c6a984","2dc472bd-b2a9-4f5b-9066-b0561963cafe","941754a0-1107-4c7c-b7db-980d23df8557","5dac5c27-9d02-455e-bb18-022d0f9afc43","a98aa35e-414a-4939-b425-e0455bfe7eb7","59c25921-95e6-45bd-b7ad-0a07d7079537","6fbc44cd-4167-4571-8198-953e7281a059","9bd78fcd-deeb-4106-a5ec-68a6df672b97","4a6fae60-0298-4026-b0b6-378ed0ec880b"]}}
2026-07-18T10:59:47.756Z - [Leads] [Leads] Violations found: 0
2026-07-18T10:59:48.261Z - [Analytics] Visible users: 13
2026-07-18T10:59:51.700Z - [Leads] Entered getViolations
2026-07-18T10:59:51.701Z - [Leads] User: fc139c17-d8ba-40f0-8fc0-de857274c943, Role: admin
2026-07-18T10:59:51.702Z - [Leads] Fetching visible users...
2026-07-18T10:59:52.766Z - [Leads] Visible users found: 13
2026-07-18T10:59:52.767Z - [Leads] [Leads] Querying Prisma with where: {"rotationViolation":true,"isDeleted":false,"organisationId":"23d99450-83e7-4382-9312-d07f083447c0","previousOwnerId":{"in":["fc139c17-d8ba-40f0-8fc0-de857274c943","6d5e601a-d676-4cc6-a860-1a65d3734dab","c68a8236-7b93-4ff3-be69-01297ecfaceb","86498817-2f82-4695-ac75-4feae00ba43b","3b2c2b6a-7ec1-48cb-b98e-4ce026c6a984","2dc472bd-b2a9-4f5b-9066-b0561963cafe","941754a0-1107-4c7c-b7db-980d23df8557","5dac5c27-9d02-455e-bb18-022d0f9afc43","a98aa35e-414a-4939-b425-e0455bfe7eb7","59c25921-95e6-45bd-b7ad-0a07d7079537","6fbc44cd-4167-4571-8198-953e7281a059","9bd78fcd-deeb-4106-a5ec-68a6df672b97","4a6fae60-0298-4026-b0b6-378ed0ec880b"]}}
2026-07-18T10:59:52.866Z - [Leads] [Leads] Violations found: 0
2026-07-18T11:00:53.231Z - [Leads] Entered getViolations
2026-07-18T11:00:53.232Z - [Leads] User: fc139c17-d8ba-40f0-8fc0-de857274c943, Role: admin
2026-07-18T11:00:53.254Z - [Leads] Fetching visible users...
2026-07-18T11:00:54.404Z - [Leads] Visible users found: 13
2026-07-18T11:00:54.408Z - [Leads] [Leads] Querying Prisma with where: {"rotationViolation":true,"isDeleted":false,"organisationId":"23d99450-83e7-4382-9312-d07f083447c0","previousOwnerId":{"in":["fc139c17-d8ba-40f0-8fc0-de857274c943","6d5e601a-d676-4cc6-a860-1a65d3734dab","c68a8236-7b93-4ff3-be69-01297ecfaceb","86498817-2f82-4695-ac75-4feae00ba43b","3b2c2b6a-7ec1-48cb-b98e-4ce026c6a984","2dc472bd-b2a9-4f5b-9066-b0561963cafe","941754a0-1107-4c7c-b7db-980d23df8557","5dac5c27-9d02-455e-bb18-022d0f9afc43","a98aa35e-414a-4939-b425-e0455bfe7eb7","59c25921-95e6-45bd-b7ad-0a07d7079537","6fbc44cd-4167-4571-8198-953e7281a059","9bd78fcd-deeb-4106-a5ec-68a6df672b97","4a6fae60-0298-4026-b0b6-378ed0ec880b"]}}
2026-07-18T11:00:54.499Z - [Leads] [Leads] Violations found: 0
2026-07-18T11:01:54.819Z - [Leads] Entered getViolations
2026-07-18T11:01:54.820Z - [Leads] User: fc139c17-d8ba-40f0-8fc0-de857274c943, Role: admin
2026-07-18T11:01:54.821Z - [Leads] Fetching visible users...
2026-07-18T11:01:55.408Z - [Leads] Visible users found: 13
2026-07-18T11:01:55.410Z - [Leads] [Leads] Querying Prisma with where: {"rotationViolation":true,"isDeleted":false,"organisationId":"23d99450-83e7-4382-9312-d07f083447c0","previousOwnerId":{"in":["fc139c17-d8ba-40f0-8fc0-de857274c943","6d5e601a-d676-4cc6-a860-1a65d3734dab","c68a8236-7b93-4ff3-be69-01297ecfaceb","86498817-2f82-4695-ac75-4feae00ba43b","3b2c2b6a-7ec1-48cb-b98e-4ce026c6a984","2dc472bd-b2a9-4f5b-9066-b0561963cafe","941754a0-1107-4c7c-b7db-980d23df8557","5dac5c27-9d02-455e-bb18-022d0f9afc43","a98aa35e-414a-4939-b425-e0455bfe7eb7","59c25921-95e6-45bd-b7ad-0a07d7079537","6fbc44cd-4167-4571-8198-953e7281a059","9bd78fcd-deeb-4106-a5ec-68a6df672b97","4a6fae60-0298-4026-b0b6-378ed0ec880b"]}}
2026-07-18T11:01:55.449Z - [Leads] [Leads] Violations found: 0
2026-07-18T11:02:55.622Z - [Leads] Entered getViolations
2026-07-18T11:02:55.623Z - [Leads] User: fc139c17-d8ba-40f0-8fc0-de857274c943, Role: admin
2026-07-18T11:02:55.624Z - [Leads] Fetching visible users...
2026-07-18T11:02:56.209Z - [Leads] Visible users found: 13
2026-07-18T11:02:56.210Z - [Leads] [Leads] Querying Prisma with where: {"rotationViolation":true,"isDeleted":false,"organisationId":"23d99450-83e7-4382-9312-d07f083447c0","previousOwnerId":{"in":["fc139c17-d8ba-40f0-8fc0-de857274c943","6d5e601a-d676-4cc6-a860-1a65d3734dab","c68a8236-7b93-4ff3-be69-01297ecfaceb","86498817-2f82-4695-ac75-4feae00ba43b","3b2c2b6a-7ec1-48cb-b98e-4ce026c6a984","2dc472bd-b2a9-4f5b-9066-b0561963cafe","941754a0-1107-4c7c-b7db-980d23df8557","5dac5c27-9d02-455e-bb18-022d0f9afc43","a98aa35e-414a-4939-b425-e0455bfe7eb7","59c25921-95e6-45bd-b7ad-0a07d7079537","6fbc44cd-4167-4571-8198-953e7281a059","9bd78fcd-deeb-4106-a5ec-68a6df672b97","4a6fae60-0298-4026-b0b6-378ed0ec880b"]}}
2026-07-18T11:02:56.260Z - [Leads] [Leads] Violations found: 0
2026-07-18T11:03:56.459Z - [Leads] Entered getViolations
2026-07-18T11:03:56.461Z - [Leads] User: fc139c17-d8ba-40f0-8fc0-de857274c943, Role: admin
2026-07-18T11:03:56.462Z - [Leads] Fetching visible users...
2026-07-18T11:03:57.244Z - [Leads] Visible users found: 13
2026-07-18T11:03:57.246Z - [Leads] [Leads] Querying Prisma with where: {"rotationViolation":true,"isDeleted":false,"organisationId":"23d99450-83e7-4382-9312-d07f083447c0","previousOwnerId":{"in":["fc139c17-d8ba-40f0-8fc0-de857274c943","6d5e601a-d676-4cc6-a860-1a65d3734dab","c68a8236-7b93-4ff3-be69-01297ecfaceb","86498817-2f82-4695-ac75-4feae00ba43b","3b2c2b6a-7ec1-48cb-b98e-4ce026c6a984","2dc472bd-b2a9-4f5b-9066-b0561963cafe","941754a0-1107-4c7c-b7db-980d23df8557","5dac5c27-9d02-455e-bb18-022d0f9afc43","a98aa35e-414a-4939-b425-e0455bfe7eb7","59c25921-95e6-45bd-b7ad-0a07d7079537","6fbc44cd-4167-4571-8198-953e7281a059","9bd78fcd-deeb-4106-a5ec-68a6df672b97","4a6fae60-0298-4026-b0b6-378ed0ec880b"]}}
2026-07-18T11:03:57.311Z - [Leads] [Leads] Violations found: 0
2026-07-18T11:04:57.718Z - [Leads] Entered getViolations
2026-07-18T11:04:57.719Z - [Leads] User: fc139c17-d8ba-40f0-8fc0-de857274c943, Role: admin
2026-07-18T11:04:57.720Z - [Leads] Fetching visible users...
2026-07-18T11:04:58.467Z - [Leads] Visible users found: 13
2026-07-18T11:04:58.469Z - [Leads] [Leads] Querying Prisma with where: {"rotationViolation":true,"isDeleted":false,"organisationId":"23d99450-83e7-4382-9312-d07f083447c0","previousOwnerId":{"in":["fc139c17-d8ba-40f0-8fc0-de857274c943","6d5e601a-d676-4cc6-a860-1a65d3734dab","c68a8236-7b93-4ff3-be69-01297ecfaceb","86498817-2f82-4695-ac75-4feae00ba43b","3b2c2b6a-7ec1-48cb-b98e-4ce026c6a984","2dc472bd-b2a9-4f5b-9066-b0561963cafe","941754a0-1107-4c7c-b7db-980d23df8557","5dac5c27-9d02-455e-bb18-022d0f9afc43","a98aa35e-414a-4939-b425-e0455bfe7eb7","59c25921-95e6-45bd-b7ad-0a07d7079537","6fbc44cd-4167-4571-8198-953e7281a059","9bd78fcd-deeb-4106-a5ec-68a6df672b97","4a6fae60-0298-4026-b0b6-378ed0ec880b"]}}
2026-07-18T11:04:58.507Z - [Leads] [Leads] Violations found: 0
2026-07-18T11:05:58.723Z - [Leads] Entered getViolations
2026-07-18T11:05:58.725Z - [Leads] User: fc139c17-d8ba-40f0-8fc0-de857274c943, Role: admin
2026-07-18T11:05:58.727Z - [Leads] Fetching visible users...
2026-07-18T11:05:59.717Z - [Leads] Visible users found: 13
2026-07-18T11:05:59.718Z - [Leads] [Leads] Querying Prisma with where: {"rotationViolation":true,"isDeleted":false,"organisationId":"23d99450-83e7-4382-9312-d07f083447c0","previousOwnerId":{"in":["fc139c17-d8ba-40f0-8fc0-de857274c943","6d5e601a-d676-4cc6-a860-1a65d3734dab","c68a8236-7b93-4ff3-be69-01297ecfaceb","86498817-2f82-4695-ac75-4feae00ba43b","3b2c2b6a-7ec1-48cb-b98e-4ce026c6a984","2dc472bd-b2a9-4f5b-9066-b0561963cafe","941754a0-1107-4c7c-b7db-980d23df8557","5dac5c27-9d02-455e-bb18-022d0f9afc43","a98aa35e-414a-4939-b425-e0455bfe7eb7","59c25921-95e6-45bd-b7ad-0a07d7079537","6fbc44cd-4167-4571-8198-953e7281a059","9bd78fcd-deeb-4106-a5ec-68a6df672b97","4a6fae60-0298-4026-b0b6-378ed0ec880b"]}}
2026-07-18T11:05:59.804Z - [Leads] [Leads] Violations found: 0
2026-07-18T11:06:41.642Z - [Leads] Entered getViolations
2026-07-18T11:06:41.643Z - [Leads] User: fc139c17-d8ba-40f0-8fc0-de857274c943, Role: admin
2026-07-18T11:06:41.645Z - [Leads] Fetching visible users...
2026-07-18T11:06:42.554Z - [Leads] Visible users found: 13
2026-07-18T11:06:42.556Z - [Leads] [Leads] Querying Prisma with where: {"rotationViolation":true,"isDeleted":false,"organisationId":"23d99450-83e7-4382-9312-d07f083447c0","previousOwnerId":{"in":["fc139c17-d8ba-40f0-8fc0-de857274c943","6d5e601a-d676-4cc6-a860-1a65d3734dab","c68a8236-7b93-4ff3-be69-01297ecfaceb","86498817-2f82-4695-ac75-4feae00ba43b","3b2c2b6a-7ec1-48cb-b98e-4ce026c6a984","2dc472bd-b2a9-4f5b-9066-b0561963cafe","941754a0-1107-4c7c-b7db-980d23df8557","5dac5c27-9d02-455e-bb18-022d0f9afc43","a98aa35e-414a-4939-b425-e0455bfe7eb7","59c25921-95e6-45bd-b7ad-0a07d7079537","6fbc44cd-4167-4571-8198-953e7281a059","9bd78fcd-deeb-4106-a5ec-68a6df672b97","4a6fae60-0298-4026-b0b6-378ed0ec880b"]}}
2026-07-18T11:06:42.652Z - [Leads] [Leads] Violations found: 0
2026-07-18T11:07:00.091Z - [Leads] Entered getViolations
2026-07-18T11:07:00.092Z - [Leads] User: fc139c17-d8ba-40f0-8fc0-de857274c943, Role: admin
2026-07-18T11:07:00.093Z - [Leads] Fetching visible users...
2026-07-18T11:07:01.043Z - [Leads] Visible users found: 13
2026-07-18T11:07:01.045Z - [Leads] [Leads] Querying Prisma with where: {"rotationViolation":true,"isDeleted":false,"organisationId":"23d99450-83e7-4382-9312-d07f083447c0","previousOwnerId":{"in":["fc139c17-d8ba-40f0-8fc0-de857274c943","6d5e601a-d676-4cc6-a860-1a65d3734dab","c68a8236-7b93-4ff3-be69-01297ecfaceb","86498817-2f82-4695-ac75-4feae00ba43b","3b2c2b6a-7ec1-48cb-b98e-4ce026c6a984","2dc472bd-b2a9-4f5b-9066-b0561963cafe","941754a0-1107-4c7c-b7db-980d23df8557","5dac5c27-9d02-455e-bb18-022d0f9afc43","a98aa35e-414a-4939-b425-e0455bfe7eb7","59c25921-95e6-45bd-b7ad-0a07d7079537","6fbc44cd-4167-4571-8198-953e7281a059","9bd78fcd-deeb-4106-a5ec-68a6df672b97","4a6fae60-0298-4026-b0b6-378ed0ec880b"]}}
2026-07-18T11:07:01.134Z - [Leads] [Leads] Violations found: 0
2026-07-18T11:07:42.885Z - [Leads] Entered getViolations
2026-07-18T11:07:42.886Z - [Leads] User: fc139c17-d8ba-40f0-8fc0-de857274c943, Role: admin
2026-07-18T11:07:42.890Z - [Leads] Fetching visible users...
2026-07-18T11:07:43.582Z - [Leads] Visible users found: 13
2026-07-18T11:07:43.583Z - [Leads] [Leads] Querying Prisma with where: {"rotationViolation":true,"isDeleted":false,"organisationId":"23d99450-83e7-4382-9312-d07f083447c0","previousOwnerId":{"in":["fc139c17-d8ba-40f0-8fc0-de857274c943","6d5e601a-d676-4cc6-a860-1a65d3734dab","c68a8236-7b93-4ff3-be69-01297ecfaceb","86498817-2f82-4695-ac75-4feae00ba43b","3b2c2b6a-7ec1-48cb-b98e-4ce026c6a984","2dc472bd-b2a9-4f5b-9066-b0561963cafe","941754a0-1107-4c7c-b7db-980d23df8557","5dac5c27-9d02-455e-bb18-022d0f9afc43","a98aa35e-414a-4939-b425-e0455bfe7eb7","59c25921-95e6-45bd-b7ad-0a07d7079537","6fbc44cd-4167-4571-8198-953e7281a059","9bd78fcd-deeb-4106-a5ec-68a6df672b97","4a6fae60-0298-4026-b0b6-378ed0ec880b"]}}
2026-07-18T11:07:43.629Z - [Leads] [Leads] Violations found: 0
2026-07-18T11:08:01.425Z - [Leads] Entered getViolations
2026-07-18T11:08:01.426Z - [Leads] User: fc139c17-d8ba-40f0-8fc0-de857274c943, Role: admin
2026-07-18T11:08:01.428Z - [Leads] Fetching visible users...
2026-07-18T11:08:02.189Z - [Leads] Visible users found: 13
2026-07-18T11:08:02.190Z - [Leads] [Leads] Querying Prisma with where: {"rotationViolation":true,"isDeleted":false,"organisationId":"23d99450-83e7-4382-9312-d07f083447c0","previousOwnerId":{"in":["fc139c17-d8ba-40f0-8fc0-de857274c943","6d5e601a-d676-4cc6-a860-1a65d3734dab","c68a8236-7b93-4ff3-be69-01297ecfaceb","86498817-2f82-4695-ac75-4feae00ba43b","3b2c2b6a-7ec1-48cb-b98e-4ce026c6a984","2dc472bd-b2a9-4f5b-9066-b0561963cafe","941754a0-1107-4c7c-b7db-980d23df8557","5dac5c27-9d02-455e-bb18-022d0f9afc43","a98aa35e-414a-4939-b425-e0455bfe7eb7","59c25921-95e6-45bd-b7ad-0a07d7079537","6fbc44cd-4167-4571-8198-953e7281a059","9bd78fcd-deeb-4106-a5ec-68a6df672b97","4a6fae60-0298-4026-b0b6-378ed0ec880b"]}}
2026-07-18T11:08:02.248Z - [Leads] [Leads] Violations found: 0
2026-07-18T11:08:49.990Z - [Leads] Entered getViolations
2026-07-18T11:08:49.992Z - [Leads] User: fc139c17-d8ba-40f0-8fc0-de857274c943, Role: admin
2026-07-18T11:08:49.994Z - [Leads] Fetching visible users...
2026-07-18T11:08:50.714Z - [Leads] Visible users found: 13
2026-07-18T11:08:50.715Z - [Leads] [Leads] Querying Prisma with where: {"rotationViolation":true,"isDeleted":false,"organisationId":"23d99450-83e7-4382-9312-d07f083447c0","previousOwnerId":{"in":["fc139c17-d8ba-40f0-8fc0-de857274c943","6d5e601a-d676-4cc6-a860-1a65d3734dab","c68a8236-7b93-4ff3-be69-01297ecfaceb","86498817-2f82-4695-ac75-4feae00ba43b","3b2c2b6a-7ec1-48cb-b98e-4ce026c6a984","2dc472bd-b2a9-4f5b-9066-b0561963cafe","941754a0-1107-4c7c-b7db-980d23df8557","5dac5c27-9d02-455e-bb18-022d0f9afc43","a98aa35e-414a-4939-b425-e0455bfe7eb7","59c25921-95e6-45bd-b7ad-0a07d7079537","6fbc44cd-4167-4571-8198-953e7281a059","9bd78fcd-deeb-4106-a5ec-68a6df672b97","4a6fae60-0298-4026-b0b6-378ed0ec880b"]}}
2026-07-18T11:08:50.767Z - [Leads] [Leads] Violations found: 0
2026-07-18T11:09:02.516Z - [Leads] Entered getViolations
2026-07-18T11:09:02.518Z - [Leads] User: fc139c17-d8ba-40f0-8fc0-de857274c943, Role: admin
2026-07-18T11:09:02.519Z - [Leads] Fetching visible users...
2026-07-18T11:09:02.554Z - [Leads] Entered getViolations
2026-07-18T11:09:02.555Z - [Leads] User: fc139c17-d8ba-40f0-8fc0-de857274c943, Role: admin
2026-07-18T11:09:02.556Z - [Leads] Fetching visible users...
2026-07-18T11:09:02.563Z - Entered getDashboardStats
2026-07-18T11:09:02.564Z - [Analytics] User: fc139c17-d8ba-40f0-8fc0-de857274c943, Org: 23d99450-83e7-4382-9312-d07f083447c0, SuperAdmin: false
2026-07-18T11:09:02.566Z - [Analytics] Importing hierarchyUtils...
2026-07-18T11:09:02.567Z - [Analytics] Fetching visibleUserIds...
2026-07-18T11:09:03.285Z - [Leads] Visible users found: 13
2026-07-18T11:09:03.286Z - [Leads] [Leads] Querying Prisma with where: {"rotationViolation":true,"isDeleted":false,"organisationId":"23d99450-83e7-4382-9312-d07f083447c0","previousOwnerId":{"in":["fc139c17-d8ba-40f0-8fc0-de857274c943","6d5e601a-d676-4cc6-a860-1a65d3734dab","c68a8236-7b93-4ff3-be69-01297ecfaceb","86498817-2f82-4695-ac75-4feae00ba43b","3b2c2b6a-7ec1-48cb-b98e-4ce026c6a984","2dc472bd-b2a9-4f5b-9066-b0561963cafe","941754a0-1107-4c7c-b7db-980d23df8557","5dac5c27-9d02-455e-bb18-022d0f9afc43","a98aa35e-414a-4939-b425-e0455bfe7eb7","59c25921-95e6-45bd-b7ad-0a07d7079537","6fbc44cd-4167-4571-8198-953e7281a059","9bd78fcd-deeb-4106-a5ec-68a6df672b97","4a6fae60-0298-4026-b0b6-378ed0ec880b"]}}
2026-07-18T11:09:03.324Z - [Leads] [Leads] Violations found: 0
2026-07-18T11:09:03.341Z - [Analytics] Visible users: 13
2026-07-18T11:09:03.456Z - [Leads] Visible users found: 13
2026-07-18T11:09:03.459Z - [Leads] [Leads] Querying Prisma with where: {"rotationViolation":true,"isDeleted":false,"organisationId":"23d99450-83e7-4382-9312-d07f083447c0","previousOwnerId":{"in":["fc139c17-d8ba-40f0-8fc0-de857274c943","6d5e601a-d676-4cc6-a860-1a65d3734dab","c68a8236-7b93-4ff3-be69-01297ecfaceb","86498817-2f82-4695-ac75-4feae00ba43b","3b2c2b6a-7ec1-48cb-b98e-4ce026c6a984","2dc472bd-b2a9-4f5b-9066-b0561963cafe","941754a0-1107-4c7c-b7db-980d23df8557","5dac5c27-9d02-455e-bb18-022d0f9afc43","a98aa35e-414a-4939-b425-e0455bfe7eb7","59c25921-95e6-45bd-b7ad-0a07d7079537","6fbc44cd-4167-4571-8198-953e7281a059","9bd78fcd-deeb-4106-a5ec-68a6df672b97","4a6fae60-0298-4026-b0b6-378ed0ec880b"]}}
2026-07-18T11:09:03.570Z - [Leads] [Leads] Violations found: 0
2026-07-18T11:10:03.851Z - [Leads] Entered getViolations
2026-07-18T11:10:03.853Z - [Leads] User: fc139c17-d8ba-40f0-8fc0-de857274c943, Role: admin
2026-07-18T11:10:03.854Z - [Leads] Fetching visible users...
2026-07-18T11:10:04.518Z - [Leads] Visible users found: 13
2026-07-18T11:10:04.519Z - [Leads] [Leads] Querying Prisma with where: {"rotationViolation":true,"isDeleted":false,"organisationId":"23d99450-83e7-4382-9312-d07f083447c0","previousOwnerId":{"in":["fc139c17-d8ba-40f0-8fc0-de857274c943","6d5e601a-d676-4cc6-a860-1a65d3734dab","c68a8236-7b93-4ff3-be69-01297ecfaceb","86498817-2f82-4695-ac75-4feae00ba43b","3b2c2b6a-7ec1-48cb-b98e-4ce026c6a984","2dc472bd-b2a9-4f5b-9066-b0561963cafe","941754a0-1107-4c7c-b7db-980d23df8557","5dac5c27-9d02-455e-bb18-022d0f9afc43","a98aa35e-414a-4939-b425-e0455bfe7eb7","59c25921-95e6-45bd-b7ad-0a07d7079537","6fbc44cd-4167-4571-8198-953e7281a059","9bd78fcd-deeb-4106-a5ec-68a6df672b97","4a6fae60-0298-4026-b0b6-378ed0ec880b"]}}
2026-07-18T11:10:04.600Z - [Leads] [Leads] Violations found: 0
2026-07-18T11:11:04.879Z - [Leads] Entered getViolations
2026-07-18T11:11:04.880Z - [Leads] User: fc139c17-d8ba-40f0-8fc0-de857274c943, Role: admin
2026-07-18T11:11:04.882Z - [Leads] Fetching visible users...
2026-07-18T11:11:05.750Z - [Leads] Visible users found: 13
2026-07-18T11:11:05.751Z - [Leads] [Leads] Querying Prisma with where: {"rotationViolation":true,"isDeleted":false,"organisationId":"23d99450-83e7-4382-9312-d07f083447c0","previousOwnerId":{"in":["fc139c17-d8ba-40f0-8fc0-de857274c943","6d5e601a-d676-4cc6-a860-1a65d3734dab","c68a8236-7b93-4ff3-be69-01297ecfaceb","86498817-2f82-4695-ac75-4feae00ba43b","3b2c2b6a-7ec1-48cb-b98e-4ce026c6a984","2dc472bd-b2a9-4f5b-9066-b0561963cafe","941754a0-1107-4c7c-b7db-980d23df8557","5dac5c27-9d02-455e-bb18-022d0f9afc43","a98aa35e-414a-4939-b425-e0455bfe7eb7","59c25921-95e6-45bd-b7ad-0a07d7079537","6fbc44cd-4167-4571-8198-953e7281a059","9bd78fcd-deeb-4106-a5ec-68a6df672b97","4a6fae60-0298-4026-b0b6-378ed0ec880b"]}}
2026-07-18T11:11:05.841Z - [Leads] [Leads] Violations found: 0
2026-07-18T11:12:06.101Z - [Leads] Entered getViolations
2026-07-18T11:12:06.102Z - [Leads] User: fc139c17-d8ba-40f0-8fc0-de857274c943, Role: admin
2026-07-18T11:12:06.103Z - [Leads] Fetching visible users...
2026-07-18T11:12:06.894Z - [Leads] Visible users found: 13
2026-07-18T11:12:06.895Z - [Leads] [Leads] Querying Prisma with where: {"rotationViolation":true,"isDeleted":false,"organisationId":"23d99450-83e7-4382-9312-d07f083447c0","previousOwnerId":{"in":["fc139c17-d8ba-40f0-8fc0-de857274c943","6d5e601a-d676-4cc6-a860-1a65d3734dab","c68a8236-7b93-4ff3-be69-01297ecfaceb","86498817-2f82-4695-ac75-4feae00ba43b","3b2c2b6a-7ec1-48cb-b98e-4ce026c6a984","2dc472bd-b2a9-4f5b-9066-b0561963cafe","941754a0-1107-4c7c-b7db-980d23df8557","5dac5c27-9d02-455e-bb18-022d0f9afc43","a98aa35e-414a-4939-b425-e0455bfe7eb7","59c25921-95e6-45bd-b7ad-0a07d7079537","6fbc44cd-4167-4571-8198-953e7281a059","9bd78fcd-deeb-4106-a5ec-68a6df672b97","4a6fae60-0298-4026-b0b6-378ed0ec880b"]}}
2026-07-18T11:12:06.941Z - [Leads] [Leads] Violations found: 0
2026-07-18T11:12:15.266Z - [Leads] Entered getViolations
2026-07-18T11:12:15.273Z - [Leads] User: fc139c17-d8ba-40f0-8fc0-de857274c943, Role: admin
2026-07-18T11:12:15.275Z - [Leads] Fetching visible users...
2026-07-18T11:12:16.308Z - [Leads] Visible users found: 13
2026-07-18T11:12:16.309Z - [Leads] [Leads] Querying Prisma with where: {"rotationViolation":true,"isDeleted":false,"organisationId":"23d99450-83e7-4382-9312-d07f083447c0","previousOwnerId":{"in":["fc139c17-d8ba-40f0-8fc0-de857274c943","6d5e601a-d676-4cc6-a860-1a65d3734dab","c68a8236-7b93-4ff3-be69-01297ecfaceb","86498817-2f82-4695-ac75-4feae00ba43b","3b2c2b6a-7ec1-48cb-b98e-4ce026c6a984","2dc472bd-b2a9-4f5b-9066-b0561963cafe","941754a0-1107-4c7c-b7db-980d23df8557","5dac5c27-9d02-455e-bb18-022d0f9afc43","a98aa35e-414a-4939-b425-e0455bfe7eb7","59c25921-95e6-45bd-b7ad-0a07d7079537","6fbc44cd-4167-4571-8198-953e7281a059","9bd78fcd-deeb-4106-a5ec-68a6df672b97","4a6fae60-0298-4026-b0b6-378ed0ec880b"]}}
2026-07-18T11:12:16.395Z - [Leads] [Leads] Violations found: 0
2026-07-18T11:12:24.295Z - Entered getDashboardStats
2026-07-18T11:12:24.303Z - [Analytics] User: fc139c17-d8ba-40f0-8fc0-de857274c943, Org: 23d99450-83e7-4382-9312-d07f083447c0, SuperAdmin: false
2026-07-18T11:12:24.305Z - [Analytics] Importing hierarchyUtils...
2026-07-18T11:12:24.308Z - [Analytics] Fetching visibleUserIds...
2026-07-18T11:12:24.781Z - [Leads] Entered getViolations
2026-07-18T11:12:24.782Z - [Leads] User: fc139c17-d8ba-40f0-8fc0-de857274c943, Role: admin
2026-07-18T11:12:24.783Z - [Leads] Fetching visible users...
2026-07-18T11:12:25.478Z - [Analytics] Visible users: 13
2026-07-18T11:12:25.845Z - [Leads] Visible users found: 13
2026-07-18T11:12:25.847Z - [Leads] [Leads] Querying Prisma with where: {"rotationViolation":true,"isDeleted":false,"organisationId":"23d99450-83e7-4382-9312-d07f083447c0","previousOwnerId":{"in":["fc139c17-d8ba-40f0-8fc0-de857274c943","6d5e601a-d676-4cc6-a860-1a65d3734dab","c68a8236-7b93-4ff3-be69-01297ecfaceb","86498817-2f82-4695-ac75-4feae00ba43b","3b2c2b6a-7ec1-48cb-b98e-4ce026c6a984","2dc472bd-b2a9-4f5b-9066-b0561963cafe","941754a0-1107-4c7c-b7db-980d23df8557","5dac5c27-9d02-455e-bb18-022d0f9afc43","a98aa35e-414a-4939-b425-e0455bfe7eb7","59c25921-95e6-45bd-b7ad-0a07d7079537","6fbc44cd-4167-4571-8198-953e7281a059","9bd78fcd-deeb-4106-a5ec-68a6df672b97","4a6fae60-0298-4026-b0b6-378ed0ec880b"]}}
2026-07-18T11:12:25.895Z - [Leads] [Leads] Violations found: 0
2026-07-18T11:13:05.038Z - Entered getDashboardStats
2026-07-18T11:13:05.039Z - [Analytics] User: fc139c17-d8ba-40f0-8fc0-de857274c943, Org: 23d99450-83e7-4382-9312-d07f083447c0, SuperAdmin: false
2026-07-18T11:13:05.040Z - [Analytics] Importing hierarchyUtils...
2026-07-18T11:13:05.042Z - [Analytics] Fetching visibleUserIds...
2026-07-18T11:13:05.564Z - [Leads] Entered getViolations
2026-07-18T11:13:05.565Z - [Leads] User: fc139c17-d8ba-40f0-8fc0-de857274c943, Role: admin
2026-07-18T11:13:05.566Z - [Leads] Fetching visible users...
2026-07-18T11:13:06.054Z - [Analytics] Visible users: 13
2026-07-18T11:13:06.716Z - [Leads] Visible users found: 13
2026-07-18T11:13:06.717Z - [Leads] [Leads] Querying Prisma with where: {"rotationViolation":true,"isDeleted":false,"organisationId":"23d99450-83e7-4382-9312-d07f083447c0","previousOwnerId":{"in":["fc139c17-d8ba-40f0-8fc0-de857274c943","6d5e601a-d676-4cc6-a860-1a65d3734dab","c68a8236-7b93-4ff3-be69-01297ecfaceb","86498817-2f82-4695-ac75-4feae00ba43b","3b2c2b6a-7ec1-48cb-b98e-4ce026c6a984","2dc472bd-b2a9-4f5b-9066-b0561963cafe","941754a0-1107-4c7c-b7db-980d23df8557","5dac5c27-9d02-455e-bb18-022d0f9afc43","a98aa35e-414a-4939-b425-e0455bfe7eb7","59c25921-95e6-45bd-b7ad-0a07d7079537","6fbc44cd-4167-4571-8198-953e7281a059","9bd78fcd-deeb-4106-a5ec-68a6df672b97","4a6fae60-0298-4026-b0b6-378ed0ec880b"]}}
2026-07-18T11:13:06.805Z - [Leads] [Leads] Violations found: 0
2026-07-18T11:13:07.284Z - [Leads] Entered getViolations
2026-07-18T11:13:07.285Z - [Leads] User: fc139c17-d8ba-40f0-8fc0-de857274c943, Role: admin
2026-07-18T11:13:07.286Z - [Leads] Fetching visible users...
2026-07-18T11:13:08.252Z - [Leads] Visible users found: 13
2026-07-18T11:13:08.253Z - [Leads] [Leads] Querying Prisma with where: {"rotationViolation":true,"isDeleted":false,"organisationId":"23d99450-83e7-4382-9312-d07f083447c0","previousOwnerId":{"in":["fc139c17-d8ba-40f0-8fc0-de857274c943","6d5e601a-d676-4cc6-a860-1a65d3734dab","c68a8236-7b93-4ff3-be69-01297ecfaceb","86498817-2f82-4695-ac75-4feae00ba43b","3b2c2b6a-7ec1-48cb-b98e-4ce026c6a984","2dc472bd-b2a9-4f5b-9066-b0561963cafe","941754a0-1107-4c7c-b7db-980d23df8557","5dac5c27-9d02-455e-bb18-022d0f9afc43","a98aa35e-414a-4939-b425-e0455bfe7eb7","59c25921-95e6-45bd-b7ad-0a07d7079537","6fbc44cd-4167-4571-8198-953e7281a059","9bd78fcd-deeb-4106-a5ec-68a6df672b97","4a6fae60-0298-4026-b0b6-378ed0ec880b"]}}
2026-07-18T11:13:08.323Z - [Leads] [Leads] Violations found: 0
2026-07-18T11:14:08.503Z - [Leads] Entered getViolations
2026-07-18T11:14:08.505Z - [Leads] User: fc139c17-d8ba-40f0-8fc0-de857274c943, Role: admin
2026-07-18T11:14:08.507Z - [Leads] Fetching visible users...
2026-07-18T11:14:09.348Z - [Leads] Visible users found: 13
2026-07-18T11:14:09.349Z - [Leads] [Leads] Querying Prisma with where: {"rotationViolation":true,"isDeleted":false,"organisationId":"23d99450-83e7-4382-9312-d07f083447c0","previousOwnerId":{"in":["fc139c17-d8ba-40f0-8fc0-de857274c943","6d5e601a-d676-4cc6-a860-1a65d3734dab","c68a8236-7b93-4ff3-be69-01297ecfaceb","86498817-2f82-4695-ac75-4feae00ba43b","3b2c2b6a-7ec1-48cb-b98e-4ce026c6a984","2dc472bd-b2a9-4f5b-9066-b0561963cafe","941754a0-1107-4c7c-b7db-980d23df8557","5dac5c27-9d02-455e-bb18-022d0f9afc43","a98aa35e-414a-4939-b425-e0455bfe7eb7","59c25921-95e6-45bd-b7ad-0a07d7079537","6fbc44cd-4167-4571-8198-953e7281a059","9bd78fcd-deeb-4106-a5ec-68a6df672b97","4a6fae60-0298-4026-b0b6-378ed0ec880b"]}}
2026-07-18T11:14:09.354Z - [Leads] Entered getViolations
2026-07-18T11:14:09.356Z - [Leads] User: fc139c17-d8ba-40f0-8fc0-de857274c943, Role: admin
2026-07-18T11:14:09.357Z - [Leads] Fetching visible users...
2026-07-18T11:14:09.434Z - [Leads] [Leads] Violations found: 0
2026-07-18T11:14:10.105Z - [Leads] Visible users found: 13
2026-07-18T11:14:10.106Z - [Leads] [Leads] Querying Prisma with where: {"rotationViolation":true,"isDeleted":false,"organisationId":"23d99450-83e7-4382-9312-d07f083447c0","previousOwnerId":{"in":["fc139c17-d8ba-40f0-8fc0-de857274c943","6d5e601a-d676-4cc6-a860-1a65d3734dab","c68a8236-7b93-4ff3-be69-01297ecfaceb","86498817-2f82-4695-ac75-4feae00ba43b","3b2c2b6a-7ec1-48cb-b98e-4ce026c6a984","2dc472bd-b2a9-4f5b-9066-b0561963cafe","941754a0-1107-4c7c-b7db-980d23df8557","5dac5c27-9d02-455e-bb18-022d0f9afc43","a98aa35e-414a-4939-b425-e0455bfe7eb7","59c25921-95e6-45bd-b7ad-0a07d7079537","6fbc44cd-4167-4571-8198-953e7281a059","9bd78fcd-deeb-4106-a5ec-68a6df672b97","4a6fae60-0298-4026-b0b6-378ed0ec880b"]}}
2026-07-18T11:14:10.195Z - [Leads] [Leads] Violations found: 0
2026-07-18T11:15:10.439Z - [Leads] Entered getViolations
2026-07-18T11:15:10.440Z - [Leads] User: fc139c17-d8ba-40f0-8fc0-de857274c943, Role: admin
2026-07-18T11:15:10.441Z - [Leads] Fetching visible users...
2026-07-18T11:15:11.090Z - [Leads] Visible users found: 13
2026-07-18T11:15:11.091Z - [Leads] [Leads] Querying Prisma with where: {"rotationViolation":true,"isDeleted":false,"organisationId":"23d99450-83e7-4382-9312-d07f083447c0","previousOwnerId":{"in":["fc139c17-d8ba-40f0-8fc0-de857274c943","6d5e601a-d676-4cc6-a860-1a65d3734dab","c68a8236-7b93-4ff3-be69-01297ecfaceb","86498817-2f82-4695-ac75-4feae00ba43b","3b2c2b6a-7ec1-48cb-b98e-4ce026c6a984","2dc472bd-b2a9-4f5b-9066-b0561963cafe","941754a0-1107-4c7c-b7db-980d23df8557","5dac5c27-9d02-455e-bb18-022d0f9afc43","a98aa35e-414a-4939-b425-e0455bfe7eb7","59c25921-95e6-45bd-b7ad-0a07d7079537","6fbc44cd-4167-4571-8198-953e7281a059","9bd78fcd-deeb-4106-a5ec-68a6df672b97","4a6fae60-0298-4026-b0b6-378ed0ec880b"]}}
2026-07-18T11:15:11.132Z - [Leads] [Leads] Violations found: 0
2026-07-18T11:16:11.374Z - [Leads] Entered getViolations
2026-07-18T11:16:11.375Z - [Leads] User: fc139c17-d8ba-40f0-8fc0-de857274c943, Role: admin
2026-07-18T11:16:11.377Z - [Leads] Fetching visible users...
2026-07-18T11:16:12.060Z - [Leads] Visible users found: 13
2026-07-18T11:16:12.061Z - [Leads] [Leads] Querying Prisma with where: {"rotationViolation":true,"isDeleted":false,"organisationId":"23d99450-83e7-4382-9312-d07f083447c0","previousOwnerId":{"in":["fc139c17-d8ba-40f0-8fc0-de857274c943","6d5e601a-d676-4cc6-a860-1a65d3734dab","c68a8236-7b93-4ff3-be69-01297ecfaceb","86498817-2f82-4695-ac75-4feae00ba43b","3b2c2b6a-7ec1-48cb-b98e-4ce026c6a984","2dc472bd-b2a9-4f5b-9066-b0561963cafe","941754a0-1107-4c7c-b7db-980d23df8557","5dac5c27-9d02-455e-bb18-022d0f9afc43","a98aa35e-414a-4939-b425-e0455bfe7eb7","59c25921-95e6-45bd-b7ad-0a07d7079537","6fbc44cd-4167-4571-8198-953e7281a059","9bd78fcd-deeb-4106-a5ec-68a6df672b97","4a6fae60-0298-4026-b0b6-378ed0ec880b"]}}
2026-07-18T11:16:12.105Z - [Leads] [Leads] Violations found: 0
2026-07-18T11:17:12.426Z - [Leads] Entered getViolations
2026-07-18T11:17:12.428Z - [Leads] User: fc139c17-d8ba-40f0-8fc0-de857274c943, Role: admin
2026-07-18T11:17:12.430Z - [Leads] Fetching visible users...
2026-07-18T11:17:13.082Z - [Leads] Visible users found: 13
2026-07-18T11:17:13.083Z - [Leads] [Leads] Querying Prisma with where: {"rotationViolation":true,"isDeleted":false,"organisationId":"23d99450-83e7-4382-9312-d07f083447c0","previousOwnerId":{"in":["fc139c17-d8ba-40f0-8fc0-de857274c943","6d5e601a-d676-4cc6-a860-1a65d3734dab","c68a8236-7b93-4ff3-be69-01297ecfaceb","86498817-2f82-4695-ac75-4feae00ba43b","3b2c2b6a-7ec1-48cb-b98e-4ce026c6a984","2dc472bd-b2a9-4f5b-9066-b0561963cafe","941754a0-1107-4c7c-b7db-980d23df8557","5dac5c27-9d02-455e-bb18-022d0f9afc43","a98aa35e-414a-4939-b425-e0455bfe7eb7","59c25921-95e6-45bd-b7ad-0a07d7079537","6fbc44cd-4167-4571-8198-953e7281a059","9bd78fcd-deeb-4106-a5ec-68a6df672b97","4a6fae60-0298-4026-b0b6-378ed0ec880b"]}}
2026-07-18T11:17:13.125Z - [Leads] [Leads] Violations found: 0
2026-07-18T11:18:13.379Z - [Leads] Entered getViolations
2026-07-18T11:18:13.380Z - [Leads] User: fc139c17-d8ba-40f0-8fc0-de857274c943, Role: admin
2026-07-18T11:18:13.381Z - [Leads] Fetching visible users...
2026-07-18T11:18:14.056Z - [Leads] Visible users found: 13
2026-07-18T11:18:14.057Z - [Leads] [Leads] Querying Prisma with where: {"rotationViolation":true,"isDeleted":false,"organisationId":"23d99450-83e7-4382-9312-d07f083447c0","previousOwnerId":{"in":["fc139c17-d8ba-40f0-8fc0-de857274c943","6d5e601a-d676-4cc6-a860-1a65d3734dab","c68a8236-7b93-4ff3-be69-01297ecfaceb","86498817-2f82-4695-ac75-4feae00ba43b","3b2c2b6a-7ec1-48cb-b98e-4ce026c6a984","2dc472bd-b2a9-4f5b-9066-b0561963cafe","941754a0-1107-4c7c-b7db-980d23df8557","5dac5c27-9d02-455e-bb18-022d0f9afc43","a98aa35e-414a-4939-b425-e0455bfe7eb7","59c25921-95e6-45bd-b7ad-0a07d7079537","6fbc44cd-4167-4571-8198-953e7281a059","9bd78fcd-deeb-4106-a5ec-68a6df672b97","4a6fae60-0298-4026-b0b6-378ed0ec880b"]}}
2026-07-18T11:18:14.099Z - [Leads] [Leads] Violations found: 0
2026-07-18T11:19:14.364Z - [Leads] Entered getViolations
2026-07-18T11:19:14.365Z - [Leads] User: fc139c17-d8ba-40f0-8fc0-de857274c943, Role: admin
2026-07-18T11:19:14.367Z - [Leads] Fetching visible users...
2026-07-18T11:19:15.980Z - [Leads] Visible users found: 13
2026-07-18T11:19:15.981Z - [Leads] [Leads] Querying Prisma with where: {"rotationViolation":true,"isDeleted":false,"organisationId":"23d99450-83e7-4382-9312-d07f083447c0","previousOwnerId":{"in":["fc139c17-d8ba-40f0-8fc0-de857274c943","6d5e601a-d676-4cc6-a860-1a65d3734dab","c68a8236-7b93-4ff3-be69-01297ecfaceb","86498817-2f82-4695-ac75-4feae00ba43b","3b2c2b6a-7ec1-48cb-b98e-4ce026c6a984","2dc472bd-b2a9-4f5b-9066-b0561963cafe","941754a0-1107-4c7c-b7db-980d23df8557","5dac5c27-9d02-455e-bb18-022d0f9afc43","a98aa35e-414a-4939-b425-e0455bfe7eb7","59c25921-95e6-45bd-b7ad-0a07d7079537","6fbc44cd-4167-4571-8198-953e7281a059","9bd78fcd-deeb-4106-a5ec-68a6df672b97","4a6fae60-0298-4026-b0b6-378ed0ec880b"]}}
2026-07-18T11:19:16.071Z - [Leads] [Leads] Violations found: 0
2026-07-18T11:19:26.921Z - Entered getDashboardStats
2026-07-18T11:19:26.922Z - [Analytics] User: fc139c17-d8ba-40f0-8fc0-de857274c943, Org: 23d99450-83e7-4382-9312-d07f083447c0, SuperAdmin: false
2026-07-18T11:19:26.923Z - [Analytics] Importing hierarchyUtils...
2026-07-18T11:19:26.926Z - [Analytics] Fetching visibleUserIds...
2026-07-18T11:19:27.828Z - [Analytics] Visible users: 13
2026-07-18T11:20:16.487Z - [Leads] Entered getViolations
2026-07-18T11:20:16.488Z - [Leads] User: fc139c17-d8ba-40f0-8fc0-de857274c943, Role: admin
2026-07-18T11:20:16.489Z - [Leads] Fetching visible users...
2026-07-18T11:20:17.531Z - [Leads] Visible users found: 13
2026-07-18T11:20:17.532Z - [Leads] [Leads] Querying Prisma with where: {"rotationViolation":true,"isDeleted":false,"organisationId":"23d99450-83e7-4382-9312-d07f083447c0","previousOwnerId":{"in":["fc139c17-d8ba-40f0-8fc0-de857274c943","6d5e601a-d676-4cc6-a860-1a65d3734dab","c68a8236-7b93-4ff3-be69-01297ecfaceb","86498817-2f82-4695-ac75-4feae00ba43b","3b2c2b6a-7ec1-48cb-b98e-4ce026c6a984","2dc472bd-b2a9-4f5b-9066-b0561963cafe","941754a0-1107-4c7c-b7db-980d23df8557","5dac5c27-9d02-455e-bb18-022d0f9afc43","a98aa35e-414a-4939-b425-e0455bfe7eb7","59c25921-95e6-45bd-b7ad-0a07d7079537","6fbc44cd-4167-4571-8198-953e7281a059","9bd78fcd-deeb-4106-a5ec-68a6df672b97","4a6fae60-0298-4026-b0b6-378ed0ec880b"]}}
2026-07-18T11:20:17.646Z - [Leads] [Leads] Violations found: 0
2026-07-18T11:21:18.096Z - [Leads] Entered getViolations
2026-07-18T11:21:18.098Z - [Leads] User: fc139c17-d8ba-40f0-8fc0-de857274c943, Role: admin
2026-07-18T11:21:18.122Z - [Leads] Fetching visible users...
2026-07-18T11:21:19.086Z - [Leads] Visible users found: 13
2026-07-18T11:21:19.087Z - [Leads] [Leads] Querying Prisma with where: {"rotationViolation":true,"isDeleted":false,"organisationId":"23d99450-83e7-4382-9312-d07f083447c0","previousOwnerId":{"in":["fc139c17-d8ba-40f0-8fc0-de857274c943","6d5e601a-d676-4cc6-a860-1a65d3734dab","c68a8236-7b93-4ff3-be69-01297ecfaceb","86498817-2f82-4695-ac75-4feae00ba43b","3b2c2b6a-7ec1-48cb-b98e-4ce026c6a984","2dc472bd-b2a9-4f5b-9066-b0561963cafe","941754a0-1107-4c7c-b7db-980d23df8557","5dac5c27-9d02-455e-bb18-022d0f9afc43","a98aa35e-414a-4939-b425-e0455bfe7eb7","59c25921-95e6-45bd-b7ad-0a07d7079537","6fbc44cd-4167-4571-8198-953e7281a059","9bd78fcd-deeb-4106-a5ec-68a6df672b97","4a6fae60-0298-4026-b0b6-378ed0ec880b"]}}
2026-07-18T11:21:19.138Z - [Leads] [Leads] Violations found: 0
2026-07-18T11:22:19.506Z - [Leads] Entered getViolations
2026-07-18T11:22:19.507Z - [Leads] User: fc139c17-d8ba-40f0-8fc0-de857274c943, Role: admin
2026-07-18T11:22:19.509Z - [Leads] Fetching visible users...
2026-07-18T11:22:20.509Z - [Leads] Visible users found: 13
2026-07-18T11:22:20.511Z - [Leads] [Leads] Querying Prisma with where: {"rotationViolation":true,"isDeleted":false,"organisationId":"23d99450-83e7-4382-9312-d07f083447c0","previousOwnerId":{"in":["fc139c17-d8ba-40f0-8fc0-de857274c943","6d5e601a-d676-4cc6-a860-1a65d3734dab","c68a8236-7b93-4ff3-be69-01297ecfaceb","86498817-2f82-4695-ac75-4feae00ba43b","3b2c2b6a-7ec1-48cb-b98e-4ce026c6a984","2dc472bd-b2a9-4f5b-9066-b0561963cafe","941754a0-1107-4c7c-b7db-980d23df8557","5dac5c27-9d02-455e-bb18-022d0f9afc43","a98aa35e-414a-4939-b425-e0455bfe7eb7","59c25921-95e6-45bd-b7ad-0a07d7079537","6fbc44cd-4167-4571-8198-953e7281a059","9bd78fcd-deeb-4106-a5ec-68a6df672b97","4a6fae60-0298-4026-b0b6-378ed0ec880b"]}}
2026-07-18T11:22:20.606Z - [Leads] [Leads] Violations found: 0
2026-07-18T11:23:21.834Z - [Leads] Entered getViolations
2026-07-18T11:23:21.836Z - [Leads] User: fc139c17-d8ba-40f0-8fc0-de857274c943, Role: admin
2026-07-18T11:23:21.837Z - [Leads] Fetching visible users...
2026-07-18T11:23:23.167Z - [Leads] Visible users found: 13
2026-07-18T11:23:23.168Z - [Leads] [Leads] Querying Prisma with where: {"rotationViolation":true,"isDeleted":false,"organisationId":"23d99450-83e7-4382-9312-d07f083447c0","previousOwnerId":{"in":["fc139c17-d8ba-40f0-8fc0-de857274c943","6d5e601a-d676-4cc6-a860-1a65d3734dab","c68a8236-7b93-4ff3-be69-01297ecfaceb","86498817-2f82-4695-ac75-4feae00ba43b","3b2c2b6a-7ec1-48cb-b98e-4ce026c6a984","2dc472bd-b2a9-4f5b-9066-b0561963cafe","941754a0-1107-4c7c-b7db-980d23df8557","5dac5c27-9d02-455e-bb18-022d0f9afc43","a98aa35e-414a-4939-b425-e0455bfe7eb7","59c25921-95e6-45bd-b7ad-0a07d7079537","6fbc44cd-4167-4571-8198-953e7281a059","9bd78fcd-deeb-4106-a5ec-68a6df672b97","4a6fae60-0298-4026-b0b6-378ed0ec880b"]}}
2026-07-18T11:23:23.270Z - [Leads] [Leads] Violations found: 0
2026-07-18T11:24:13.054Z - Entered getDashboardStats
2026-07-18T11:24:13.056Z - [Analytics] User: fc139c17-d8ba-40f0-8fc0-de857274c943, Org: 23d99450-83e7-4382-9312-d07f083447c0, SuperAdmin: false
2026-07-18T11:24:13.057Z - [Analytics] Importing hierarchyUtils...
2026-07-18T11:24:13.058Z - [Analytics] Fetching visibleUserIds...
2026-07-18T11:24:13.135Z - [Leads] Entered getViolations
2026-07-18T11:24:13.136Z - [Leads] User: fc139c17-d8ba-40f0-8fc0-de857274c943, Role: admin
2026-07-18T11:24:13.137Z - [Leads] Fetching visible users...
2026-07-18T11:24:13.950Z - [Leads] Visible users found: 13
2026-07-18T11:24:13.951Z - [Leads] [Leads] Querying Prisma with where: {"rotationViolation":true,"isDeleted":false,"organisationId":"23d99450-83e7-4382-9312-d07f083447c0","previousOwnerId":{"in":["fc139c17-d8ba-40f0-8fc0-de857274c943","6d5e601a-d676-4cc6-a860-1a65d3734dab","c68a8236-7b93-4ff3-be69-01297ecfaceb","86498817-2f82-4695-ac75-4feae00ba43b","3b2c2b6a-7ec1-48cb-b98e-4ce026c6a984","2dc472bd-b2a9-4f5b-9066-b0561963cafe","941754a0-1107-4c7c-b7db-980d23df8557","5dac5c27-9d02-455e-bb18-022d0f9afc43","a98aa35e-414a-4939-b425-e0455bfe7eb7","59c25921-95e6-45bd-b7ad-0a07d7079537","6fbc44cd-4167-4571-8198-953e7281a059","9bd78fcd-deeb-4106-a5ec-68a6df672b97","4a6fae60-0298-4026-b0b6-378ed0ec880b"]}}
2026-07-18T11:24:13.962Z - [Analytics] Visible users: 13
2026-07-18T11:24:14.016Z - [Leads] [Leads] Violations found: 0
2026-07-18T11:24:19.240Z - Entered getDashboardStats
2026-07-18T11:24:19.241Z - [Analytics] User: fc139c17-d8ba-40f0-8fc0-de857274c943, Org: 23d99450-83e7-4382-9312-d07f083447c0, SuperAdmin: false
2026-07-18T11:24:19.243Z - [Analytics] Importing hierarchyUtils...
2026-07-18T11:24:19.244Z - [Analytics] Fetching visibleUserIds...
2026-07-18T11:24:19.545Z - [Leads] Entered getViolations
2026-07-18T11:24:19.546Z - [Leads] User: fc139c17-d8ba-40f0-8fc0-de857274c943, Role: admin
2026-07-18T11:24:19.548Z - [Leads] Fetching visible users...
2026-07-18T11:24:20.217Z - [Analytics] Visible users: 13
2026-07-18T11:24:20.496Z - [Leads] Visible users found: 13
2026-07-18T11:24:20.497Z - [Leads] [Leads] Querying Prisma with where: {"rotationViolation":true,"isDeleted":false,"organisationId":"23d99450-83e7-4382-9312-d07f083447c0","previousOwnerId":{"in":["fc139c17-d8ba-40f0-8fc0-de857274c943","6d5e601a-d676-4cc6-a860-1a65d3734dab","c68a8236-7b93-4ff3-be69-01297ecfaceb","86498817-2f82-4695-ac75-4feae00ba43b","3b2c2b6a-7ec1-48cb-b98e-4ce026c6a984","2dc472bd-b2a9-4f5b-9066-b0561963cafe","941754a0-1107-4c7c-b7db-980d23df8557","5dac5c27-9d02-455e-bb18-022d0f9afc43","a98aa35e-414a-4939-b425-e0455bfe7eb7","59c25921-95e6-45bd-b7ad-0a07d7079537","6fbc44cd-4167-4571-8198-953e7281a059","9bd78fcd-deeb-4106-a5ec-68a6df672b97","4a6fae60-0298-4026-b0b6-378ed0ec880b"]}}
2026-07-18T11:24:20.581Z - [Leads] [Leads] Violations found: 0
2026-07-18T11:25:20.882Z - [Leads] Entered getViolations
2026-07-18T11:25:20.883Z - [Leads] User: fc139c17-d8ba-40f0-8fc0-de857274c943, Role: admin
2026-07-18T11:25:20.885Z - [Leads] Fetching visible users...
2026-07-18T11:25:21.854Z - [Leads] Visible users found: 13
2026-07-18T11:25:21.855Z - [Leads] [Leads] Querying Prisma with where: {"rotationViolation":true,"isDeleted":false,"organisationId":"23d99450-83e7-4382-9312-d07f083447c0","previousOwnerId":{"in":["fc139c17-d8ba-40f0-8fc0-de857274c943","6d5e601a-d676-4cc6-a860-1a65d3734dab","c68a8236-7b93-4ff3-be69-01297ecfaceb","86498817-2f82-4695-ac75-4feae00ba43b","3b2c2b6a-7ec1-48cb-b98e-4ce026c6a984","2dc472bd-b2a9-4f5b-9066-b0561963cafe","941754a0-1107-4c7c-b7db-980d23df8557","5dac5c27-9d02-455e-bb18-022d0f9afc43","a98aa35e-414a-4939-b425-e0455bfe7eb7","59c25921-95e6-45bd-b7ad-0a07d7079537","6fbc44cd-4167-4571-8198-953e7281a059","9bd78fcd-deeb-4106-a5ec-68a6df672b97","4a6fae60-0298-4026-b0b6-378ed0ec880b"]}}
2026-07-18T11:25:21.946Z - [Leads] [Leads] Violations found: 0
2026-07-18T11:25:35.672Z - Entered getDashboardStats
2026-07-18T11:25:35.673Z - [Analytics] User: fc139c17-d8ba-40f0-8fc0-de857274c943, Org: 23d99450-83e7-4382-9312-d07f083447c0, SuperAdmin: false
2026-07-18T11:25:35.674Z - [Analytics] Importing hierarchyUtils...
2026-07-18T11:25:35.676Z - [Analytics] Fetching visibleUserIds...
2026-07-18T11:25:35.988Z - [Leads] Entered getViolations
2026-07-18T11:25:35.989Z - [Leads] User: fc139c17-d8ba-40f0-8fc0-de857274c943, Role: admin
2026-07-18T11:25:35.990Z - [Leads] Fetching visible users...
2026-07-18T11:25:36.652Z - [Analytics] Visible users: 13
2026-07-18T11:25:36.761Z - [Leads] Visible users found: 13
2026-07-18T11:25:36.763Z - [Leads] [Leads] Querying Prisma with where: {"rotationViolation":true,"isDeleted":false,"organisationId":"23d99450-83e7-4382-9312-d07f083447c0","previousOwnerId":{"in":["fc139c17-d8ba-40f0-8fc0-de857274c943","6d5e601a-d676-4cc6-a860-1a65d3734dab","c68a8236-7b93-4ff3-be69-01297ecfaceb","86498817-2f82-4695-ac75-4feae00ba43b","3b2c2b6a-7ec1-48cb-b98e-4ce026c6a984","2dc472bd-b2a9-4f5b-9066-b0561963cafe","941754a0-1107-4c7c-b7db-980d23df8557","5dac5c27-9d02-455e-bb18-022d0f9afc43","a98aa35e-414a-4939-b425-e0455bfe7eb7","59c25921-95e6-45bd-b7ad-0a07d7079537","6fbc44cd-4167-4571-8198-953e7281a059","9bd78fcd-deeb-4106-a5ec-68a6df672b97","4a6fae60-0298-4026-b0b6-378ed0ec880b"]}}
2026-07-18T11:25:36.817Z - [Leads] [Leads] Violations found: 0
2026-07-18T11:26:37.205Z - [Leads] Entered getViolations
2026-07-18T11:26:37.206Z - [Leads] User: fc139c17-d8ba-40f0-8fc0-de857274c943, Role: admin
2026-07-18T11:26:37.207Z - [Leads] Fetching visible users...
2026-07-18T11:26:38.253Z - [Leads] Visible users found: 13
2026-07-18T11:26:38.256Z - [Leads] [Leads] Querying Prisma with where: {"rotationViolation":true,"isDeleted":false,"organisationId":"23d99450-83e7-4382-9312-d07f083447c0","previousOwnerId":{"in":["fc139c17-d8ba-40f0-8fc0-de857274c943","6d5e601a-d676-4cc6-a860-1a65d3734dab","c68a8236-7b93-4ff3-be69-01297ecfaceb","86498817-2f82-4695-ac75-4feae00ba43b","3b2c2b6a-7ec1-48cb-b98e-4ce026c6a984","2dc472bd-b2a9-4f5b-9066-b0561963cafe","941754a0-1107-4c7c-b7db-980d23df8557","5dac5c27-9d02-455e-bb18-022d0f9afc43","a98aa35e-414a-4939-b425-e0455bfe7eb7","59c25921-95e6-45bd-b7ad-0a07d7079537","6fbc44cd-4167-4571-8198-953e7281a059","9bd78fcd-deeb-4106-a5ec-68a6df672b97","4a6fae60-0298-4026-b0b6-378ed0ec880b"]}}
2026-07-18T11:26:38.366Z - [Leads] [Leads] Violations found: 0
2026-07-18T11:27:38.637Z - [Leads] Entered getViolations
2026-07-18T11:27:38.638Z - [Leads] User: fc139c17-d8ba-40f0-8fc0-de857274c943, Role: admin
2026-07-18T11:27:38.639Z - [Leads] Fetching visible users...
2026-07-18T11:27:39.458Z - [Leads] Visible users found: 13
2026-07-18T11:27:39.459Z - [Leads] [Leads] Querying Prisma with where: {"rotationViolation":true,"isDeleted":false,"organisationId":"23d99450-83e7-4382-9312-d07f083447c0","previousOwnerId":{"in":["fc139c17-d8ba-40f0-8fc0-de857274c943","6d5e601a-d676-4cc6-a860-1a65d3734dab","c68a8236-7b93-4ff3-be69-01297ecfaceb","86498817-2f82-4695-ac75-4feae00ba43b","3b2c2b6a-7ec1-48cb-b98e-4ce026c6a984","2dc472bd-b2a9-4f5b-9066-b0561963cafe","941754a0-1107-4c7c-b7db-980d23df8557","5dac5c27-9d02-455e-bb18-022d0f9afc43","a98aa35e-414a-4939-b425-e0455bfe7eb7","59c25921-95e6-45bd-b7ad-0a07d7079537","6fbc44cd-4167-4571-8198-953e7281a059","9bd78fcd-deeb-4106-a5ec-68a6df672b97","4a6fae60-0298-4026-b0b6-378ed0ec880b"]}}
2026-07-18T11:27:39.596Z - [Leads] [Leads] Violations found: 0
2026-07-18T11:28:39.921Z - [Leads] Entered getViolations
2026-07-18T11:28:39.922Z - [Leads] User: fc139c17-d8ba-40f0-8fc0-de857274c943, Role: admin
2026-07-18T11:28:39.923Z - [Leads] Fetching visible users...
2026-07-18T11:28:40.697Z - [Leads] Visible users found: 13
2026-07-18T11:28:40.699Z - [Leads] [Leads] Querying Prisma with where: {"rotationViolation":true,"isDeleted":false,"organisationId":"23d99450-83e7-4382-9312-d07f083447c0","previousOwnerId":{"in":["fc139c17-d8ba-40f0-8fc0-de857274c943","6d5e601a-d676-4cc6-a860-1a65d3734dab","c68a8236-7b93-4ff3-be69-01297ecfaceb","86498817-2f82-4695-ac75-4feae00ba43b","3b2c2b6a-7ec1-48cb-b98e-4ce026c6a984","2dc472bd-b2a9-4f5b-9066-b0561963cafe","941754a0-1107-4c7c-b7db-980d23df8557","5dac5c27-9d02-455e-bb18-022d0f9afc43","a98aa35e-414a-4939-b425-e0455bfe7eb7","59c25921-95e6-45bd-b7ad-0a07d7079537","6fbc44cd-4167-4571-8198-953e7281a059","9bd78fcd-deeb-4106-a5ec-68a6df672b97","4a6fae60-0298-4026-b0b6-378ed0ec880b"]}}
2026-07-18T11:28:40.745Z - [Leads] [Leads] Violations found: 0
2026-07-18T11:29:41.081Z - [Leads] Entered getViolations
2026-07-18T11:29:41.082Z - [Leads] User: fc139c17-d8ba-40f0-8fc0-de857274c943, Role: admin
2026-07-18T11:29:41.083Z - [Leads] Fetching visible users...
2026-07-18T11:29:41.819Z - [Leads] Visible users found: 13
2026-07-18T11:29:41.820Z - [Leads] [Leads] Querying Prisma with where: {"rotationViolation":true,"isDeleted":false,"organisationId":"23d99450-83e7-4382-9312-d07f083447c0","previousOwnerId":{"in":["fc139c17-d8ba-40f0-8fc0-de857274c943","6d5e601a-d676-4cc6-a860-1a65d3734dab","c68a8236-7b93-4ff3-be69-01297ecfaceb","86498817-2f82-4695-ac75-4feae00ba43b","3b2c2b6a-7ec1-48cb-b98e-4ce026c6a984","2dc472bd-b2a9-4f5b-9066-b0561963cafe","941754a0-1107-4c7c-b7db-980d23df8557","5dac5c27-9d02-455e-bb18-022d0f9afc43","a98aa35e-414a-4939-b425-e0455bfe7eb7","59c25921-95e6-45bd-b7ad-0a07d7079537","6fbc44cd-4167-4571-8198-953e7281a059","9bd78fcd-deeb-4106-a5ec-68a6df672b97","4a6fae60-0298-4026-b0b6-378ed0ec880b"]}}
2026-07-18T11:29:41.864Z - [Leads] [Leads] Violations found: 0
2026-07-18T11:30:42.202Z - [Leads] Entered getViolations
2026-07-18T11:30:42.203Z - [Leads] User: fc139c17-d8ba-40f0-8fc0-de857274c943, Role: admin
2026-07-18T11:30:42.204Z - [Leads] Fetching visible users...
2026-07-18T11:30:43.108Z - [Leads] Visible users found: 13
2026-07-18T11:30:43.109Z - [Leads] [Leads] Querying Prisma with where: {"rotationViolation":true,"isDeleted":false,"organisationId":"23d99450-83e7-4382-9312-d07f083447c0","previousOwnerId":{"in":["fc139c17-d8ba-40f0-8fc0-de857274c943","6d5e601a-d676-4cc6-a860-1a65d3734dab","c68a8236-7b93-4ff3-be69-01297ecfaceb","86498817-2f82-4695-ac75-4feae00ba43b","3b2c2b6a-7ec1-48cb-b98e-4ce026c6a984","2dc472bd-b2a9-4f5b-9066-b0561963cafe","941754a0-1107-4c7c-b7db-980d23df8557","5dac5c27-9d02-455e-bb18-022d0f9afc43","a98aa35e-414a-4939-b425-e0455bfe7eb7","59c25921-95e6-45bd-b7ad-0a07d7079537","6fbc44cd-4167-4571-8198-953e7281a059","9bd78fcd-deeb-4106-a5ec-68a6df672b97","4a6fae60-0298-4026-b0b6-378ed0ec880b"]}}
2026-07-18T11:30:43.200Z - [Leads] [Leads] Violations found: 0
2026-07-18T11:31:43.553Z - [Leads] Entered getViolations
2026-07-18T11:31:43.554Z - [Leads] User: fc139c17-d8ba-40f0-8fc0-de857274c943, Role: admin
2026-07-18T11:31:43.555Z - [Leads] Fetching visible users...
2026-07-18T11:31:44.335Z - [Leads] Visible users found: 13
2026-07-18T11:31:44.338Z - [Leads] [Leads] Querying Prisma with where: {"rotationViolation":true,"isDeleted":false,"organisationId":"23d99450-83e7-4382-9312-d07f083447c0","previousOwnerId":{"in":["fc139c17-d8ba-40f0-8fc0-de857274c943","6d5e601a-d676-4cc6-a860-1a65d3734dab","c68a8236-7b93-4ff3-be69-01297ecfaceb","86498817-2f82-4695-ac75-4feae00ba43b","3b2c2b6a-7ec1-48cb-b98e-4ce026c6a984","2dc472bd-b2a9-4f5b-9066-b0561963cafe","941754a0-1107-4c7c-b7db-980d23df8557","5dac5c27-9d02-455e-bb18-022d0f9afc43","a98aa35e-414a-4939-b425-e0455bfe7eb7","59c25921-95e6-45bd-b7ad-0a07d7079537","6fbc44cd-4167-4571-8198-953e7281a059","9bd78fcd-deeb-4106-a5ec-68a6df672b97","4a6fae60-0298-4026-b0b6-378ed0ec880b"]}}
2026-07-18T11:31:44.384Z - [Leads] [Leads] Violations found: 0
2026-07-18T11:32:44.650Z - [Leads] Entered getViolations
2026-07-18T11:32:44.653Z - [Leads] User: fc139c17-d8ba-40f0-8fc0-de857274c943, Role: admin
2026-07-18T11:32:44.656Z - [Leads] Fetching visible users...
2026-07-18T11:32:45.572Z - [Leads] Visible users found: 13
2026-07-18T11:32:45.573Z - [Leads] [Leads] Querying Prisma with where: {"rotationViolation":true,"isDeleted":false,"organisationId":"23d99450-83e7-4382-9312-d07f083447c0","previousOwnerId":{"in":["fc139c17-d8ba-40f0-8fc0-de857274c943","6d5e601a-d676-4cc6-a860-1a65d3734dab","c68a8236-7b93-4ff3-be69-01297ecfaceb","86498817-2f82-4695-ac75-4feae00ba43b","3b2c2b6a-7ec1-48cb-b98e-4ce026c6a984","2dc472bd-b2a9-4f5b-9066-b0561963cafe","941754a0-1107-4c7c-b7db-980d23df8557","5dac5c27-9d02-455e-bb18-022d0f9afc43","a98aa35e-414a-4939-b425-e0455bfe7eb7","59c25921-95e6-45bd-b7ad-0a07d7079537","6fbc44cd-4167-4571-8198-953e7281a059","9bd78fcd-deeb-4106-a5ec-68a6df672b97","4a6fae60-0298-4026-b0b6-378ed0ec880b"]}}
2026-07-18T11:32:45.668Z - [Leads] [Leads] Violations found: 0
2026-07-18T11:33:45.981Z - [Leads] Entered getViolations
2026-07-18T11:33:45.983Z - [Leads] User: fc139c17-d8ba-40f0-8fc0-de857274c943, Role: admin
2026-07-18T11:33:45.985Z - [Leads] Fetching visible users...
2026-07-18T11:33:46.672Z - [Leads] Visible users found: 13
2026-07-18T11:33:46.673Z - [Leads] [Leads] Querying Prisma with where: {"rotationViolation":true,"isDeleted":false,"organisationId":"23d99450-83e7-4382-9312-d07f083447c0","previousOwnerId":{"in":["fc139c17-d8ba-40f0-8fc0-de857274c943","6d5e601a-d676-4cc6-a860-1a65d3734dab","c68a8236-7b93-4ff3-be69-01297ecfaceb","86498817-2f82-4695-ac75-4feae00ba43b","3b2c2b6a-7ec1-48cb-b98e-4ce026c6a984","2dc472bd-b2a9-4f5b-9066-b0561963cafe","941754a0-1107-4c7c-b7db-980d23df8557","5dac5c27-9d02-455e-bb18-022d0f9afc43","a98aa35e-414a-4939-b425-e0455bfe7eb7","59c25921-95e6-45bd-b7ad-0a07d7079537","6fbc44cd-4167-4571-8198-953e7281a059","9bd78fcd-deeb-4106-a5ec-68a6df672b97","4a6fae60-0298-4026-b0b6-378ed0ec880b"]}}
2026-07-18T11:33:46.716Z - [Leads] [Leads] Violations found: 0
2026-07-18T11:34:47.249Z - [Leads] Entered getViolations
2026-07-18T11:34:47.252Z - [Leads] User: fc139c17-d8ba-40f0-8fc0-de857274c943, Role: admin
2026-07-18T11:34:47.254Z - [Leads] Fetching visible users...
2026-07-18T11:34:49.649Z - [Leads] Visible users found: 13
2026-07-18T11:34:49.651Z - [Leads] [Leads] Querying Prisma with where: {"rotationViolation":true,"isDeleted":false,"organisationId":"23d99450-83e7-4382-9312-d07f083447c0","previousOwnerId":{"in":["fc139c17-d8ba-40f0-8fc0-de857274c943","6d5e601a-d676-4cc6-a860-1a65d3734dab","c68a8236-7b93-4ff3-be69-01297ecfaceb","86498817-2f82-4695-ac75-4feae00ba43b","3b2c2b6a-7ec1-48cb-b98e-4ce026c6a984","2dc472bd-b2a9-4f5b-9066-b0561963cafe","941754a0-1107-4c7c-b7db-980d23df8557","5dac5c27-9d02-455e-bb18-022d0f9afc43","a98aa35e-414a-4939-b425-e0455bfe7eb7","59c25921-95e6-45bd-b7ad-0a07d7079537","6fbc44cd-4167-4571-8198-953e7281a059","9bd78fcd-deeb-4106-a5ec-68a6df672b97","4a6fae60-0298-4026-b0b6-378ed0ec880b"]}}
2026-07-18T11:34:49.701Z - [Leads] [Leads] Violations found: 0
2026-07-18T11:38:40.282Z - [Leads] Entered getViolations
2026-07-18T11:38:40.283Z - [Leads] User: fc139c17-d8ba-40f0-8fc0-de857274c943, Role: admin
2026-07-18T11:38:40.285Z - [Leads] Fetching visible users...
2026-07-18T11:38:41.270Z - [Leads] Visible users found: 13
2026-07-18T11:38:41.271Z - [Leads] [Leads] Querying Prisma with where: {"rotationViolation":true,"isDeleted":false,"organisationId":"23d99450-83e7-4382-9312-d07f083447c0","previousOwnerId":{"in":["fc139c17-d8ba-40f0-8fc0-de857274c943","6d5e601a-d676-4cc6-a860-1a65d3734dab","c68a8236-7b93-4ff3-be69-01297ecfaceb","86498817-2f82-4695-ac75-4feae00ba43b","3b2c2b6a-7ec1-48cb-b98e-4ce026c6a984","2dc472bd-b2a9-4f5b-9066-b0561963cafe","941754a0-1107-4c7c-b7db-980d23df8557","5dac5c27-9d02-455e-bb18-022d0f9afc43","a98aa35e-414a-4939-b425-e0455bfe7eb7","59c25921-95e6-45bd-b7ad-0a07d7079537","6fbc44cd-4167-4571-8198-953e7281a059","9bd78fcd-deeb-4106-a5ec-68a6df672b97","4a6fae60-0298-4026-b0b6-378ed0ec880b"]}}
2026-07-18T11:38:41.375Z - [Leads] [Leads] Violations found: 0
2026-07-18T11:39:13.976Z - [Leads] Entered getViolations
2026-07-18T11:39:13.978Z - [Leads] User: fc139c17-d8ba-40f0-8fc0-de857274c943, Role: admin
2026-07-18T11:39:13.979Z - [Leads] Fetching visible users...
2026-07-18T11:39:14.079Z - Entered getDashboardStats
2026-07-18T11:39:14.080Z - [Analytics] User: fc139c17-d8ba-40f0-8fc0-de857274c943, Org: 23d99450-83e7-4382-9312-d07f083447c0, SuperAdmin: false
2026-07-18T11:39:14.082Z - [Analytics] Importing hierarchyUtils...
2026-07-18T11:39:14.084Z - [Analytics] Fetching visibleUserIds...
2026-07-18T11:39:14.882Z - [Leads] Visible users found: 13
2026-07-18T11:39:14.884Z - [Leads] [Leads] Querying Prisma with where: {"rotationViolation":true,"isDeleted":false,"organisationId":"23d99450-83e7-4382-9312-d07f083447c0","previousOwnerId":{"in":["fc139c17-d8ba-40f0-8fc0-de857274c943","6d5e601a-d676-4cc6-a860-1a65d3734dab","c68a8236-7b93-4ff3-be69-01297ecfaceb","86498817-2f82-4695-ac75-4feae00ba43b","3b2c2b6a-7ec1-48cb-b98e-4ce026c6a984","2dc472bd-b2a9-4f5b-9066-b0561963cafe","941754a0-1107-4c7c-b7db-980d23df8557","5dac5c27-9d02-455e-bb18-022d0f9afc43","a98aa35e-414a-4939-b425-e0455bfe7eb7","59c25921-95e6-45bd-b7ad-0a07d7079537","6fbc44cd-4167-4571-8198-953e7281a059","9bd78fcd-deeb-4106-a5ec-68a6df672b97","4a6fae60-0298-4026-b0b6-378ed0ec880b"]}}
2026-07-18T11:39:14.930Z - [Leads] [Leads] Violations found: 0
2026-07-18T11:39:15.005Z - [Analytics] Visible users: 13
2026-07-18T11:39:41.617Z - [Leads] Entered getViolations
2026-07-18T11:39:41.619Z - [Leads] User: fc139c17-d8ba-40f0-8fc0-de857274c943, Role: admin
2026-07-18T11:39:41.621Z - [Leads] Fetching visible users...
2026-07-18T11:39:42.328Z - [Leads] Visible users found: 13
2026-07-18T11:39:42.333Z - [Leads] [Leads] Querying Prisma with where: {"rotationViolation":true,"isDeleted":false,"organisationId":"23d99450-83e7-4382-9312-d07f083447c0","previousOwnerId":{"in":["fc139c17-d8ba-40f0-8fc0-de857274c943","6d5e601a-d676-4cc6-a860-1a65d3734dab","c68a8236-7b93-4ff3-be69-01297ecfaceb","86498817-2f82-4695-ac75-4feae00ba43b","3b2c2b6a-7ec1-48cb-b98e-4ce026c6a984","2dc472bd-b2a9-4f5b-9066-b0561963cafe","941754a0-1107-4c7c-b7db-980d23df8557","5dac5c27-9d02-455e-bb18-022d0f9afc43","a98aa35e-414a-4939-b425-e0455bfe7eb7","59c25921-95e6-45bd-b7ad-0a07d7079537","6fbc44cd-4167-4571-8198-953e7281a059","9bd78fcd-deeb-4106-a5ec-68a6df672b97","4a6fae60-0298-4026-b0b6-378ed0ec880b"]}}
2026-07-18T11:39:42.427Z - [Leads] [Leads] Violations found: 0
2026-07-18T11:40:15.236Z - [Leads] Entered getViolations
2026-07-18T11:40:15.237Z - [Leads] User: fc139c17-d8ba-40f0-8fc0-de857274c943, Role: admin
2026-07-18T11:40:15.238Z - [Leads] Fetching visible users...
2026-07-18T11:40:15.953Z - [Leads] Visible users found: 13
2026-07-18T11:40:15.954Z - [Leads] [Leads] Querying Prisma with where: {"rotationViolation":true,"isDeleted":false,"organisationId":"23d99450-83e7-4382-9312-d07f083447c0","previousOwnerId":{"in":["fc139c17-d8ba-40f0-8fc0-de857274c943","6d5e601a-d676-4cc6-a860-1a65d3734dab","c68a8236-7b93-4ff3-be69-01297ecfaceb","86498817-2f82-4695-ac75-4feae00ba43b","3b2c2b6a-7ec1-48cb-b98e-4ce026c6a984","2dc472bd-b2a9-4f5b-9066-b0561963cafe","941754a0-1107-4c7c-b7db-980d23df8557","5dac5c27-9d02-455e-bb18-022d0f9afc43","a98aa35e-414a-4939-b425-e0455bfe7eb7","59c25921-95e6-45bd-b7ad-0a07d7079537","6fbc44cd-4167-4571-8198-953e7281a059","9bd78fcd-deeb-4106-a5ec-68a6df672b97","4a6fae60-0298-4026-b0b6-378ed0ec880b"]}}
2026-07-18T11:40:16.005Z - [Leads] [Leads] Violations found: 0
2026-07-18T11:40:42.647Z - [Leads] Entered getViolations
2026-07-18T11:40:42.648Z - [Leads] User: fc139c17-d8ba-40f0-8fc0-de857274c943, Role: admin
2026-07-18T11:40:42.649Z - [Leads] Fetching visible users...
2026-07-18T11:40:43.316Z - [Leads] Visible users found: 13
2026-07-18T11:40:43.317Z - [Leads] [Leads] Querying Prisma with where: {"rotationViolation":true,"isDeleted":false,"organisationId":"23d99450-83e7-4382-9312-d07f083447c0","previousOwnerId":{"in":["fc139c17-d8ba-40f0-8fc0-de857274c943","6d5e601a-d676-4cc6-a860-1a65d3734dab","c68a8236-7b93-4ff3-be69-01297ecfaceb","86498817-2f82-4695-ac75-4feae00ba43b","3b2c2b6a-7ec1-48cb-b98e-4ce026c6a984","2dc472bd-b2a9-4f5b-9066-b0561963cafe","941754a0-1107-4c7c-b7db-980d23df8557","5dac5c27-9d02-455e-bb18-022d0f9afc43","a98aa35e-414a-4939-b425-e0455bfe7eb7","59c25921-95e6-45bd-b7ad-0a07d7079537","6fbc44cd-4167-4571-8198-953e7281a059","9bd78fcd-deeb-4106-a5ec-68a6df672b97","4a6fae60-0298-4026-b0b6-378ed0ec880b"]}}
2026-07-18T11:40:43.368Z - [Leads] [Leads] Violations found: 0
2026-07-18T11:41:31.307Z - [Leads] Entered getViolations
2026-07-18T11:41:31.308Z - [Leads] User: fc139c17-d8ba-40f0-8fc0-de857274c943, Role: admin
2026-07-18T11:41:31.310Z - [Leads] Fetching visible users...
2026-07-18T11:41:40.416Z - [Leads] Visible users found: 13
2026-07-18T11:41:40.417Z - [Leads] [Leads] Querying Prisma with where: {"rotationViolation":true,"isDeleted":false,"organisationId":"23d99450-83e7-4382-9312-d07f083447c0","previousOwnerId":{"in":["fc139c17-d8ba-40f0-8fc0-de857274c943","6d5e601a-d676-4cc6-a860-1a65d3734dab","c68a8236-7b93-4ff3-be69-01297ecfaceb","86498817-2f82-4695-ac75-4feae00ba43b","3b2c2b6a-7ec1-48cb-b98e-4ce026c6a984","2dc472bd-b2a9-4f5b-9066-b0561963cafe","941754a0-1107-4c7c-b7db-980d23df8557","5dac5c27-9d02-455e-bb18-022d0f9afc43","a98aa35e-414a-4939-b425-e0455bfe7eb7","59c25921-95e6-45bd-b7ad-0a07d7079537","6fbc44cd-4167-4571-8198-953e7281a059","9bd78fcd-deeb-4106-a5ec-68a6df672b97","4a6fae60-0298-4026-b0b6-378ed0ec880b"]}}
2026-07-18T11:41:40.988Z - [Leads] [Leads] Violations found: 0
2026-07-18T11:41:52.839Z - [Leads] Entered getViolations
2026-07-18T11:41:52.841Z - [Leads] User: fc139c17-d8ba-40f0-8fc0-de857274c943, Role: admin
2026-07-18T11:41:52.842Z - [Leads] Fetching visible users...
2026-07-18T11:41:53.473Z - Entered getDashboardStats
2026-07-18T11:41:53.475Z - [Analytics] User: fc139c17-d8ba-40f0-8fc0-de857274c943, Org: 23d99450-83e7-4382-9312-d07f083447c0, SuperAdmin: false
2026-07-18T11:41:53.476Z - [Analytics] Importing hierarchyUtils...
2026-07-18T11:41:53.478Z - [Analytics] Fetching visibleUserIds...
2026-07-18T11:41:53.974Z - [Leads] Visible users found: 13
2026-07-18T11:41:53.975Z - [Leads] [Leads] Querying Prisma with where: {"rotationViolation":true,"isDeleted":false,"organisationId":"23d99450-83e7-4382-9312-d07f083447c0","previousOwnerId":{"in":["fc139c17-d8ba-40f0-8fc0-de857274c943","6d5e601a-d676-4cc6-a860-1a65d3734dab","c68a8236-7b93-4ff3-be69-01297ecfaceb","86498817-2f82-4695-ac75-4feae00ba43b","3b2c2b6a-7ec1-48cb-b98e-4ce026c6a984","2dc472bd-b2a9-4f5b-9066-b0561963cafe","941754a0-1107-4c7c-b7db-980d23df8557","5dac5c27-9d02-455e-bb18-022d0f9afc43","a98aa35e-414a-4939-b425-e0455bfe7eb7","59c25921-95e6-45bd-b7ad-0a07d7079537","6fbc44cd-4167-4571-8198-953e7281a059","9bd78fcd-deeb-4106-a5ec-68a6df672b97","4a6fae60-0298-4026-b0b6-378ed0ec880b"]}}
2026-07-18T11:41:54.061Z - [Leads] [Leads] Violations found: 0
2026-07-18T11:41:54.538Z - [Analytics] Visible users: 13
2026-07-18T11:42:54.624Z - [Leads] Entered getViolations
2026-07-18T11:42:54.625Z - [Leads] User: fc139c17-d8ba-40f0-8fc0-de857274c943, Role: admin
2026-07-18T11:42:54.626Z - [Leads] Fetching visible users...
2026-07-18T11:42:55.891Z - [Leads] Visible users found: 13
2026-07-18T11:42:55.892Z - [Leads] [Leads] Querying Prisma with where: {"rotationViolation":true,"isDeleted":false,"organisationId":"23d99450-83e7-4382-9312-d07f083447c0","previousOwnerId":{"in":["fc139c17-d8ba-40f0-8fc0-de857274c943","6d5e601a-d676-4cc6-a860-1a65d3734dab","c68a8236-7b93-4ff3-be69-01297ecfaceb","86498817-2f82-4695-ac75-4feae00ba43b","3b2c2b6a-7ec1-48cb-b98e-4ce026c6a984","2dc472bd-b2a9-4f5b-9066-b0561963cafe","941754a0-1107-4c7c-b7db-980d23df8557","5dac5c27-9d02-455e-bb18-022d0f9afc43","a98aa35e-414a-4939-b425-e0455bfe7eb7","59c25921-95e6-45bd-b7ad-0a07d7079537","6fbc44cd-4167-4571-8198-953e7281a059","9bd78fcd-deeb-4106-a5ec-68a6df672b97","4a6fae60-0298-4026-b0b6-378ed0ec880b"]}}
2026-07-18T11:42:55.975Z - [Leads] [Leads] Violations found: 0
2026-07-18T11:43:58.000Z - [Leads] Entered getViolations
2026-07-18T11:43:58.002Z - [Leads] User: fc139c17-d8ba-40f0-8fc0-de857274c943, Role: admin
2026-07-18T11:43:58.006Z - [Leads] Fetching visible users...
2026-07-18T11:43:59.135Z - [Leads] Visible users found: 13
2026-07-18T11:43:59.136Z - [Leads] [Leads] Querying Prisma with where: {"rotationViolation":true,"isDeleted":false,"organisationId":"23d99450-83e7-4382-9312-d07f083447c0","previousOwnerId":{"in":["fc139c17-d8ba-40f0-8fc0-de857274c943","6d5e601a-d676-4cc6-a860-1a65d3734dab","c68a8236-7b93-4ff3-be69-01297ecfaceb","86498817-2f82-4695-ac75-4feae00ba43b","3b2c2b6a-7ec1-48cb-b98e-4ce026c6a984","2dc472bd-b2a9-4f5b-9066-b0561963cafe","941754a0-1107-4c7c-b7db-980d23df8557","5dac5c27-9d02-455e-bb18-022d0f9afc43","a98aa35e-414a-4939-b425-e0455bfe7eb7","59c25921-95e6-45bd-b7ad-0a07d7079537","6fbc44cd-4167-4571-8198-953e7281a059","9bd78fcd-deeb-4106-a5ec-68a6df672b97","4a6fae60-0298-4026-b0b6-378ed0ec880b"]}}
2026-07-18T11:43:59.342Z - [Leads] [Leads] Violations found: 0
2026-07-18T11:44:02.990Z - [Leads] Entered getViolations
2026-07-18T11:44:02.992Z - [Leads] User: fc139c17-d8ba-40f0-8fc0-de857274c943, Role: admin
2026-07-18T11:44:02.993Z - [Leads] Fetching visible users...
2026-07-18T11:44:04.051Z - [Leads] Visible users found: 13
2026-07-18T11:44:04.052Z - [Leads] [Leads] Querying Prisma with where: {"rotationViolation":true,"isDeleted":false,"organisationId":"23d99450-83e7-4382-9312-d07f083447c0","previousOwnerId":{"in":["fc139c17-d8ba-40f0-8fc0-de857274c943","6d5e601a-d676-4cc6-a860-1a65d3734dab","c68a8236-7b93-4ff3-be69-01297ecfaceb","86498817-2f82-4695-ac75-4feae00ba43b","3b2c2b6a-7ec1-48cb-b98e-4ce026c6a984","2dc472bd-b2a9-4f5b-9066-b0561963cafe","941754a0-1107-4c7c-b7db-980d23df8557","5dac5c27-9d02-455e-bb18-022d0f9afc43","a98aa35e-414a-4939-b425-e0455bfe7eb7","59c25921-95e6-45bd-b7ad-0a07d7079537","6fbc44cd-4167-4571-8198-953e7281a059","9bd78fcd-deeb-4106-a5ec-68a6df672b97","4a6fae60-0298-4026-b0b6-378ed0ec880b"]}}
2026-07-18T11:44:04.150Z - [Leads] [Leads] Violations found: 0
2026-07-18T11:45:04.588Z - [Leads] Entered getViolations
2026-07-18T11:45:04.590Z - [Leads] User: fc139c17-d8ba-40f0-8fc0-de857274c943, Role: admin
2026-07-18T11:45:04.591Z - [Leads] Fetching visible users...
2026-07-18T11:45:05.452Z - [Leads] Visible users found: 13
2026-07-18T11:45:05.453Z - [Leads] [Leads] Querying Prisma with where: {"rotationViolation":true,"isDeleted":false,"organisationId":"23d99450-83e7-4382-9312-d07f083447c0","previousOwnerId":{"in":["fc139c17-d8ba-40f0-8fc0-de857274c943","6d5e601a-d676-4cc6-a860-1a65d3734dab","c68a8236-7b93-4ff3-be69-01297ecfaceb","86498817-2f82-4695-ac75-4feae00ba43b","3b2c2b6a-7ec1-48cb-b98e-4ce026c6a984","2dc472bd-b2a9-4f5b-9066-b0561963cafe","941754a0-1107-4c7c-b7db-980d23df8557","5dac5c27-9d02-455e-bb18-022d0f9afc43","a98aa35e-414a-4939-b425-e0455bfe7eb7","59c25921-95e6-45bd-b7ad-0a07d7079537","6fbc44cd-4167-4571-8198-953e7281a059","9bd78fcd-deeb-4106-a5ec-68a6df672b97","4a6fae60-0298-4026-b0b6-378ed0ec880b"]}}
2026-07-18T11:45:05.527Z - [Leads] [Leads] Violations found: 0
2026-07-18T11:46:06.274Z - [Leads] Entered getViolations
2026-07-18T11:46:06.281Z - [Leads] User: fc139c17-d8ba-40f0-8fc0-de857274c943, Role: admin
2026-07-18T11:46:06.282Z - [Leads] Fetching visible users...
2026-07-18T11:46:08.291Z - [Leads] Visible users found: 13
2026-07-18T11:46:08.294Z - [Leads] [Leads] Querying Prisma with where: {"rotationViolation":true,"isDeleted":false,"organisationId":"23d99450-83e7-4382-9312-d07f083447c0","previousOwnerId":{"in":["fc139c17-d8ba-40f0-8fc0-de857274c943","6d5e601a-d676-4cc6-a860-1a65d3734dab","c68a8236-7b93-4ff3-be69-01297ecfaceb","86498817-2f82-4695-ac75-4feae00ba43b","3b2c2b6a-7ec1-48cb-b98e-4ce026c6a984","2dc472bd-b2a9-4f5b-9066-b0561963cafe","941754a0-1107-4c7c-b7db-980d23df8557","5dac5c27-9d02-455e-bb18-022d0f9afc43","a98aa35e-414a-4939-b425-e0455bfe7eb7","59c25921-95e6-45bd-b7ad-0a07d7079537","6fbc44cd-4167-4571-8198-953e7281a059","9bd78fcd-deeb-4106-a5ec-68a6df672b97","4a6fae60-0298-4026-b0b6-378ed0ec880b"]}}
2026-07-18T11:46:08.377Z - [Leads] [Leads] Violations found: 0
2026-07-18T11:47:08.782Z - [Leads] Entered getViolations
2026-07-18T11:47:08.787Z - [Leads] User: fc139c17-d8ba-40f0-8fc0-de857274c943, Role: admin
2026-07-18T11:47:08.788Z - [Leads] Fetching visible users...
2026-07-18T11:47:09.974Z - Entered getDashboardStats
2026-07-18T11:47:09.975Z - [Analytics] User: fc139c17-d8ba-40f0-8fc0-de857274c943, Org: 23d99450-83e7-4382-9312-d07f083447c0, SuperAdmin: false
2026-07-18T11:47:09.977Z - [Analytics] Importing hierarchyUtils...
2026-07-18T11:47:09.979Z - [Analytics] Fetching visibleUserIds...
2026-07-18T11:47:10.017Z - [Leads] Visible users found: 13
2026-07-18T11:47:10.020Z - [Leads] [Leads] Querying Prisma with where: {"rotationViolation":true,"isDeleted":false,"organisationId":"23d99450-83e7-4382-9312-d07f083447c0","previousOwnerId":{"in":["fc139c17-d8ba-40f0-8fc0-de857274c943","6d5e601a-d676-4cc6-a860-1a65d3734dab","c68a8236-7b93-4ff3-be69-01297ecfaceb","86498817-2f82-4695-ac75-4feae00ba43b","3b2c2b6a-7ec1-48cb-b98e-4ce026c6a984","2dc472bd-b2a9-4f5b-9066-b0561963cafe","941754a0-1107-4c7c-b7db-980d23df8557","5dac5c27-9d02-455e-bb18-022d0f9afc43","a98aa35e-414a-4939-b425-e0455bfe7eb7","59c25921-95e6-45bd-b7ad-0a07d7079537","6fbc44cd-4167-4571-8198-953e7281a059","9bd78fcd-deeb-4106-a5ec-68a6df672b97","4a6fae60-0298-4026-b0b6-378ed0ec880b"]}}
2026-07-18T11:47:10.088Z - [Leads] [Leads] Violations found: 0
2026-07-18T11:47:10.987Z - [Analytics] Visible users: 13
2026-07-18T11:48:10.746Z - [Leads] Entered getViolations
2026-07-18T11:48:10.748Z - [Leads] User: fc139c17-d8ba-40f0-8fc0-de857274c943, Role: admin
2026-07-18T11:48:10.749Z - [Leads] Fetching visible users...
2026-07-18T11:48:12.367Z - [Leads] Visible users found: 13
2026-07-18T11:48:12.374Z - [Leads] [Leads] Querying Prisma with where: {"rotationViolation":true,"isDeleted":false,"organisationId":"23d99450-83e7-4382-9312-d07f083447c0","previousOwnerId":{"in":["fc139c17-d8ba-40f0-8fc0-de857274c943","6d5e601a-d676-4cc6-a860-1a65d3734dab","c68a8236-7b93-4ff3-be69-01297ecfaceb","86498817-2f82-4695-ac75-4feae00ba43b","3b2c2b6a-7ec1-48cb-b98e-4ce026c6a984","2dc472bd-b2a9-4f5b-9066-b0561963cafe","941754a0-1107-4c7c-b7db-980d23df8557","5dac5c27-9d02-455e-bb18-022d0f9afc43","a98aa35e-414a-4939-b425-e0455bfe7eb7","59c25921-95e6-45bd-b7ad-0a07d7079537","6fbc44cd-4167-4571-8198-953e7281a059","9bd78fcd-deeb-4106-a5ec-68a6df672b97","4a6fae60-0298-4026-b0b6-378ed0ec880b"]}}
2026-07-18T11:48:12.492Z - [Leads] [Leads] Violations found: 0
2026-07-18T11:49:12.815Z - [Leads] Entered getViolations
2026-07-18T11:49:12.816Z - [Leads] User: fc139c17-d8ba-40f0-8fc0-de857274c943, Role: admin
2026-07-18T11:49:12.818Z - [Leads] Fetching visible users...
2026-07-18T11:49:13.422Z - [Leads] Visible users found: 13
2026-07-18T11:49:13.423Z - [Leads] [Leads] Querying Prisma with where: {"rotationViolation":true,"isDeleted":false,"organisationId":"23d99450-83e7-4382-9312-d07f083447c0","previousOwnerId":{"in":["fc139c17-d8ba-40f0-8fc0-de857274c943","6d5e601a-d676-4cc6-a860-1a65d3734dab","c68a8236-7b93-4ff3-be69-01297ecfaceb","86498817-2f82-4695-ac75-4feae00ba43b","3b2c2b6a-7ec1-48cb-b98e-4ce026c6a984","2dc472bd-b2a9-4f5b-9066-b0561963cafe","941754a0-1107-4c7c-b7db-980d23df8557","5dac5c27-9d02-455e-bb18-022d0f9afc43","a98aa35e-414a-4939-b425-e0455bfe7eb7","59c25921-95e6-45bd-b7ad-0a07d7079537","6fbc44cd-4167-4571-8198-953e7281a059","9bd78fcd-deeb-4106-a5ec-68a6df672b97","4a6fae60-0298-4026-b0b6-378ed0ec880b"]}}
2026-07-18T11:49:13.462Z - [Leads] [Leads] Violations found: 0
2026-07-18T11:49:41.965Z - [Leads] Entered getViolations
2026-07-18T11:49:41.966Z - [Leads] User: fc139c17-d8ba-40f0-8fc0-de857274c943, Role: admin
2026-07-18T11:49:41.967Z - [Leads] Fetching visible users...
2026-07-18T11:49:43.027Z - [Leads] Visible users found: 13
2026-07-18T11:49:43.028Z - [Leads] [Leads] Querying Prisma with where: {"rotationViolation":true,"isDeleted":false,"organisationId":"23d99450-83e7-4382-9312-d07f083447c0","previousOwnerId":{"in":["fc139c17-d8ba-40f0-8fc0-de857274c943","6d5e601a-d676-4cc6-a860-1a65d3734dab","c68a8236-7b93-4ff3-be69-01297ecfaceb","86498817-2f82-4695-ac75-4feae00ba43b","3b2c2b6a-7ec1-48cb-b98e-4ce026c6a984","2dc472bd-b2a9-4f5b-9066-b0561963cafe","941754a0-1107-4c7c-b7db-980d23df8557","5dac5c27-9d02-455e-bb18-022d0f9afc43","a98aa35e-414a-4939-b425-e0455bfe7eb7","59c25921-95e6-45bd-b7ad-0a07d7079537","6fbc44cd-4167-4571-8198-953e7281a059","9bd78fcd-deeb-4106-a5ec-68a6df672b97","4a6fae60-0298-4026-b0b6-378ed0ec880b"]}}
2026-07-18T11:49:43.122Z - [Leads] [Leads] Violations found: 0
2026-07-18T11:49:46.132Z - [Leads] Entered getViolations
2026-07-18T11:49:46.134Z - [Leads] User: fc139c17-d8ba-40f0-8fc0-de857274c943, Role: admin
2026-07-18T11:49:46.136Z - [Leads] Fetching visible users...
2026-07-18T11:49:47.090Z - [Leads] Visible users found: 13
2026-07-18T11:49:47.093Z - [Leads] [Leads] Querying Prisma with where: {"rotationViolation":true,"isDeleted":false,"organisationId":"23d99450-83e7-4382-9312-d07f083447c0","previousOwnerId":{"in":["fc139c17-d8ba-40f0-8fc0-de857274c943","6d5e601a-d676-4cc6-a860-1a65d3734dab","c68a8236-7b93-4ff3-be69-01297ecfaceb","86498817-2f82-4695-ac75-4feae00ba43b","3b2c2b6a-7ec1-48cb-b98e-4ce026c6a984","2dc472bd-b2a9-4f5b-9066-b0561963cafe","941754a0-1107-4c7c-b7db-980d23df8557","5dac5c27-9d02-455e-bb18-022d0f9afc43","a98aa35e-414a-4939-b425-e0455bfe7eb7","59c25921-95e6-45bd-b7ad-0a07d7079537","6fbc44cd-4167-4571-8198-953e7281a059","9bd78fcd-deeb-4106-a5ec-68a6df672b97","4a6fae60-0298-4026-b0b6-378ed0ec880b"]}}
2026-07-18T11:49:47.345Z - [Leads] [Leads] Violations found: 0
2026-07-18T11:50:43.519Z - [Leads] Entered getViolations
2026-07-18T11:50:43.520Z - [Leads] User: fc139c17-d8ba-40f0-8fc0-de857274c943, Role: admin
2026-07-18T11:50:43.521Z - [Leads] Fetching visible users...
2026-07-18T11:50:44.375Z - [Leads] Visible users found: 13
2026-07-18T11:50:44.377Z - [Leads] [Leads] Querying Prisma with where: {"rotationViolation":true,"isDeleted":false,"organisationId":"23d99450-83e7-4382-9312-d07f083447c0","previousOwnerId":{"in":["fc139c17-d8ba-40f0-8fc0-de857274c943","6d5e601a-d676-4cc6-a860-1a65d3734dab","c68a8236-7b93-4ff3-be69-01297ecfaceb","86498817-2f82-4695-ac75-4feae00ba43b","3b2c2b6a-7ec1-48cb-b98e-4ce026c6a984","2dc472bd-b2a9-4f5b-9066-b0561963cafe","941754a0-1107-4c7c-b7db-980d23df8557","5dac5c27-9d02-455e-bb18-022d0f9afc43","a98aa35e-414a-4939-b425-e0455bfe7eb7","59c25921-95e6-45bd-b7ad-0a07d7079537","6fbc44cd-4167-4571-8198-953e7281a059","9bd78fcd-deeb-4106-a5ec-68a6df672b97","4a6fae60-0298-4026-b0b6-378ed0ec880b"]}}
2026-07-18T11:50:44.485Z - [Leads] [Leads] Violations found: 0
2026-07-18T11:50:47.734Z - [Leads] Entered getViolations
2026-07-18T11:50:47.735Z - [Leads] User: fc139c17-d8ba-40f0-8fc0-de857274c943, Role: admin
2026-07-18T11:50:47.737Z - [Leads] Fetching visible users...
2026-07-18T11:50:48.574Z - [Leads] Visible users found: 13
2026-07-18T11:50:48.575Z - [Leads] [Leads] Querying Prisma with where: {"rotationViolation":true,"isDeleted":false,"organisationId":"23d99450-83e7-4382-9312-d07f083447c0","previousOwnerId":{"in":["fc139c17-d8ba-40f0-8fc0-de857274c943","6d5e601a-d676-4cc6-a860-1a65d3734dab","c68a8236-7b93-4ff3-be69-01297ecfaceb","86498817-2f82-4695-ac75-4feae00ba43b","3b2c2b6a-7ec1-48cb-b98e-4ce026c6a984","2dc472bd-b2a9-4f5b-9066-b0561963cafe","941754a0-1107-4c7c-b7db-980d23df8557","5dac5c27-9d02-455e-bb18-022d0f9afc43","a98aa35e-414a-4939-b425-e0455bfe7eb7","59c25921-95e6-45bd-b7ad-0a07d7079537","6fbc44cd-4167-4571-8198-953e7281a059","9bd78fcd-deeb-4106-a5ec-68a6df672b97","4a6fae60-0298-4026-b0b6-378ed0ec880b"]}}
2026-07-18T11:50:48.639Z - [Leads] [Leads] Violations found: 0
2026-07-18T11:51:44.913Z - [Leads] Entered getViolations
2026-07-18T11:51:44.914Z - [Leads] User: fc139c17-d8ba-40f0-8fc0-de857274c943, Role: admin
2026-07-18T11:51:44.915Z - [Leads] Fetching visible users...
2026-07-18T11:51:45.692Z - [Leads] Visible users found: 13
2026-07-18T11:51:45.693Z - [Leads] [Leads] Querying Prisma with where: {"rotationViolation":true,"isDeleted":false,"organisationId":"23d99450-83e7-4382-9312-d07f083447c0","previousOwnerId":{"in":["fc139c17-d8ba-40f0-8fc0-de857274c943","6d5e601a-d676-4cc6-a860-1a65d3734dab","c68a8236-7b93-4ff3-be69-01297ecfaceb","86498817-2f82-4695-ac75-4feae00ba43b","3b2c2b6a-7ec1-48cb-b98e-4ce026c6a984","2dc472bd-b2a9-4f5b-9066-b0561963cafe","941754a0-1107-4c7c-b7db-980d23df8557","5dac5c27-9d02-455e-bb18-022d0f9afc43","a98aa35e-414a-4939-b425-e0455bfe7eb7","59c25921-95e6-45bd-b7ad-0a07d7079537","6fbc44cd-4167-4571-8198-953e7281a059","9bd78fcd-deeb-4106-a5ec-68a6df672b97","4a6fae60-0298-4026-b0b6-378ed0ec880b"]}}
2026-07-18T11:51:45.745Z - [Leads] [Leads] Violations found: 0
2026-07-18T11:52:46.036Z - [Leads] Entered getViolations
2026-07-18T11:52:46.037Z - [Leads] User: fc139c17-d8ba-40f0-8fc0-de857274c943, Role: admin
2026-07-18T11:52:46.038Z - [Leads] Fetching visible users...
2026-07-18T11:52:46.880Z - [Leads] Visible users found: 13
2026-07-18T11:52:46.881Z - [Leads] [Leads] Querying Prisma with where: {"rotationViolation":true,"isDeleted":false,"organisationId":"23d99450-83e7-4382-9312-d07f083447c0","previousOwnerId":{"in":["fc139c17-d8ba-40f0-8fc0-de857274c943","6d5e601a-d676-4cc6-a860-1a65d3734dab","c68a8236-7b93-4ff3-be69-01297ecfaceb","86498817-2f82-4695-ac75-4feae00ba43b","3b2c2b6a-7ec1-48cb-b98e-4ce026c6a984","2dc472bd-b2a9-4f5b-9066-b0561963cafe","941754a0-1107-4c7c-b7db-980d23df8557","5dac5c27-9d02-455e-bb18-022d0f9afc43","a98aa35e-414a-4939-b425-e0455bfe7eb7","59c25921-95e6-45bd-b7ad-0a07d7079537","6fbc44cd-4167-4571-8198-953e7281a059","9bd78fcd-deeb-4106-a5ec-68a6df672b97","4a6fae60-0298-4026-b0b6-378ed0ec880b"]}}
2026-07-18T11:52:46.966Z - [Leads] [Leads] Violations found: 0
2026-07-18T11:53:47.265Z - [Leads] Entered getViolations
2026-07-18T11:53:47.266Z - [Leads] User: fc139c17-d8ba-40f0-8fc0-de857274c943, Role: admin
2026-07-18T11:53:47.268Z - [Leads] Fetching visible users...
2026-07-18T11:53:47.917Z - [Leads] Visible users found: 13
2026-07-18T11:53:47.919Z - [Leads] [Leads] Querying Prisma with where: {"rotationViolation":true,"isDeleted":false,"organisationId":"23d99450-83e7-4382-9312-d07f083447c0","previousOwnerId":{"in":["fc139c17-d8ba-40f0-8fc0-de857274c943","6d5e601a-d676-4cc6-a860-1a65d3734dab","c68a8236-7b93-4ff3-be69-01297ecfaceb","86498817-2f82-4695-ac75-4feae00ba43b","3b2c2b6a-7ec1-48cb-b98e-4ce026c6a984","2dc472bd-b2a9-4f5b-9066-b0561963cafe","941754a0-1107-4c7c-b7db-980d23df8557","5dac5c27-9d02-455e-bb18-022d0f9afc43","a98aa35e-414a-4939-b425-e0455bfe7eb7","59c25921-95e6-45bd-b7ad-0a07d7079537","6fbc44cd-4167-4571-8198-953e7281a059","9bd78fcd-deeb-4106-a5ec-68a6df672b97","4a6fae60-0298-4026-b0b6-378ed0ec880b"]}}
2026-07-18T11:53:47.961Z - [Leads] [Leads] Violations found: 0
2026-07-18T11:54:48.361Z - [Leads] Entered getViolations
2026-07-18T11:54:48.363Z - [Leads] User: fc139c17-d8ba-40f0-8fc0-de857274c943, Role: admin
2026-07-18T11:54:48.365Z - [Leads] Fetching visible users...
2026-07-18T11:54:49.351Z - [Leads] Visible users found: 13
2026-07-18T11:54:49.354Z - [Leads] [Leads] Querying Prisma with where: {"rotationViolation":true,"isDeleted":false,"organisationId":"23d99450-83e7-4382-9312-d07f083447c0","previousOwnerId":{"in":["fc139c17-d8ba-40f0-8fc0-de857274c943","6d5e601a-d676-4cc6-a860-1a65d3734dab","c68a8236-7b93-4ff3-be69-01297ecfaceb","86498817-2f82-4695-ac75-4feae00ba43b","3b2c2b6a-7ec1-48cb-b98e-4ce026c6a984","2dc472bd-b2a9-4f5b-9066-b0561963cafe","941754a0-1107-4c7c-b7db-980d23df8557","5dac5c27-9d02-455e-bb18-022d0f9afc43","a98aa35e-414a-4939-b425-e0455bfe7eb7","59c25921-95e6-45bd-b7ad-0a07d7079537","6fbc44cd-4167-4571-8198-953e7281a059","9bd78fcd-deeb-4106-a5ec-68a6df672b97","4a6fae60-0298-4026-b0b6-378ed0ec880b"]}}
2026-07-18T11:54:49.415Z - [Leads] [Leads] Violations found: 0
2026-07-18T11:55:51.343Z - [Leads] Entered getViolations
2026-07-18T11:55:51.344Z - [Leads] User: fc139c17-d8ba-40f0-8fc0-de857274c943, Role: admin
2026-07-18T11:55:51.345Z - [Leads] Fetching visible users...
2026-07-18T11:55:52.352Z - [Leads] Visible users found: 13
2026-07-18T11:55:52.353Z - [Leads] [Leads] Querying Prisma with where: {"rotationViolation":true,"isDeleted":false,"organisationId":"23d99450-83e7-4382-9312-d07f083447c0","previousOwnerId":{"in":["fc139c17-d8ba-40f0-8fc0-de857274c943","6d5e601a-d676-4cc6-a860-1a65d3734dab","c68a8236-7b93-4ff3-be69-01297ecfaceb","86498817-2f82-4695-ac75-4feae00ba43b","3b2c2b6a-7ec1-48cb-b98e-4ce026c6a984","2dc472bd-b2a9-4f5b-9066-b0561963cafe","941754a0-1107-4c7c-b7db-980d23df8557","5dac5c27-9d02-455e-bb18-022d0f9afc43","a98aa35e-414a-4939-b425-e0455bfe7eb7","59c25921-95e6-45bd-b7ad-0a07d7079537","6fbc44cd-4167-4571-8198-953e7281a059","9bd78fcd-deeb-4106-a5ec-68a6df672b97","4a6fae60-0298-4026-b0b6-378ed0ec880b"]}}
2026-07-18T11:55:52.404Z - [Leads] [Leads] Violations found: 0
2026-07-18T11:56:18.417Z - [Leads] Entered getViolations
2026-07-18T11:56:18.420Z - [Leads] User: fc139c17-d8ba-40f0-8fc0-de857274c943, Role: admin
2026-07-18T11:56:18.422Z - [Leads] Fetching visible users...
2026-07-18T11:56:19.503Z - [Leads] Visible users found: 13
2026-07-18T11:56:19.506Z - [Leads] [Leads] Querying Prisma with where: {"rotationViolation":true,"isDeleted":false,"organisationId":"23d99450-83e7-4382-9312-d07f083447c0","previousOwnerId":{"in":["fc139c17-d8ba-40f0-8fc0-de857274c943","6d5e601a-d676-4cc6-a860-1a65d3734dab","c68a8236-7b93-4ff3-be69-01297ecfaceb","86498817-2f82-4695-ac75-4feae00ba43b","3b2c2b6a-7ec1-48cb-b98e-4ce026c6a984","2dc472bd-b2a9-4f5b-9066-b0561963cafe","941754a0-1107-4c7c-b7db-980d23df8557","5dac5c27-9d02-455e-bb18-022d0f9afc43","a98aa35e-414a-4939-b425-e0455bfe7eb7","59c25921-95e6-45bd-b7ad-0a07d7079537","6fbc44cd-4167-4571-8198-953e7281a059","9bd78fcd-deeb-4106-a5ec-68a6df672b97","4a6fae60-0298-4026-b0b6-378ed0ec880b"]}}
2026-07-18T11:56:19.636Z - [Leads] [Leads] Violations found: 0
2026-07-18T11:57:20.495Z - [Leads] Entered getViolations
2026-07-18T11:57:20.496Z - [Leads] User: fc139c17-d8ba-40f0-8fc0-de857274c943, Role: admin
2026-07-18T11:57:20.497Z - [Leads] Fetching visible users...
2026-07-18T11:57:21.964Z - [Leads] Visible users found: 13
2026-07-18T11:57:21.967Z - [Leads] [Leads] Querying Prisma with where: {"rotationViolation":true,"isDeleted":false,"organisationId":"23d99450-83e7-4382-9312-d07f083447c0","previousOwnerId":{"in":["fc139c17-d8ba-40f0-8fc0-de857274c943","6d5e601a-d676-4cc6-a860-1a65d3734dab","c68a8236-7b93-4ff3-be69-01297ecfaceb","86498817-2f82-4695-ac75-4feae00ba43b","3b2c2b6a-7ec1-48cb-b98e-4ce026c6a984","2dc472bd-b2a9-4f5b-9066-b0561963cafe","941754a0-1107-4c7c-b7db-980d23df8557","5dac5c27-9d02-455e-bb18-022d0f9afc43","a98aa35e-414a-4939-b425-e0455bfe7eb7","59c25921-95e6-45bd-b7ad-0a07d7079537","6fbc44cd-4167-4571-8198-953e7281a059","9bd78fcd-deeb-4106-a5ec-68a6df672b97","4a6fae60-0298-4026-b0b6-378ed0ec880b"]}}
2026-07-18T11:57:22.126Z - [Leads] [Leads] Violations found: 0
2026-07-18T11:58:23.558Z - [Leads] Entered getViolations
2026-07-18T11:58:23.559Z - [Leads] User: fc139c17-d8ba-40f0-8fc0-de857274c943, Role: admin
2026-07-18T11:58:23.560Z - [Leads] Fetching visible users...
2026-07-18T11:58:24.650Z - [Leads] Visible users found: 13
2026-07-18T11:58:24.652Z - [Leads] [Leads] Querying Prisma with where: {"rotationViolation":true,"isDeleted":false,"organisationId":"23d99450-83e7-4382-9312-d07f083447c0","previousOwnerId":{"in":["fc139c17-d8ba-40f0-8fc0-de857274c943","6d5e601a-d676-4cc6-a860-1a65d3734dab","c68a8236-7b93-4ff3-be69-01297ecfaceb","86498817-2f82-4695-ac75-4feae00ba43b","3b2c2b6a-7ec1-48cb-b98e-4ce026c6a984","2dc472bd-b2a9-4f5b-9066-b0561963cafe","941754a0-1107-4c7c-b7db-980d23df8557","5dac5c27-9d02-455e-bb18-022d0f9afc43","a98aa35e-414a-4939-b425-e0455bfe7eb7","59c25921-95e6-45bd-b7ad-0a07d7079537","6fbc44cd-4167-4571-8198-953e7281a059","9bd78fcd-deeb-4106-a5ec-68a6df672b97","4a6fae60-0298-4026-b0b6-378ed0ec880b"]}}
2026-07-18T11:58:24.769Z - [Leads] [Leads] Violations found: 0
2026-07-18T11:58:48.196Z - [Leads] Entered getViolations
2026-07-18T11:58:48.198Z - [Leads] User: fc139c17-d8ba-40f0-8fc0-de857274c943, Role: admin
2026-07-18T11:58:48.199Z - [Leads] Fetching visible users...
2026-07-18T11:58:49.151Z - [Leads] Visible users found: 13
2026-07-18T11:58:49.152Z - [Leads] [Leads] Querying Prisma with where: {"rotationViolation":true,"isDeleted":false,"organisationId":"23d99450-83e7-4382-9312-d07f083447c0","previousOwnerId":{"in":["fc139c17-d8ba-40f0-8fc0-de857274c943","6d5e601a-d676-4cc6-a860-1a65d3734dab","c68a8236-7b93-4ff3-be69-01297ecfaceb","86498817-2f82-4695-ac75-4feae00ba43b","3b2c2b6a-7ec1-48cb-b98e-4ce026c6a984","2dc472bd-b2a9-4f5b-9066-b0561963cafe","941754a0-1107-4c7c-b7db-980d23df8557","5dac5c27-9d02-455e-bb18-022d0f9afc43","a98aa35e-414a-4939-b425-e0455bfe7eb7","59c25921-95e6-45bd-b7ad-0a07d7079537","6fbc44cd-4167-4571-8198-953e7281a059","9bd78fcd-deeb-4106-a5ec-68a6df672b97","4a6fae60-0298-4026-b0b6-378ed0ec880b"]}}
2026-07-18T11:58:49.248Z - [Leads] [Leads] Violations found: 0
2026-07-18T11:59:49.463Z - [Leads] Entered getViolations
2026-07-18T11:59:49.464Z - [Leads] User: fc139c17-d8ba-40f0-8fc0-de857274c943, Role: admin
2026-07-18T11:59:49.465Z - [Leads] Fetching visible users...
2026-07-18T11:59:50.789Z - [Leads] Visible users found: 13
2026-07-18T11:59:50.791Z - [Leads] [Leads] Querying Prisma with where: {"rotationViolation":true,"isDeleted":false,"organisationId":"23d99450-83e7-4382-9312-d07f083447c0","previousOwnerId":{"in":["fc139c17-d8ba-40f0-8fc0-de857274c943","6d5e601a-d676-4cc6-a860-1a65d3734dab","c68a8236-7b93-4ff3-be69-01297ecfaceb","86498817-2f82-4695-ac75-4feae00ba43b","3b2c2b6a-7ec1-48cb-b98e-4ce026c6a984","2dc472bd-b2a9-4f5b-9066-b0561963cafe","941754a0-1107-4c7c-b7db-980d23df8557","5dac5c27-9d02-455e-bb18-022d0f9afc43","a98aa35e-414a-4939-b425-e0455bfe7eb7","59c25921-95e6-45bd-b7ad-0a07d7079537","6fbc44cd-4167-4571-8198-953e7281a059","9bd78fcd-deeb-4106-a5ec-68a6df672b97","4a6fae60-0298-4026-b0b6-378ed0ec880b"]}}
2026-07-18T11:59:51.001Z - [Leads] [Leads] Violations found: 0
2026-07-20T05:52:30.256Z - Entered getDashboardStats
2026-07-20T05:52:30.268Z - [Analytics] User: fc139c17-d8ba-40f0-8fc0-de857274c943, Org: 23d99450-83e7-4382-9312-d07f083447c0, SuperAdmin: false
2026-07-20T05:52:30.283Z - [Analytics] Importing hierarchyUtils...
2026-07-20T05:52:30.391Z - [Analytics] Fetching visibleUserIds...
2026-07-20T05:52:30.925Z - [Leads] Entered getViolations
2026-07-20T05:52:30.927Z - [Leads] User: fc139c17-d8ba-40f0-8fc0-de857274c943, Role: admin
2026-07-20T05:52:30.931Z - [Leads] Fetching visible users...
2026-07-20T05:52:32.291Z - [Analytics] Visible users: 13
2026-07-20T05:52:32.326Z - [Leads] Visible users found: 13
2026-07-20T05:52:32.327Z - [Leads] [Leads] Querying Prisma with where: {"rotationViolation":true,"isDeleted":false,"organisationId":"23d99450-83e7-4382-9312-d07f083447c0","previousOwnerId":{"in":["fc139c17-d8ba-40f0-8fc0-de857274c943","6d5e601a-d676-4cc6-a860-1a65d3734dab","c68a8236-7b93-4ff3-be69-01297ecfaceb","86498817-2f82-4695-ac75-4feae00ba43b","3b2c2b6a-7ec1-48cb-b98e-4ce026c6a984","2dc472bd-b2a9-4f5b-9066-b0561963cafe","941754a0-1107-4c7c-b7db-980d23df8557","5dac5c27-9d02-455e-bb18-022d0f9afc43","a98aa35e-414a-4939-b425-e0455bfe7eb7","59c25921-95e6-45bd-b7ad-0a07d7079537","6fbc44cd-4167-4571-8198-953e7281a059","9bd78fcd-deeb-4106-a5ec-68a6df672b97","4a6fae60-0298-4026-b0b6-378ed0ec880b"]}}
2026-07-20T05:52:33.046Z - [Leads] [Leads] Violations found: 0
2026-07-20T05:53:33.585Z - [Leads] Entered getViolations
2026-07-20T05:53:33.590Z - [Leads] User: fc139c17-d8ba-40f0-8fc0-de857274c943, Role: admin
2026-07-20T05:53:33.591Z - [Leads] Fetching visible users...
2026-07-20T05:53:34.738Z - [Leads] Visible users found: 13
2026-07-20T05:53:34.740Z - [Leads] [Leads] Querying Prisma with where: {"rotationViolation":true,"isDeleted":false,"organisationId":"23d99450-83e7-4382-9312-d07f083447c0","previousOwnerId":{"in":["fc139c17-d8ba-40f0-8fc0-de857274c943","6d5e601a-d676-4cc6-a860-1a65d3734dab","c68a8236-7b93-4ff3-be69-01297ecfaceb","86498817-2f82-4695-ac75-4feae00ba43b","3b2c2b6a-7ec1-48cb-b98e-4ce026c6a984","2dc472bd-b2a9-4f5b-9066-b0561963cafe","941754a0-1107-4c7c-b7db-980d23df8557","5dac5c27-9d02-455e-bb18-022d0f9afc43","a98aa35e-414a-4939-b425-e0455bfe7eb7","59c25921-95e6-45bd-b7ad-0a07d7079537","6fbc44cd-4167-4571-8198-953e7281a059","9bd78fcd-deeb-4106-a5ec-68a6df672b97","4a6fae60-0298-4026-b0b6-378ed0ec880b"]}}
2026-07-20T05:53:34.806Z - [Leads] [Leads] Violations found: 0
2026-07-20T05:55:03.306Z - Entered getDashboardStats
2026-07-20T05:55:03.308Z - [Analytics] User: fc139c17-d8ba-40f0-8fc0-de857274c943, Org: 23d99450-83e7-4382-9312-d07f083447c0, SuperAdmin: false
2026-07-20T05:55:03.310Z - [Analytics] Importing hierarchyUtils...
2026-07-20T05:55:03.312Z - [Analytics] Fetching visibleUserIds...
2026-07-20T05:55:04.087Z - [Leads] Entered getViolations
2026-07-20T05:55:04.088Z - [Leads] User: fc139c17-d8ba-40f0-8fc0-de857274c943, Role: admin
2026-07-20T05:55:04.089Z - [Leads] Fetching visible users...
2026-07-20T05:55:04.614Z - [Analytics] Visible users: 13
2026-07-20T05:55:05.425Z - [Leads] Visible users found: 13
2026-07-20T05:55:05.427Z - [Leads] [Leads] Querying Prisma with where: {"rotationViolation":true,"isDeleted":false,"organisationId":"23d99450-83e7-4382-9312-d07f083447c0","previousOwnerId":{"in":["fc139c17-d8ba-40f0-8fc0-de857274c943","6d5e601a-d676-4cc6-a860-1a65d3734dab","c68a8236-7b93-4ff3-be69-01297ecfaceb","86498817-2f82-4695-ac75-4feae00ba43b","3b2c2b6a-7ec1-48cb-b98e-4ce026c6a984","2dc472bd-b2a9-4f5b-9066-b0561963cafe","941754a0-1107-4c7c-b7db-980d23df8557","5dac5c27-9d02-455e-bb18-022d0f9afc43","a98aa35e-414a-4939-b425-e0455bfe7eb7","59c25921-95e6-45bd-b7ad-0a07d7079537","6fbc44cd-4167-4571-8198-953e7281a059","9bd78fcd-deeb-4106-a5ec-68a6df672b97","4a6fae60-0298-4026-b0b6-378ed0ec880b"]}}
2026-07-20T05:55:05.513Z - [Leads] [Leads] Violations found: 0
2026-07-20T05:56:06.025Z - [Leads] Entered getViolations
2026-07-20T05:56:06.026Z - [Leads] User: fc139c17-d8ba-40f0-8fc0-de857274c943, Role: admin
2026-07-20T05:56:06.028Z - [Leads] Fetching visible users...
2026-07-20T05:56:06.943Z - [Leads] Visible users found: 13
2026-07-20T05:56:06.944Z - [Leads] [Leads] Querying Prisma with where: {"rotationViolation":true,"isDeleted":false,"organisationId":"23d99450-83e7-4382-9312-d07f083447c0","previousOwnerId":{"in":["fc139c17-d8ba-40f0-8fc0-de857274c943","6d5e601a-d676-4cc6-a860-1a65d3734dab","c68a8236-7b93-4ff3-be69-01297ecfaceb","86498817-2f82-4695-ac75-4feae00ba43b","3b2c2b6a-7ec1-48cb-b98e-4ce026c6a984","2dc472bd-b2a9-4f5b-9066-b0561963cafe","941754a0-1107-4c7c-b7db-980d23df8557","5dac5c27-9d02-455e-bb18-022d0f9afc43","a98aa35e-414a-4939-b425-e0455bfe7eb7","59c25921-95e6-45bd-b7ad-0a07d7079537","6fbc44cd-4167-4571-8198-953e7281a059","9bd78fcd-deeb-4106-a5ec-68a6df672b97","4a6fae60-0298-4026-b0b6-378ed0ec880b"]}}
2026-07-20T05:56:07.042Z - [Leads] [Leads] Violations found: 0
2026-07-20T05:56:30.519Z - [Leads] Entered getViolations
2026-07-20T05:56:30.521Z - [Leads] User: fc139c17-d8ba-40f0-8fc0-de857274c943, Role: admin
2026-07-20T05:56:30.522Z - [Leads] Fetching visible users...
2026-07-20T05:56:31.759Z - [Leads] Visible users found: 13
2026-07-20T05:56:31.760Z - [Leads] [Leads] Querying Prisma with where: {"rotationViolation":true,"isDeleted":false,"organisationId":"23d99450-83e7-4382-9312-d07f083447c0","previousOwnerId":{"in":["fc139c17-d8ba-40f0-8fc0-de857274c943","6d5e601a-d676-4cc6-a860-1a65d3734dab","c68a8236-7b93-4ff3-be69-01297ecfaceb","86498817-2f82-4695-ac75-4feae00ba43b","3b2c2b6a-7ec1-48cb-b98e-4ce026c6a984","2dc472bd-b2a9-4f5b-9066-b0561963cafe","941754a0-1107-4c7c-b7db-980d23df8557","5dac5c27-9d02-455e-bb18-022d0f9afc43","a98aa35e-414a-4939-b425-e0455bfe7eb7","59c25921-95e6-45bd-b7ad-0a07d7079537","6fbc44cd-4167-4571-8198-953e7281a059","9bd78fcd-deeb-4106-a5ec-68a6df672b97","4a6fae60-0298-4026-b0b6-378ed0ec880b"]}}
2026-07-20T05:56:31.806Z - [Leads] [Leads] Violations found: 0
2026-07-20T06:01:14.751Z - [Leads] Entered getViolations
2026-07-20T06:01:14.753Z - [Leads] User: fc139c17-d8ba-40f0-8fc0-de857274c943, Role: admin
2026-07-20T06:01:14.755Z - [Leads] Fetching visible users...
2026-07-20T06:01:15.793Z - [Leads] Visible users found: 13
2026-07-20T06:01:15.796Z - [Leads] [Leads] Querying Prisma with where: {"rotationViolation":true,"isDeleted":false,"organisationId":"23d99450-83e7-4382-9312-d07f083447c0","previousOwnerId":{"in":["fc139c17-d8ba-40f0-8fc0-de857274c943","6d5e601a-d676-4cc6-a860-1a65d3734dab","c68a8236-7b93-4ff3-be69-01297ecfaceb","86498817-2f82-4695-ac75-4feae00ba43b","3b2c2b6a-7ec1-48cb-b98e-4ce026c6a984","2dc472bd-b2a9-4f5b-9066-b0561963cafe","941754a0-1107-4c7c-b7db-980d23df8557","5dac5c27-9d02-455e-bb18-022d0f9afc43","a98aa35e-414a-4939-b425-e0455bfe7eb7","59c25921-95e6-45bd-b7ad-0a07d7079537","6fbc44cd-4167-4571-8198-953e7281a059","9bd78fcd-deeb-4106-a5ec-68a6df672b97","4a6fae60-0298-4026-b0b6-378ed0ec880b"]}}
2026-07-20T06:01:15.883Z - [Leads] [Leads] Violations found: 0
2026-07-20T06:01:19.160Z - [Leads] Entered getViolations
2026-07-20T06:01:19.161Z - [Leads] User: fc139c17-d8ba-40f0-8fc0-de857274c943, Role: admin
2026-07-20T06:01:19.163Z - [Leads] Fetching visible users...
2026-07-20T06:01:19.988Z - [Leads] Visible users found: 13
2026-07-20T06:01:19.990Z - [Leads] [Leads] Querying Prisma with where: {"rotationViolation":true,"isDeleted":false,"organisationId":"23d99450-83e7-4382-9312-d07f083447c0","previousOwnerId":{"in":["fc139c17-d8ba-40f0-8fc0-de857274c943","6d5e601a-d676-4cc6-a860-1a65d3734dab","c68a8236-7b93-4ff3-be69-01297ecfaceb","86498817-2f82-4695-ac75-4feae00ba43b","3b2c2b6a-7ec1-48cb-b98e-4ce026c6a984","2dc472bd-b2a9-4f5b-9066-b0561963cafe","941754a0-1107-4c7c-b7db-980d23df8557","5dac5c27-9d02-455e-bb18-022d0f9afc43","a98aa35e-414a-4939-b425-e0455bfe7eb7","59c25921-95e6-45bd-b7ad-0a07d7079537","6fbc44cd-4167-4571-8198-953e7281a059","9bd78fcd-deeb-4106-a5ec-68a6df672b97","4a6fae60-0298-4026-b0b6-378ed0ec880b"]}}
2026-07-20T06:01:20.083Z - [Leads] [Leads] Violations found: 0
2026-07-20T06:01:44.118Z - [Leads] Entered getViolations
2026-07-20T06:01:44.121Z - [Leads] User: fc139c17-d8ba-40f0-8fc0-de857274c943, Role: admin
2026-07-20T06:01:44.122Z - [Leads] Fetching visible users...
2026-07-20T06:01:44.948Z - [Leads] Visible users found: 13
2026-07-20T06:01:44.951Z - [Leads] [Leads] Querying Prisma with where: {"rotationViolation":true,"isDeleted":false,"organisationId":"23d99450-83e7-4382-9312-d07f083447c0","previousOwnerId":{"in":["fc139c17-d8ba-40f0-8fc0-de857274c943","6d5e601a-d676-4cc6-a860-1a65d3734dab","c68a8236-7b93-4ff3-be69-01297ecfaceb","86498817-2f82-4695-ac75-4feae00ba43b","3b2c2b6a-7ec1-48cb-b98e-4ce026c6a984","2dc472bd-b2a9-4f5b-9066-b0561963cafe","941754a0-1107-4c7c-b7db-980d23df8557","5dac5c27-9d02-455e-bb18-022d0f9afc43","a98aa35e-414a-4939-b425-e0455bfe7eb7","59c25921-95e6-45bd-b7ad-0a07d7079537","6fbc44cd-4167-4571-8198-953e7281a059","9bd78fcd-deeb-4106-a5ec-68a6df672b97","4a6fae60-0298-4026-b0b6-378ed0ec880b"]}}
2026-07-20T06:01:45.054Z - [Leads] [Leads] Violations found: 0
2026-07-20T06:17:15.523Z - [Leads] Entered getViolations
2026-07-20T06:17:15.526Z - [Leads] User: fc139c17-d8ba-40f0-8fc0-de857274c943, Role: admin
2026-07-20T06:17:15.528Z - [Leads] Fetching visible users...
2026-07-20T06:17:16.451Z - [Leads] Visible users found: 13
2026-07-20T06:17:16.452Z - [Leads] [Leads] Querying Prisma with where: {"rotationViolation":true,"isDeleted":false,"organisationId":"23d99450-83e7-4382-9312-d07f083447c0","previousOwnerId":{"in":["fc139c17-d8ba-40f0-8fc0-de857274c943","6d5e601a-d676-4cc6-a860-1a65d3734dab","c68a8236-7b93-4ff3-be69-01297ecfaceb","86498817-2f82-4695-ac75-4feae00ba43b","3b2c2b6a-7ec1-48cb-b98e-4ce026c6a984","2dc472bd-b2a9-4f5b-9066-b0561963cafe","941754a0-1107-4c7c-b7db-980d23df8557","5dac5c27-9d02-455e-bb18-022d0f9afc43","a98aa35e-414a-4939-b425-e0455bfe7eb7","59c25921-95e6-45bd-b7ad-0a07d7079537","6fbc44cd-4167-4571-8198-953e7281a059","9bd78fcd-deeb-4106-a5ec-68a6df672b97","4a6fae60-0298-4026-b0b6-378ed0ec880b"]}}
2026-07-20T06:17:16.542Z - [Leads] [Leads] Violations found: 0
2026-07-20T06:17:21.677Z - [Leads] Entered getViolations
2026-07-20T06:17:21.678Z - [Leads] User: fc139c17-d8ba-40f0-8fc0-de857274c943, Role: admin
2026-07-20T06:17:21.681Z - [Leads] Fetching visible users...
2026-07-20T06:17:22.415Z - [Leads] Visible users found: 13
2026-07-20T06:17:22.419Z - [Leads] [Leads] Querying Prisma with where: {"rotationViolation":true,"isDeleted":false,"organisationId":"23d99450-83e7-4382-9312-d07f083447c0","previousOwnerId":{"in":["fc139c17-d8ba-40f0-8fc0-de857274c943","6d5e601a-d676-4cc6-a860-1a65d3734dab","c68a8236-7b93-4ff3-be69-01297ecfaceb","86498817-2f82-4695-ac75-4feae00ba43b","3b2c2b6a-7ec1-48cb-b98e-4ce026c6a984","2dc472bd-b2a9-4f5b-9066-b0561963cafe","941754a0-1107-4c7c-b7db-980d23df8557","5dac5c27-9d02-455e-bb18-022d0f9afc43","a98aa35e-414a-4939-b425-e0455bfe7eb7","59c25921-95e6-45bd-b7ad-0a07d7079537","6fbc44cd-4167-4571-8198-953e7281a059","9bd78fcd-deeb-4106-a5ec-68a6df672b97","4a6fae60-0298-4026-b0b6-378ed0ec880b"]}}
2026-07-20T06:17:22.518Z - [Leads] [Leads] Violations found: 0
2026-07-20T06:18:22.816Z - [Leads] Entered getViolations
2026-07-20T06:18:22.817Z - [Leads] User: fc139c17-d8ba-40f0-8fc0-de857274c943, Role: admin
2026-07-20T06:18:22.818Z - [Leads] Fetching visible users...
2026-07-20T06:18:23.800Z - [Leads] Visible users found: 13
2026-07-20T06:18:23.801Z - [Leads] [Leads] Querying Prisma with where: {"rotationViolation":true,"isDeleted":false,"organisationId":"23d99450-83e7-4382-9312-d07f083447c0","previousOwnerId":{"in":["fc139c17-d8ba-40f0-8fc0-de857274c943","6d5e601a-d676-4cc6-a860-1a65d3734dab","c68a8236-7b93-4ff3-be69-01297ecfaceb","86498817-2f82-4695-ac75-4feae00ba43b","3b2c2b6a-7ec1-48cb-b98e-4ce026c6a984","2dc472bd-b2a9-4f5b-9066-b0561963cafe","941754a0-1107-4c7c-b7db-980d23df8557","5dac5c27-9d02-455e-bb18-022d0f9afc43","a98aa35e-414a-4939-b425-e0455bfe7eb7","59c25921-95e6-45bd-b7ad-0a07d7079537","6fbc44cd-4167-4571-8198-953e7281a059","9bd78fcd-deeb-4106-a5ec-68a6df672b97","4a6fae60-0298-4026-b0b6-378ed0ec880b"]}}
2026-07-20T06:18:23.896Z - [Leads] [Leads] Violations found: 0
2026-07-20T06:18:47.777Z - [Leads] Entered getViolations
2026-07-20T06:18:47.779Z - [Leads] User: fc139c17-d8ba-40f0-8fc0-de857274c943, Role: admin
2026-07-20T06:18:47.780Z - [Leads] Fetching visible users...
2026-07-20T06:18:48.877Z - [Leads] Visible users found: 13
2026-07-20T06:18:48.883Z - [Leads] [Leads] Querying Prisma with where: {"rotationViolation":true,"isDeleted":false,"organisationId":"23d99450-83e7-4382-9312-d07f083447c0","previousOwnerId":{"in":["fc139c17-d8ba-40f0-8fc0-de857274c943","6d5e601a-d676-4cc6-a860-1a65d3734dab","c68a8236-7b93-4ff3-be69-01297ecfaceb","86498817-2f82-4695-ac75-4feae00ba43b","3b2c2b6a-7ec1-48cb-b98e-4ce026c6a984","2dc472bd-b2a9-4f5b-9066-b0561963cafe","941754a0-1107-4c7c-b7db-980d23df8557","5dac5c27-9d02-455e-bb18-022d0f9afc43","a98aa35e-414a-4939-b425-e0455bfe7eb7","59c25921-95e6-45bd-b7ad-0a07d7079537","6fbc44cd-4167-4571-8198-953e7281a059","9bd78fcd-deeb-4106-a5ec-68a6df672b97","4a6fae60-0298-4026-b0b6-378ed0ec880b"]}}
2026-07-20T06:18:48.976Z - [Leads] [Leads] Violations found: 0
2026-07-20T06:22:41.850Z - [Leads] Entered getViolations
2026-07-20T06:22:41.852Z - [Leads] User: fc139c17-d8ba-40f0-8fc0-de857274c943, Role: admin
2026-07-20T06:22:41.854Z - [Leads] Fetching visible users...
2026-07-20T06:22:42.788Z - [Leads] Visible users found: 13
2026-07-20T06:22:42.791Z - [Leads] [Leads] Querying Prisma with where: {"rotationViolation":true,"isDeleted":false,"organisationId":"23d99450-83e7-4382-9312-d07f083447c0","previousOwnerId":{"in":["fc139c17-d8ba-40f0-8fc0-de857274c943","6d5e601a-d676-4cc6-a860-1a65d3734dab","c68a8236-7b93-4ff3-be69-01297ecfaceb","86498817-2f82-4695-ac75-4feae00ba43b","3b2c2b6a-7ec1-48cb-b98e-4ce026c6a984","2dc472bd-b2a9-4f5b-9066-b0561963cafe","941754a0-1107-4c7c-b7db-980d23df8557","5dac5c27-9d02-455e-bb18-022d0f9afc43","a98aa35e-414a-4939-b425-e0455bfe7eb7","59c25921-95e6-45bd-b7ad-0a07d7079537","6fbc44cd-4167-4571-8198-953e7281a059","9bd78fcd-deeb-4106-a5ec-68a6df672b97","4a6fae60-0298-4026-b0b6-378ed0ec880b"]}}
2026-07-20T06:22:42.873Z - [Leads] [Leads] Violations found: 0
2026-07-20T06:22:44.304Z - [Leads] Entered getViolations
2026-07-20T06:22:44.306Z - [Leads] User: fc139c17-d8ba-40f0-8fc0-de857274c943, Role: admin
2026-07-20T06:22:44.307Z - [Leads] Fetching visible users...
2026-07-20T06:22:45.304Z - [Leads] Visible users found: 13
2026-07-20T06:22:45.305Z - [Leads] [Leads] Querying Prisma with where: {"rotationViolation":true,"isDeleted":false,"organisationId":"23d99450-83e7-4382-9312-d07f083447c0","previousOwnerId":{"in":["fc139c17-d8ba-40f0-8fc0-de857274c943","6d5e601a-d676-4cc6-a860-1a65d3734dab","c68a8236-7b93-4ff3-be69-01297ecfaceb","86498817-2f82-4695-ac75-4feae00ba43b","3b2c2b6a-7ec1-48cb-b98e-4ce026c6a984","2dc472bd-b2a9-4f5b-9066-b0561963cafe","941754a0-1107-4c7c-b7db-980d23df8557","5dac5c27-9d02-455e-bb18-022d0f9afc43","a98aa35e-414a-4939-b425-e0455bfe7eb7","59c25921-95e6-45bd-b7ad-0a07d7079537","6fbc44cd-4167-4571-8198-953e7281a059","9bd78fcd-deeb-4106-a5ec-68a6df672b97","4a6fae60-0298-4026-b0b6-378ed0ec880b"]}}
2026-07-20T06:22:45.418Z - [Leads] [Leads] Violations found: 0
2026-07-20T06:23:11.932Z - [Leads] Entered getViolations
2026-07-20T06:23:11.933Z - [Leads] User: fc139c17-d8ba-40f0-8fc0-de857274c943, Role: admin
2026-07-20T06:23:11.934Z - [Leads] Fetching visible users...
2026-07-20T06:23:12.842Z - [Leads] Visible users found: 13
2026-07-20T06:23:12.843Z - [Leads] [Leads] Querying Prisma with where: {"rotationViolation":true,"isDeleted":false,"organisationId":"23d99450-83e7-4382-9312-d07f083447c0","previousOwnerId":{"in":["fc139c17-d8ba-40f0-8fc0-de857274c943","6d5e601a-d676-4cc6-a860-1a65d3734dab","c68a8236-7b93-4ff3-be69-01297ecfaceb","86498817-2f82-4695-ac75-4feae00ba43b","3b2c2b6a-7ec1-48cb-b98e-4ce026c6a984","2dc472bd-b2a9-4f5b-9066-b0561963cafe","941754a0-1107-4c7c-b7db-980d23df8557","5dac5c27-9d02-455e-bb18-022d0f9afc43","a98aa35e-414a-4939-b425-e0455bfe7eb7","59c25921-95e6-45bd-b7ad-0a07d7079537","6fbc44cd-4167-4571-8198-953e7281a059","9bd78fcd-deeb-4106-a5ec-68a6df672b97","4a6fae60-0298-4026-b0b6-378ed0ec880b"]}}
2026-07-20T06:23:12.933Z - [Leads] [Leads] Violations found: 0
2026-07-20T06:24:13.311Z - [Leads] Entered getViolations
2026-07-20T06:24:13.312Z - [Leads] User: fc139c17-d8ba-40f0-8fc0-de857274c943, Role: admin
2026-07-20T06:24:13.314Z - [Leads] Fetching visible users...
2026-07-20T06:24:14.067Z - [Leads] Visible users found: 13
2026-07-20T06:24:14.068Z - [Leads] [Leads] Querying Prisma with where: {"rotationViolation":true,"isDeleted":false,"organisationId":"23d99450-83e7-4382-9312-d07f083447c0","previousOwnerId":{"in":["fc139c17-d8ba-40f0-8fc0-de857274c943","6d5e601a-d676-4cc6-a860-1a65d3734dab","c68a8236-7b93-4ff3-be69-01297ecfaceb","86498817-2f82-4695-ac75-4feae00ba43b","3b2c2b6a-7ec1-48cb-b98e-4ce026c6a984","2dc472bd-b2a9-4f5b-9066-b0561963cafe","941754a0-1107-4c7c-b7db-980d23df8557","5dac5c27-9d02-455e-bb18-022d0f9afc43","a98aa35e-414a-4939-b425-e0455bfe7eb7","59c25921-95e6-45bd-b7ad-0a07d7079537","6fbc44cd-4167-4571-8198-953e7281a059","9bd78fcd-deeb-4106-a5ec-68a6df672b97","4a6fae60-0298-4026-b0b6-378ed0ec880b"]}}
2026-07-20T06:24:14.157Z - [Leads] [Leads] Violations found: 0
2026-07-20T06:24:20.591Z - [Leads] Entered getViolations
2026-07-20T06:24:20.593Z - [Leads] User: fc139c17-d8ba-40f0-8fc0-de857274c943, Role: admin
2026-07-20T06:24:20.595Z - [Leads] Fetching visible users...
2026-07-20T06:24:22.007Z - [Leads] Visible users found: 13
2026-07-20T06:24:22.011Z - [Leads] [Leads] Querying Prisma with where: {"rotationViolation":true,"isDeleted":false,"organisationId":"23d99450-83e7-4382-9312-d07f083447c0","previousOwnerId":{"in":["fc139c17-d8ba-40f0-8fc0-de857274c943","6d5e601a-d676-4cc6-a860-1a65d3734dab","c68a8236-7b93-4ff3-be69-01297ecfaceb","86498817-2f82-4695-ac75-4feae00ba43b","3b2c2b6a-7ec1-48cb-b98e-4ce026c6a984","2dc472bd-b2a9-4f5b-9066-b0561963cafe","941754a0-1107-4c7c-b7db-980d23df8557","5dac5c27-9d02-455e-bb18-022d0f9afc43","a98aa35e-414a-4939-b425-e0455bfe7eb7","59c25921-95e6-45bd-b7ad-0a07d7079537","6fbc44cd-4167-4571-8198-953e7281a059","9bd78fcd-deeb-4106-a5ec-68a6df672b97","4a6fae60-0298-4026-b0b6-378ed0ec880b"]}}
2026-07-20T06:24:22.071Z - [Leads] [Leads] Violations found: 0
2026-07-20T06:25:10.372Z - [Leads] Entered getViolations
2026-07-20T06:25:10.374Z - [Leads] User: fc139c17-d8ba-40f0-8fc0-de857274c943, Role: admin
2026-07-20T06:25:10.375Z - [Leads] Fetching visible users...
2026-07-20T06:25:11.306Z - [Leads] Visible users found: 13
2026-07-20T06:25:11.308Z - [Leads] [Leads] Querying Prisma with where: {"rotationViolation":true,"isDeleted":false,"organisationId":"23d99450-83e7-4382-9312-d07f083447c0","previousOwnerId":{"in":["fc139c17-d8ba-40f0-8fc0-de857274c943","6d5e601a-d676-4cc6-a860-1a65d3734dab","c68a8236-7b93-4ff3-be69-01297ecfaceb","86498817-2f82-4695-ac75-4feae00ba43b","3b2c2b6a-7ec1-48cb-b98e-4ce026c6a984","2dc472bd-b2a9-4f5b-9066-b0561963cafe","941754a0-1107-4c7c-b7db-980d23df8557","5dac5c27-9d02-455e-bb18-022d0f9afc43","a98aa35e-414a-4939-b425-e0455bfe7eb7","59c25921-95e6-45bd-b7ad-0a07d7079537","6fbc44cd-4167-4571-8198-953e7281a059","9bd78fcd-deeb-4106-a5ec-68a6df672b97","4a6fae60-0298-4026-b0b6-378ed0ec880b"]}}
2026-07-20T06:25:11.355Z - [Leads] [Leads] Violations found: 0
2026-07-20T06:25:55.933Z - [Leads] Entered getViolations
2026-07-20T06:25:55.999Z - [Leads] User: fc139c17-d8ba-40f0-8fc0-de857274c943, Role: admin
2026-07-20T06:25:56.000Z - [Leads] Fetching visible users...
2026-07-20T06:25:56.928Z - [Leads] Visible users found: 13
2026-07-20T06:25:56.933Z - [Leads] [Leads] Querying Prisma with where: {"rotationViolation":true,"isDeleted":false,"organisationId":"23d99450-83e7-4382-9312-d07f083447c0","previousOwnerId":{"in":["fc139c17-d8ba-40f0-8fc0-de857274c943","6d5e601a-d676-4cc6-a860-1a65d3734dab","c68a8236-7b93-4ff3-be69-01297ecfaceb","86498817-2f82-4695-ac75-4feae00ba43b","3b2c2b6a-7ec1-48cb-b98e-4ce026c6a984","2dc472bd-b2a9-4f5b-9066-b0561963cafe","941754a0-1107-4c7c-b7db-980d23df8557","5dac5c27-9d02-455e-bb18-022d0f9afc43","a98aa35e-414a-4939-b425-e0455bfe7eb7","59c25921-95e6-45bd-b7ad-0a07d7079537","6fbc44cd-4167-4571-8198-953e7281a059","9bd78fcd-deeb-4106-a5ec-68a6df672b97","4a6fae60-0298-4026-b0b6-378ed0ec880b"]}}
2026-07-20T06:25:57.082Z - [Leads] [Leads] Violations found: 0
2026-07-20T06:35:01.619Z - [Leads] Entered getViolations
2026-07-20T06:35:01.622Z - [Leads] User: fc139c17-d8ba-40f0-8fc0-de857274c943, Role: admin
2026-07-20T06:35:01.623Z - [Leads] Fetching visible users...
2026-07-20T06:35:03.172Z - [Leads] Visible users found: 13
2026-07-20T06:35:03.174Z - [Leads] [Leads] Querying Prisma with where: {"rotationViolation":true,"isDeleted":false,"organisationId":"23d99450-83e7-4382-9312-d07f083447c0","previousOwnerId":{"in":["fc139c17-d8ba-40f0-8fc0-de857274c943","6d5e601a-d676-4cc6-a860-1a65d3734dab","c68a8236-7b93-4ff3-be69-01297ecfaceb","86498817-2f82-4695-ac75-4feae00ba43b","3b2c2b6a-7ec1-48cb-b98e-4ce026c6a984","2dc472bd-b2a9-4f5b-9066-b0561963cafe","941754a0-1107-4c7c-b7db-980d23df8557","5dac5c27-9d02-455e-bb18-022d0f9afc43","a98aa35e-414a-4939-b425-e0455bfe7eb7","59c25921-95e6-45bd-b7ad-0a07d7079537","6fbc44cd-4167-4571-8198-953e7281a059","9bd78fcd-deeb-4106-a5ec-68a6df672b97","4a6fae60-0298-4026-b0b6-378ed0ec880b"]}}
2026-07-20T06:35:03.331Z - [Leads] [Leads] Violations found: 0
2026-07-20T06:35:05.716Z - [Leads] Entered getViolations
2026-07-20T06:35:05.719Z - [Leads] User: fc139c17-d8ba-40f0-8fc0-de857274c943, Role: admin
2026-07-20T06:35:05.720Z - [Leads] Fetching visible users...
2026-07-20T06:35:08.252Z - [Leads] Visible users found: 13
2026-07-20T06:35:08.255Z - [Leads] [Leads] Querying Prisma with where: {"rotationViolation":true,"isDeleted":false,"organisationId":"23d99450-83e7-4382-9312-d07f083447c0","previousOwnerId":{"in":["fc139c17-d8ba-40f0-8fc0-de857274c943","6d5e601a-d676-4cc6-a860-1a65d3734dab","c68a8236-7b93-4ff3-be69-01297ecfaceb","86498817-2f82-4695-ac75-4feae00ba43b","3b2c2b6a-7ec1-48cb-b98e-4ce026c6a984","2dc472bd-b2a9-4f5b-9066-b0561963cafe","941754a0-1107-4c7c-b7db-980d23df8557","5dac5c27-9d02-455e-bb18-022d0f9afc43","a98aa35e-414a-4939-b425-e0455bfe7eb7","59c25921-95e6-45bd-b7ad-0a07d7079537","6fbc44cd-4167-4571-8198-953e7281a059","9bd78fcd-deeb-4106-a5ec-68a6df672b97","4a6fae60-0298-4026-b0b6-378ed0ec880b"]}}
2026-07-20T06:35:08.324Z - [Leads] [Leads] Violations found: 0
2026-07-20T06:35:21.445Z - [Leads] Entered getViolations
2026-07-20T06:35:21.449Z - [Leads] User: fc139c17-d8ba-40f0-8fc0-de857274c943, Role: admin
2026-07-20T06:35:21.453Z - [Leads] Fetching visible users...
2026-07-20T06:35:22.524Z - [Leads] Visible users found: 13
2026-07-20T06:35:22.526Z - [Leads] [Leads] Querying Prisma with where: {"rotationViolation":true,"isDeleted":false,"organisationId":"23d99450-83e7-4382-9312-d07f083447c0","previousOwnerId":{"in":["fc139c17-d8ba-40f0-8fc0-de857274c943","6d5e601a-d676-4cc6-a860-1a65d3734dab","c68a8236-7b93-4ff3-be69-01297ecfaceb","86498817-2f82-4695-ac75-4feae00ba43b","3b2c2b6a-7ec1-48cb-b98e-4ce026c6a984","2dc472bd-b2a9-4f5b-9066-b0561963cafe","941754a0-1107-4c7c-b7db-980d23df8557","5dac5c27-9d02-455e-bb18-022d0f9afc43","a98aa35e-414a-4939-b425-e0455bfe7eb7","59c25921-95e6-45bd-b7ad-0a07d7079537","6fbc44cd-4167-4571-8198-953e7281a059","9bd78fcd-deeb-4106-a5ec-68a6df672b97","4a6fae60-0298-4026-b0b6-378ed0ec880b"]}}
2026-07-20T06:35:22.609Z - [Leads] [Leads] Violations found: 0
2026-07-20T06:35:59.313Z - [Leads] Entered getViolations
2026-07-20T06:35:59.316Z - [Leads] User: fc139c17-d8ba-40f0-8fc0-de857274c943, Role: admin
2026-07-20T06:35:59.319Z - [Leads] Fetching visible users...
2026-07-20T06:36:00.261Z - [Leads] Visible users found: 13
2026-07-20T06:36:00.264Z - [Leads] [Leads] Querying Prisma with where: {"rotationViolation":true,"isDeleted":false,"organisationId":"23d99450-83e7-4382-9312-d07f083447c0","previousOwnerId":{"in":["fc139c17-d8ba-40f0-8fc0-de857274c943","6d5e601a-d676-4cc6-a860-1a65d3734dab","c68a8236-7b93-4ff3-be69-01297ecfaceb","86498817-2f82-4695-ac75-4feae00ba43b","3b2c2b6a-7ec1-48cb-b98e-4ce026c6a984","2dc472bd-b2a9-4f5b-9066-b0561963cafe","941754a0-1107-4c7c-b7db-980d23df8557","5dac5c27-9d02-455e-bb18-022d0f9afc43","a98aa35e-414a-4939-b425-e0455bfe7eb7","59c25921-95e6-45bd-b7ad-0a07d7079537","6fbc44cd-4167-4571-8198-953e7281a059","9bd78fcd-deeb-4106-a5ec-68a6df672b97","4a6fae60-0298-4026-b0b6-378ed0ec880b"]}}
2026-07-20T06:36:00.356Z - [Leads] [Leads] Violations found: 0
2026-07-20T06:36:18.401Z - [Leads] Entered getViolations
2026-07-20T06:36:18.403Z - [Leads] User: fc139c17-d8ba-40f0-8fc0-de857274c943, Role: admin
2026-07-20T06:36:18.404Z - [Leads] Fetching visible users...
2026-07-20T06:36:19.367Z - [Leads] Visible users found: 13
2026-07-20T06:36:19.368Z - [Leads] [Leads] Querying Prisma with where: {"rotationViolation":true,"isDeleted":false,"organisationId":"23d99450-83e7-4382-9312-d07f083447c0","previousOwnerId":{"in":["fc139c17-d8ba-40f0-8fc0-de857274c943","6d5e601a-d676-4cc6-a860-1a65d3734dab","c68a8236-7b93-4ff3-be69-01297ecfaceb","86498817-2f82-4695-ac75-4feae00ba43b","3b2c2b6a-7ec1-48cb-b98e-4ce026c6a984","2dc472bd-b2a9-4f5b-9066-b0561963cafe","941754a0-1107-4c7c-b7db-980d23df8557","5dac5c27-9d02-455e-bb18-022d0f9afc43","a98aa35e-414a-4939-b425-e0455bfe7eb7","59c25921-95e6-45bd-b7ad-0a07d7079537","6fbc44cd-4167-4571-8198-953e7281a059","9bd78fcd-deeb-4106-a5ec-68a6df672b97","4a6fae60-0298-4026-b0b6-378ed0ec880b"]}}
2026-07-20T06:36:19.567Z - [Leads] [Leads] Violations found: 0
2026-07-20T06:36:27.632Z - [Leads] Entered getViolations
2026-07-20T06:36:27.634Z - [Leads] User: fc139c17-d8ba-40f0-8fc0-de857274c943, Role: admin
2026-07-20T06:36:27.635Z - [Leads] Fetching visible users...
2026-07-20T06:36:28.626Z - [Leads] Visible users found: 13
2026-07-20T06:36:28.630Z - [Leads] [Leads] Querying Prisma with where: {"rotationViolation":true,"isDeleted":false,"organisationId":"23d99450-83e7-4382-9312-d07f083447c0","previousOwnerId":{"in":["fc139c17-d8ba-40f0-8fc0-de857274c943","6d5e601a-d676-4cc6-a860-1a65d3734dab","c68a8236-7b93-4ff3-be69-01297ecfaceb","86498817-2f82-4695-ac75-4feae00ba43b","3b2c2b6a-7ec1-48cb-b98e-4ce026c6a984","2dc472bd-b2a9-4f5b-9066-b0561963cafe","941754a0-1107-4c7c-b7db-980d23df8557","5dac5c27-9d02-455e-bb18-022d0f9afc43","a98aa35e-414a-4939-b425-e0455bfe7eb7","59c25921-95e6-45bd-b7ad-0a07d7079537","6fbc44cd-4167-4571-8198-953e7281a059","9bd78fcd-deeb-4106-a5ec-68a6df672b97","4a6fae60-0298-4026-b0b6-378ed0ec880b"]}}
2026-07-20T06:36:28.721Z - [Leads] [Leads] Violations found: 0
2026-07-20T06:37:00.552Z - [Leads] Entered getViolations
2026-07-20T06:37:00.553Z - [Leads] User: fc139c17-d8ba-40f0-8fc0-de857274c943, Role: admin
2026-07-20T06:37:00.555Z - [Leads] Fetching visible users...
2026-07-20T06:37:01.372Z - [Leads] Visible users found: 13
2026-07-20T06:37:01.373Z - [Leads] [Leads] Querying Prisma with where: {"rotationViolation":true,"isDeleted":false,"organisationId":"23d99450-83e7-4382-9312-d07f083447c0","previousOwnerId":{"in":["fc139c17-d8ba-40f0-8fc0-de857274c943","6d5e601a-d676-4cc6-a860-1a65d3734dab","c68a8236-7b93-4ff3-be69-01297ecfaceb","86498817-2f82-4695-ac75-4feae00ba43b","3b2c2b6a-7ec1-48cb-b98e-4ce026c6a984","2dc472bd-b2a9-4f5b-9066-b0561963cafe","941754a0-1107-4c7c-b7db-980d23df8557","5dac5c27-9d02-455e-bb18-022d0f9afc43","a98aa35e-414a-4939-b425-e0455bfe7eb7","59c25921-95e6-45bd-b7ad-0a07d7079537","6fbc44cd-4167-4571-8198-953e7281a059","9bd78fcd-deeb-4106-a5ec-68a6df672b97","4a6fae60-0298-4026-b0b6-378ed0ec880b"]}}
2026-07-20T06:37:01.471Z - [Leads] [Leads] Violations found: 0
2026-07-20T06:38:01.726Z - [Leads] Entered getViolations
2026-07-20T06:38:01.731Z - [Leads] User: fc139c17-d8ba-40f0-8fc0-de857274c943, Role: admin
2026-07-20T06:38:01.733Z - [Leads] Fetching visible users...
2026-07-20T06:38:02.593Z - [Leads] Visible users found: 13
2026-07-20T06:38:02.596Z - [Leads] [Leads] Querying Prisma with where: {"rotationViolation":true,"isDeleted":false,"organisationId":"23d99450-83e7-4382-9312-d07f083447c0","previousOwnerId":{"in":["fc139c17-d8ba-40f0-8fc0-de857274c943","6d5e601a-d676-4cc6-a860-1a65d3734dab","c68a8236-7b93-4ff3-be69-01297ecfaceb","86498817-2f82-4695-ac75-4feae00ba43b","3b2c2b6a-7ec1-48cb-b98e-4ce026c6a984","2dc472bd-b2a9-4f5b-9066-b0561963cafe","941754a0-1107-4c7c-b7db-980d23df8557","5dac5c27-9d02-455e-bb18-022d0f9afc43","a98aa35e-414a-4939-b425-e0455bfe7eb7","59c25921-95e6-45bd-b7ad-0a07d7079537","6fbc44cd-4167-4571-8198-953e7281a059","9bd78fcd-deeb-4106-a5ec-68a6df672b97","4a6fae60-0298-4026-b0b6-378ed0ec880b"]}}
2026-07-20T06:38:02.649Z - [Leads] [Leads] Violations found: 0
2026-07-20T06:38:05.802Z - Entered getDashboardStats
2026-07-20T06:38:05.803Z - [Analytics] User: c68a8236-7b93-4ff3-be69-01297ecfaceb, Org: 23d99450-83e7-4382-9312-d07f083447c0, SuperAdmin: false
2026-07-20T06:38:05.804Z - [Analytics] Importing hierarchyUtils...
2026-07-20T06:38:05.814Z - [Analytics] Fetching visibleUserIds...
2026-07-20T06:38:06.066Z - [Leads] Entered getViolations
2026-07-20T06:38:06.067Z - [Leads] User: c68a8236-7b93-4ff3-be69-01297ecfaceb, Role: sales_rep
2026-07-20T06:38:06.068Z - [Leads] Fetching visible users...
2026-07-20T06:38:06.433Z - [Analytics] Visible users: 10
2026-07-20T06:38:06.684Z - [Leads] Visible users found: 10
2026-07-20T06:38:06.686Z - [Leads] [Leads] Querying Prisma with where: {"rotationViolation":true,"isDeleted":false,"organisationId":"23d99450-83e7-4382-9312-d07f083447c0","previousOwnerId":{"in":["c68a8236-7b93-4ff3-be69-01297ecfaceb","3b2c2b6a-7ec1-48cb-b98e-4ce026c6a984","2dc472bd-b2a9-4f5b-9066-b0561963cafe","941754a0-1107-4c7c-b7db-980d23df8557","5dac5c27-9d02-455e-bb18-022d0f9afc43","a98aa35e-414a-4939-b425-e0455bfe7eb7","59c25921-95e6-45bd-b7ad-0a07d7079537","6fbc44cd-4167-4571-8198-953e7281a059","9bd78fcd-deeb-4106-a5ec-68a6df672b97","4a6fae60-0298-4026-b0b6-378ed0ec880b"]}}
2026-07-20T06:38:06.902Z - [Leads] [Leads] Violations found: 0
2026-07-20T06:39:01.226Z - [Leads] Entered getViolations
2026-07-20T06:39:01.227Z - [Leads] User: c68a8236-7b93-4ff3-be69-01297ecfaceb, Role: sales_rep
2026-07-20T06:39:01.228Z - [Leads] Fetching visible users...
2026-07-20T06:39:01.795Z - [Leads] Visible users found: 10
2026-07-20T06:39:01.796Z - [Leads] [Leads] Querying Prisma with where: {"rotationViolation":true,"isDeleted":false,"organisationId":"23d99450-83e7-4382-9312-d07f083447c0","previousOwnerId":{"in":["c68a8236-7b93-4ff3-be69-01297ecfaceb","3b2c2b6a-7ec1-48cb-b98e-4ce026c6a984","2dc472bd-b2a9-4f5b-9066-b0561963cafe","941754a0-1107-4c7c-b7db-980d23df8557","5dac5c27-9d02-455e-bb18-022d0f9afc43","a98aa35e-414a-4939-b425-e0455bfe7eb7","59c25921-95e6-45bd-b7ad-0a07d7079537","6fbc44cd-4167-4571-8198-953e7281a059","9bd78fcd-deeb-4106-a5ec-68a6df672b97","4a6fae60-0298-4026-b0b6-378ed0ec880b"]}}
2026-07-20T06:39:01.919Z - [Leads] [Leads] Violations found: 0
2026-07-20T06:39:02.853Z - [Leads] Entered getViolations
2026-07-20T06:39:02.854Z - [Leads] User: fc139c17-d8ba-40f0-8fc0-de857274c943, Role: admin
2026-07-20T06:39:02.856Z - [Leads] Fetching visible users...
2026-07-20T06:39:03.837Z - [Leads] Visible users found: 13
2026-07-20T06:39:03.839Z - [Leads] [Leads] Querying Prisma with where: {"rotationViolation":true,"isDeleted":false,"organisationId":"23d99450-83e7-4382-9312-d07f083447c0","previousOwnerId":{"in":["fc139c17-d8ba-40f0-8fc0-de857274c943","6d5e601a-d676-4cc6-a860-1a65d3734dab","c68a8236-7b93-4ff3-be69-01297ecfaceb","86498817-2f82-4695-ac75-4feae00ba43b","3b2c2b6a-7ec1-48cb-b98e-4ce026c6a984","2dc472bd-b2a9-4f5b-9066-b0561963cafe","941754a0-1107-4c7c-b7db-980d23df8557","5dac5c27-9d02-455e-bb18-022d0f9afc43","a98aa35e-414a-4939-b425-e0455bfe7eb7","59c25921-95e6-45bd-b7ad-0a07d7079537","6fbc44cd-4167-4571-8198-953e7281a059","9bd78fcd-deeb-4106-a5ec-68a6df672b97","4a6fae60-0298-4026-b0b6-378ed0ec880b"]}}
2026-07-20T06:39:03.935Z - [Leads] [Leads] Violations found: 0
2026-07-20T06:39:48.735Z - [Leads] Entered getViolations
2026-07-20T06:39:48.736Z - [Leads] User: c68a8236-7b93-4ff3-be69-01297ecfaceb, Role: sales_rep
2026-07-20T06:39:48.738Z - [Leads] Fetching visible users...
2026-07-20T06:39:49.347Z - [Leads] Visible users found: 10
2026-07-20T06:39:49.349Z - [Leads] [Leads] Querying Prisma with where: {"rotationViolation":true,"isDeleted":false,"organisationId":"23d99450-83e7-4382-9312-d07f083447c0","previousOwnerId":{"in":["c68a8236-7b93-4ff3-be69-01297ecfaceb","3b2c2b6a-7ec1-48cb-b98e-4ce026c6a984","2dc472bd-b2a9-4f5b-9066-b0561963cafe","941754a0-1107-4c7c-b7db-980d23df8557","5dac5c27-9d02-455e-bb18-022d0f9afc43","a98aa35e-414a-4939-b425-e0455bfe7eb7","59c25921-95e6-45bd-b7ad-0a07d7079537","6fbc44cd-4167-4571-8198-953e7281a059","9bd78fcd-deeb-4106-a5ec-68a6df672b97","4a6fae60-0298-4026-b0b6-378ed0ec880b"]}}
2026-07-20T06:39:49.463Z - [Leads] [Leads] Violations found: 0
2026-07-20T06:40:49.880Z - [Leads] Entered getViolations
2026-07-20T06:40:49.881Z - [Leads] User: c68a8236-7b93-4ff3-be69-01297ecfaceb, Role: sales_rep
2026-07-20T06:40:49.883Z - [Leads] Fetching visible users...
2026-07-20T06:40:50.375Z - [Leads] Visible users found: 10
2026-07-20T06:40:50.376Z - [Leads] [Leads] Querying Prisma with where: {"rotationViolation":true,"isDeleted":false,"organisationId":"23d99450-83e7-4382-9312-d07f083447c0","previousOwnerId":{"in":["c68a8236-7b93-4ff3-be69-01297ecfaceb","3b2c2b6a-7ec1-48cb-b98e-4ce026c6a984","2dc472bd-b2a9-4f5b-9066-b0561963cafe","941754a0-1107-4c7c-b7db-980d23df8557","5dac5c27-9d02-455e-bb18-022d0f9afc43","a98aa35e-414a-4939-b425-e0455bfe7eb7","59c25921-95e6-45bd-b7ad-0a07d7079537","6fbc44cd-4167-4571-8198-953e7281a059","9bd78fcd-deeb-4106-a5ec-68a6df672b97","4a6fae60-0298-4026-b0b6-378ed0ec880b"]}}
2026-07-20T06:40:50.456Z - [Leads] [Leads] Violations found: 0
2026-07-20T06:42:48.892Z - [Leads] Entered getViolations
2026-07-20T06:42:48.894Z - [Leads] User: fc139c17-d8ba-40f0-8fc0-de857274c943, Role: admin
2026-07-20T06:42:48.896Z - [Leads] Fetching visible users...
2026-07-20T06:42:49.846Z - [Leads] Visible users found: 13
2026-07-20T06:42:49.847Z - [Leads] [Leads] Querying Prisma with where: {"rotationViolation":true,"isDeleted":false,"organisationId":"23d99450-83e7-4382-9312-d07f083447c0","previousOwnerId":{"in":["fc139c17-d8ba-40f0-8fc0-de857274c943","6d5e601a-d676-4cc6-a860-1a65d3734dab","c68a8236-7b93-4ff3-be69-01297ecfaceb","86498817-2f82-4695-ac75-4feae00ba43b","3b2c2b6a-7ec1-48cb-b98e-4ce026c6a984","2dc472bd-b2a9-4f5b-9066-b0561963cafe","941754a0-1107-4c7c-b7db-980d23df8557","5dac5c27-9d02-455e-bb18-022d0f9afc43","a98aa35e-414a-4939-b425-e0455bfe7eb7","59c25921-95e6-45bd-b7ad-0a07d7079537","6fbc44cd-4167-4571-8198-953e7281a059","9bd78fcd-deeb-4106-a5ec-68a6df672b97","4a6fae60-0298-4026-b0b6-378ed0ec880b"]}}
2026-07-20T06:42:49.946Z - [Leads] [Leads] Violations found: 0
2026-07-20T11:03:24.185Z - Entered getDashboardStats
2026-07-20T11:03:24.199Z - [Analytics] User: fc139c17-d8ba-40f0-8fc0-de857274c943, Org: 23d99450-83e7-4382-9312-d07f083447c0, SuperAdmin: false
2026-07-20T11:03:24.200Z - [Analytics] Importing hierarchyUtils...
2026-07-20T11:03:24.224Z - [Analytics] Fetching visibleUserIds...
2026-07-20T11:03:26.579Z - [Leads] Entered getViolations
2026-07-20T11:03:26.581Z - [Leads] User: fc139c17-d8ba-40f0-8fc0-de857274c943, Role: admin
2026-07-20T11:03:26.593Z - [Leads] Fetching visible users...
2026-07-20T11:03:28.309Z - [Analytics] Visible users: 13
2026-07-20T11:03:28.554Z - [Leads] Visible users found: 13
2026-07-20T11:03:28.555Z - [Leads] [Leads] Querying Prisma with where: {"rotationViolation":true,"isDeleted":false,"organisationId":"23d99450-83e7-4382-9312-d07f083447c0","previousOwnerId":{"in":["fc139c17-d8ba-40f0-8fc0-de857274c943","6d5e601a-d676-4cc6-a860-1a65d3734dab","c68a8236-7b93-4ff3-be69-01297ecfaceb","86498817-2f82-4695-ac75-4feae00ba43b","3b2c2b6a-7ec1-48cb-b98e-4ce026c6a984","2dc472bd-b2a9-4f5b-9066-b0561963cafe","941754a0-1107-4c7c-b7db-980d23df8557","5dac5c27-9d02-455e-bb18-022d0f9afc43","a98aa35e-414a-4939-b425-e0455bfe7eb7","59c25921-95e6-45bd-b7ad-0a07d7079537","6fbc44cd-4167-4571-8198-953e7281a059","9bd78fcd-deeb-4106-a5ec-68a6df672b97","4a6fae60-0298-4026-b0b6-378ed0ec880b"]}}
2026-07-20T11:03:28.842Z - [Leads] [Leads] Violations found: 0
2026-07-20T11:05:00.198Z - [Leads] Entered getViolations
2026-07-20T11:05:00.201Z - [Leads] User: fc139c17-d8ba-40f0-8fc0-de857274c943, Role: admin
2026-07-20T11:05:00.202Z - [Leads] Fetching visible users...
2026-07-20T11:05:02.833Z - [Leads] Visible users found: 13
2026-07-20T11:05:02.834Z - [Leads] [Leads] Querying Prisma with where: {"rotationViolation":true,"isDeleted":false,"organisationId":"23d99450-83e7-4382-9312-d07f083447c0","previousOwnerId":{"in":["fc139c17-d8ba-40f0-8fc0-de857274c943","6d5e601a-d676-4cc6-a860-1a65d3734dab","c68a8236-7b93-4ff3-be69-01297ecfaceb","86498817-2f82-4695-ac75-4feae00ba43b","3b2c2b6a-7ec1-48cb-b98e-4ce026c6a984","2dc472bd-b2a9-4f5b-9066-b0561963cafe","941754a0-1107-4c7c-b7db-980d23df8557","5dac5c27-9d02-455e-bb18-022d0f9afc43","a98aa35e-414a-4939-b425-e0455bfe7eb7","59c25921-95e6-45bd-b7ad-0a07d7079537","6fbc44cd-4167-4571-8198-953e7281a059","9bd78fcd-deeb-4106-a5ec-68a6df672b97","4a6fae60-0298-4026-b0b6-378ed0ec880b"]}}
2026-07-20T11:05:03.051Z - [Leads] [Leads] Violations found: 0
2026-07-20T11:06:03.352Z - [Leads] Entered getViolations
2026-07-20T11:06:03.355Z - [Leads] User: fc139c17-d8ba-40f0-8fc0-de857274c943, Role: admin
2026-07-20T11:06:03.357Z - [Leads] Fetching visible users...
2026-07-20T11:06:04.240Z - [Leads] Visible users found: 13
2026-07-20T11:06:04.245Z - [Leads] [Leads] Querying Prisma with where: {"rotationViolation":true,"isDeleted":false,"organisationId":"23d99450-83e7-4382-9312-d07f083447c0","previousOwnerId":{"in":["fc139c17-d8ba-40f0-8fc0-de857274c943","6d5e601a-d676-4cc6-a860-1a65d3734dab","c68a8236-7b93-4ff3-be69-01297ecfaceb","86498817-2f82-4695-ac75-4feae00ba43b","3b2c2b6a-7ec1-48cb-b98e-4ce026c6a984","2dc472bd-b2a9-4f5b-9066-b0561963cafe","941754a0-1107-4c7c-b7db-980d23df8557","5dac5c27-9d02-455e-bb18-022d0f9afc43","a98aa35e-414a-4939-b425-e0455bfe7eb7","59c25921-95e6-45bd-b7ad-0a07d7079537","6fbc44cd-4167-4571-8198-953e7281a059","9bd78fcd-deeb-4106-a5ec-68a6df672b97","4a6fae60-0298-4026-b0b6-378ed0ec880b"]}}
2026-07-20T11:06:04.292Z - [Leads] [Leads] Violations found: 0
                                                                                                                                                                                                                 2026-07-20T11:20:37.221Z - Entered getDashboardStats
2026-07-20T11:20:37.246Z - [Analytics] User: fc139c17-d8ba-40f0-8fc0-de857274c943, Org: 23d99450-83e7-4382-9312-d07f083447c0, SuperAdmin: false
2026-07-20T11:20:37.250Z - [Analytics] Importing hierarchyUtils...
2026-07-20T11:20:37.456Z - [Analytics] Fetching visibleUserIds...
2026-07-20T11:20:38.422Z - [Leads] Entered getViolations
2026-07-20T11:20:38.428Z - [Leads] User: fc139c17-d8ba-40f0-8fc0-de857274c943, Role: admin
2026-07-20T11:20:38.446Z - [Leads] Fetching visible users...
2026-07-20T11:20:39.265Z - [Analytics] Visible users: 13
2026-07-20T11:20:39.872Z - [Leads] Visible users found: 13
2026-07-20T11:20:39.878Z - [Leads] [Leads] Querying Prisma with where: {"rotationViolation":true,"isDeleted":false,"organisationId":"23d99450-83e7-4382-9312-d07f083447c0","previousOwnerId":{"in":["fc139c17-d8ba-40f0-8fc0-de857274c943","6d5e601a-d676-4cc6-a860-1a65d3734dab","c68a8236-7b93-4ff3-be69-01297ecfaceb","86498817-2f82-4695-ac75-4feae00ba43b","3b2c2b6a-7ec1-48cb-b98e-4ce026c6a984","2dc472bd-b2a9-4f5b-9066-b0561963cafe","941754a0-1107-4c7c-b7db-980d23df8557","5dac5c27-9d02-455e-bb18-022d0f9afc43","a98aa35e-414a-4939-b425-e0455bfe7eb7","59c25921-95e6-45bd-b7ad-0a07d7079537","6fbc44cd-4167-4571-8198-953e7281a059","9bd78fcd-deeb-4106-a5ec-68a6df672b97","4a6fae60-0298-4026-b0b6-378ed0ec880b"]}}
2026-07-20T11:20:39.971Z - [Leads] [Leads] Violations found: 0
2026-07-20T11:21:45.101Z - [Leads] Entered getViolations
2026-07-20T11:21:45.112Z - [Leads] User: fc139c17-d8ba-40f0-8fc0-de857274c943, Role: admin
2026-07-20T11:21:45.124Z - [Leads] Fetching visible users...
2026-07-20T11:21:46.667Z - [Leads] Visible users found: 13
2026-07-20T11:21:46.678Z - [Leads] [Leads] Querying Prisma with where: {"rotationViolation":true,"isDeleted":false,"organisationId":"23d99450-83e7-4382-9312-d07f083447c0","previousOwnerId":{"in":["fc139c17-d8ba-40f0-8fc0-de857274c943","6d5e601a-d676-4cc6-a860-1a65d3734dab","c68a8236-7b93-4ff3-be69-01297ecfaceb","86498817-2f82-4695-ac75-4feae00ba43b","3b2c2b6a-7ec1-48cb-b98e-4ce026c6a984","2dc472bd-b2a9-4f5b-9066-b0561963cafe","941754a0-1107-4c7c-b7db-980d23df8557","5dac5c27-9d02-455e-bb18-022d0f9afc43","a98aa35e-414a-4939-b425-e0455bfe7eb7","59c25921-95e6-45bd-b7ad-0a07d7079537","6fbc44cd-4167-4571-8198-953e7281a059","9bd78fcd-deeb-4106-a5ec-68a6df672b97","4a6fae60-0298-4026-b0b6-378ed0ec880b"]}}
2026-07-20T11:21:46.810Z - [Leads] [Leads] Violations found: 0
2026-07-20T11:22:13.065Z - [Leads] Entered getViolations
2026-07-20T11:22:13.070Z - [Leads] User: fc139c17-d8ba-40f0-8fc0-de857274c943, Role: admin
2026-07-20T11:22:13.073Z - [Leads] Fetching visible users...
2026-07-20T11:22:13.972Z - [Leads] Visible users found: 13
2026-07-20T11:22:13.976Z - [Leads] [Leads] Querying Prisma with where: {"rotationViolation":true,"isDeleted":false,"organisationId":"23d99450-83e7-4382-9312-d07f083447c0","previousOwnerId":{"in":["fc139c17-d8ba-40f0-8fc0-de857274c943","6d5e601a-d676-4cc6-a860-1a65d3734dab","c68a8236-7b93-4ff3-be69-01297ecfaceb","86498817-2f82-4695-ac75-4feae00ba43b","3b2c2b6a-7ec1-48cb-b98e-4ce026c6a984","2dc472bd-b2a9-4f5b-9066-b0561963cafe","941754a0-1107-4c7c-b7db-980d23df8557","5dac5c27-9d02-455e-bb18-022d0f9afc43","a98aa35e-414a-4939-b425-e0455bfe7eb7","59c25921-95e6-45bd-b7ad-0a07d7079537","6fbc44cd-4167-4571-8198-953e7281a059","9bd78fcd-deeb-4106-a5ec-68a6df672b97","4a6fae60-0298-4026-b0b6-378ed0ec880b"]}}
2026-07-20T11:22:14.022Z - [Leads] [Leads] Violations found: 0
2026-07-20T11:25:48.407Z - [Leads] Entered getViolations
2026-07-20T11:25:48.409Z - [Leads] User: fc139c17-d8ba-40f0-8fc0-de857274c943, Role: admin
2026-07-20T11:25:48.412Z - [Leads] Fetching visible users...
2026-07-20T11:25:50.122Z - [Leads] Visible users found: 13
2026-07-20T11:25:50.150Z - [Leads] [Leads] Querying Prisma with where: {"rotationViolation":true,"isDeleted":false,"organisationId":"23d99450-83e7-4382-9312-d07f083447c0","previousOwnerId":{"in":["fc139c17-d8ba-40f0-8fc0-de857274c943","6d5e601a-d676-4cc6-a860-1a65d3734dab","c68a8236-7b93-4ff3-be69-01297ecfaceb","86498817-2f82-4695-ac75-4feae00ba43b","3b2c2b6a-7ec1-48cb-b98e-4ce026c6a984","2dc472bd-b2a9-4f5b-9066-b0561963cafe","941754a0-1107-4c7c-b7db-980d23df8557","5dac5c27-9d02-455e-bb18-022d0f9afc43","a98aa35e-414a-4939-b425-e0455bfe7eb7","59c25921-95e6-45bd-b7ad-0a07d7079537","6fbc44cd-4167-4571-8198-953e7281a059","9bd78fcd-deeb-4106-a5ec-68a6df672b97","4a6fae60-0298-4026-b0b6-378ed0ec880b"]}}
2026-07-20T11:25:50.284Z - [Leads] [Leads] Violations found: 0
2026-07-20T11:27:05.064Z - [Leads] Entered getViolations
2026-07-20T11:27:05.066Z - [Leads] User: fc139c17-d8ba-40f0-8fc0-de857274c943, Role: admin
2026-07-20T11:27:05.068Z - [Leads] Fetching visible users...
2026-07-20T11:27:05.915Z - [Leads] Visible users found: 13
2026-07-20T11:27:05.917Z - [Leads] [Leads] Querying Prisma with where: {"rotationViolation":true,"isDeleted":false,"organisationId":"23d99450-83e7-4382-9312-d07f083447c0","previousOwnerId":{"in":["fc139c17-d8ba-40f0-8fc0-de857274c943","6d5e601a-d676-4cc6-a860-1a65d3734dab","c68a8236-7b93-4ff3-be69-01297ecfaceb","86498817-2f82-4695-ac75-4feae00ba43b","3b2c2b6a-7ec1-48cb-b98e-4ce026c6a984","2dc472bd-b2a9-4f5b-9066-b0561963cafe","941754a0-1107-4c7c-b7db-980d23df8557","5dac5c27-9d02-455e-bb18-022d0f9afc43","a98aa35e-414a-4939-b425-e0455bfe7eb7","59c25921-95e6-45bd-b7ad-0a07d7079537","6fbc44cd-4167-4571-8198-953e7281a059","9bd78fcd-deeb-4106-a5ec-68a6df672b97","4a6fae60-0298-4026-b0b6-378ed0ec880b"]}}
2026-07-20T11:27:05.996Z - [Leads] [Leads] Violations found: 0
2026-07-20T11:28:58.677Z - [Leads] Entered getViolations
2026-07-20T11:28:58.679Z - [Leads] User: fc139c17-d8ba-40f0-8fc0-de857274c943, Role: admin
2026-07-20T11:28:58.680Z - [Leads] Fetching visible users...
2026-07-20T11:28:59.332Z - [Leads] Visible users found: 13
2026-07-20T11:28:59.335Z - [Leads] [Leads] Querying Prisma with where: {"rotationViolation":true,"isDeleted":false,"organisationId":"23d99450-83e7-4382-9312-d07f083447c0","previousOwnerId":{"in":["fc139c17-d8ba-40f0-8fc0-de857274c943","6d5e601a-d676-4cc6-a860-1a65d3734dab","c68a8236-7b93-4ff3-be69-01297ecfaceb","86498817-2f82-4695-ac75-4feae00ba43b","3b2c2b6a-7ec1-48cb-b98e-4ce026c6a984","2dc472bd-b2a9-4f5b-9066-b0561963cafe","941754a0-1107-4c7c-b7db-980d23df8557","5dac5c27-9d02-455e-bb18-022d0f9afc43","a98aa35e-414a-4939-b425-e0455bfe7eb7","59c25921-95e6-45bd-b7ad-0a07d7079537","6fbc44cd-4167-4571-8198-953e7281a059","9bd78fcd-deeb-4106-a5ec-68a6df672b97","4a6fae60-0298-4026-b0b6-378ed0ec880b"]}}
2026-07-20T11:28:59.382Z - [Leads] [Leads] Violations found: 0
2026-07-20T11:29:07.973Z - [Leads] Entered getViolations
2026-07-20T11:29:07.975Z - [Leads] User: fc139c17-d8ba-40f0-8fc0-de857274c943, Role: admin
2026-07-20T11:29:07.978Z - [Leads] Fetching visible users...
2026-07-20T11:29:08.886Z - [Leads] Visible users found: 13
2026-07-20T11:29:08.888Z - [Leads] [Leads] Querying Prisma with where: {"rotationViolation":true,"isDeleted":false,"organisationId":"23d99450-83e7-4382-9312-d07f083447c0","previousOwnerId":{"in":["fc139c17-d8ba-40f0-8fc0-de857274c943","6d5e601a-d676-4cc6-a860-1a65d3734dab","c68a8236-7b93-4ff3-be69-01297ecfaceb","86498817-2f82-4695-ac75-4feae00ba43b","3b2c2b6a-7ec1-48cb-b98e-4ce026c6a984","2dc472bd-b2a9-4f5b-9066-b0561963cafe","941754a0-1107-4c7c-b7db-980d23df8557","5dac5c27-9d02-455e-bb18-022d0f9afc43","a98aa35e-414a-4939-b425-e0455bfe7eb7","59c25921-95e6-45bd-b7ad-0a07d7079537","6fbc44cd-4167-4571-8198-953e7281a059","9bd78fcd-deeb-4106-a5ec-68a6df672b97","4a6fae60-0298-4026-b0b6-378ed0ec880b"]}}
2026-07-20T11:29:08.925Z - [Leads] [Leads] Violations found: 0
2026-07-20T11:29:43.772Z - [Leads] Entered getViolations
2026-07-20T11:29:43.774Z - [Leads] User: fc139c17-d8ba-40f0-8fc0-de857274c943, Role: admin
2026-07-20T11:29:43.775Z - [Leads] Fetching visible users...
2026-07-20T11:29:44.884Z - [Leads] Visible users found: 13
2026-07-20T11:29:44.887Z - [Leads] [Leads] Querying Prisma with where: {"rotationViolation":true,"isDeleted":false,"organisationId":"23d99450-83e7-4382-9312-d07f083447c0","previousOwnerId":{"in":["fc139c17-d8ba-40f0-8fc0-de857274c943","6d5e601a-d676-4cc6-a860-1a65d3734dab","c68a8236-7b93-4ff3-be69-01297ecfaceb","86498817-2f82-4695-ac75-4feae00ba43b","3b2c2b6a-7ec1-48cb-b98e-4ce026c6a984","2dc472bd-b2a9-4f5b-9066-b0561963cafe","941754a0-1107-4c7c-b7db-980d23df8557","5dac5c27-9d02-455e-bb18-022d0f9afc43","a98aa35e-414a-4939-b425-e0455bfe7eb7","59c25921-95e6-45bd-b7ad-0a07d7079537","6fbc44cd-4167-4571-8198-953e7281a059","9bd78fcd-deeb-4106-a5ec-68a6df672b97","4a6fae60-0298-4026-b0b6-378ed0ec880b"]}}
2026-07-20T11:29:44.947Z - [Leads] [Leads] Violations found: 0
2026-07-20T11:30:30.610Z - Entered getDashboardStats
2026-07-20T11:30:30.612Z - [Analytics] User: fc139c17-d8ba-40f0-8fc0-de857274c943, Org: 23d99450-83e7-4382-9312-d07f083447c0, SuperAdmin: false
2026-07-20T11:30:30.613Z - [Analytics] Importing hierarchyUtils...
2026-07-20T11:30:30.617Z - [Analytics] Fetching visibleUserIds...
2026-07-20T11:30:30.820Z - [Leads] Entered getViolations
2026-07-20T11:30:30.822Z - [Leads] User: fc139c17-d8ba-40f0-8fc0-de857274c943, Role: admin
2026-07-20T11:30:30.823Z - [Leads] Fetching visible users...
2026-07-20T11:30:31.473Z - [Leads] Visible users found: 13
2026-07-20T11:30:31.474Z - [Leads] [Leads] Querying Prisma with where: {"rotationViolation":true,"isDeleted":false,"organisationId":"23d99450-83e7-4382-9312-d07f083447c0","previousOwnerId":{"in":["fc139c17-d8ba-40f0-8fc0-de857274c943","6d5e601a-d676-4cc6-a860-1a65d3734dab","c68a8236-7b93-4ff3-be69-01297ecfaceb","86498817-2f82-4695-ac75-4feae00ba43b","3b2c2b6a-7ec1-48cb-b98e-4ce026c6a984","2dc472bd-b2a9-4f5b-9066-b0561963cafe","941754a0-1107-4c7c-b7db-980d23df8557","5dac5c27-9d02-455e-bb18-022d0f9afc43","a98aa35e-414a-4939-b425-e0455bfe7eb7","59c25921-95e6-45bd-b7ad-0a07d7079537","6fbc44cd-4167-4571-8198-953e7281a059","9bd78fcd-deeb-4106-a5ec-68a6df672b97","4a6fae60-0298-4026-b0b6-378ed0ec880b"]}}
2026-07-20T11:30:31.531Z - [Analytics] Visible users: 13
2026-07-20T11:30:31.551Z - [Leads] [Leads] Violations found: 0
2026-07-20T11:30:45.868Z - [Leads] Entered getViolations
2026-07-20T11:30:45.870Z - [Leads] User: fc139c17-d8ba-40f0-8fc0-de857274c943, Role: admin
2026-07-20T11:30:45.871Z - [Leads] Fetching visible users...
2026-07-20T11:30:47.065Z - [Leads] Visible users found: 13
2026-07-20T11:30:47.069Z - [Leads] [Leads] Querying Prisma with where: {"rotationViolation":true,"isDeleted":false,"organisationId":"23d99450-83e7-4382-9312-d07f083447c0","previousOwnerId":{"in":["fc139c17-d8ba-40f0-8fc0-de857274c943","6d5e601a-d676-4cc6-a860-1a65d3734dab","c68a8236-7b93-4ff3-be69-01297ecfaceb","86498817-2f82-4695-ac75-4feae00ba43b","3b2c2b6a-7ec1-48cb-b98e-4ce026c6a984","2dc472bd-b2a9-4f5b-9066-b0561963cafe","941754a0-1107-4c7c-b7db-980d23df8557","5dac5c27-9d02-455e-bb18-022d0f9afc43","a98aa35e-414a-4939-b425-e0455bfe7eb7","59c25921-95e6-45bd-b7ad-0a07d7079537","6fbc44cd-4167-4571-8198-953e7281a059","9bd78fcd-deeb-4106-a5ec-68a6df672b97","4a6fae60-0298-4026-b0b6-378ed0ec880b"]}}
2026-07-20T11:30:47.142Z - [Leads] [Leads] Violations found: 0
2026-07-20T11:31:06.764Z - [Leads] Entered getViolations
2026-07-20T11:31:06.765Z - [Leads] User: fc139c17-d8ba-40f0-8fc0-de857274c943, Role: admin
2026-07-20T11:31:06.766Z - [Leads] Fetching visible users...
2026-07-20T11:31:07.468Z - [Leads] Visible users found: 13
2026-07-20T11:31:07.469Z - [Leads] [Leads] Querying Prisma with where: {"rotationViolation":true,"isDeleted":false,"organisationId":"23d99450-83e7-4382-9312-d07f083447c0","previousOwnerId":{"in":["fc139c17-d8ba-40f0-8fc0-de857274c943","6d5e601a-d676-4cc6-a860-1a65d3734dab","c68a8236-7b93-4ff3-be69-01297ecfaceb","86498817-2f82-4695-ac75-4feae00ba43b","3b2c2b6a-7ec1-48cb-b98e-4ce026c6a984","2dc472bd-b2a9-4f5b-9066-b0561963cafe","941754a0-1107-4c7c-b7db-980d23df8557","5dac5c27-9d02-455e-bb18-022d0f9afc43","a98aa35e-414a-4939-b425-e0455bfe7eb7","59c25921-95e6-45bd-b7ad-0a07d7079537","6fbc44cd-4167-4571-8198-953e7281a059","9bd78fcd-deeb-4106-a5ec-68a6df672b97","4a6fae60-0298-4026-b0b6-378ed0ec880b"]}}
2026-07-20T11:31:07.540Z - [Leads] [Leads] Violations found: 0
2026-07-20T11:31:17.968Z - [Leads] Entered getViolations
2026-07-20T11:31:17.970Z - [Leads] User: fc139c17-d8ba-40f0-8fc0-de857274c943, Role: admin
2026-07-20T11:31:17.971Z - [Leads] Fetching visible users...
2026-07-20T11:31:18.712Z - [Leads] Visible users found: 13
2026-07-20T11:31:18.714Z - [Leads] [Leads] Querying Prisma with where: {"rotationViolation":true,"isDeleted":false,"organisationId":"23d99450-83e7-4382-9312-d07f083447c0","previousOwnerId":{"in":["fc139c17-d8ba-40f0-8fc0-de857274c943","6d5e601a-d676-4cc6-a860-1a65d3734dab","c68a8236-7b93-4ff3-be69-01297ecfaceb","86498817-2f82-4695-ac75-4feae00ba43b","3b2c2b6a-7ec1-48cb-b98e-4ce026c6a984","2dc472bd-b2a9-4f5b-9066-b0561963cafe","941754a0-1107-4c7c-b7db-980d23df8557","5dac5c27-9d02-455e-bb18-022d0f9afc43","a98aa35e-414a-4939-b425-e0455bfe7eb7","59c25921-95e6-45bd-b7ad-0a07d7079537","6fbc44cd-4167-4571-8198-953e7281a059","9bd78fcd-deeb-4106-a5ec-68a6df672b97","4a6fae60-0298-4026-b0b6-378ed0ec880b"]}}
2026-07-20T11:31:18.821Z - [Leads] [Leads] Violations found: 0
2026-07-20T11:32:19.346Z - [Leads] Entered getViolations
2026-07-20T11:32:19.348Z - [Leads] User: fc139c17-d8ba-40f0-8fc0-de857274c943, Role: admin
2026-07-20T11:32:19.349Z - [Leads] Fetching visible users...
2026-07-20T11:32:20.071Z - [Leads] Visible users found: 13
2026-07-20T11:32:20.072Z - [Leads] [Leads] Querying Prisma with where: {"rotationViolation":true,"isDeleted":false,"organisationId":"23d99450-83e7-4382-9312-d07f083447c0","previousOwnerId":{"in":["fc139c17-d8ba-40f0-8fc0-de857274c943","6d5e601a-d676-4cc6-a860-1a65d3734dab","c68a8236-7b93-4ff3-be69-01297ecfaceb","86498817-2f82-4695-ac75-4feae00ba43b","3b2c2b6a-7ec1-48cb-b98e-4ce026c6a984","2dc472bd-b2a9-4f5b-9066-b0561963cafe","941754a0-1107-4c7c-b7db-980d23df8557","5dac5c27-9d02-455e-bb18-022d0f9afc43","a98aa35e-414a-4939-b425-e0455bfe7eb7","59c25921-95e6-45bd-b7ad-0a07d7079537","6fbc44cd-4167-4571-8198-953e7281a059","9bd78fcd-deeb-4106-a5ec-68a6df672b97","4a6fae60-0298-4026-b0b6-378ed0ec880b"]}}
2026-07-20T11:32:20.142Z - [Leads] [Leads] Violations found: 0
2026-07-20T11:33:20.410Z - [Leads] Entered getViolations
2026-07-20T11:33:20.412Z - [Leads] User: fc139c17-d8ba-40f0-8fc0-de857274c943, Role: admin
2026-07-20T11:33:20.414Z - [Leads] Fetching visible users...
2026-07-20T11:33:21.045Z - [Leads] Visible users found: 13
2026-07-20T11:33:21.052Z - [Leads] [Leads] Querying Prisma with where: {"rotationViolation":true,"isDeleted":false,"organisationId":"23d99450-83e7-4382-9312-d07f083447c0","previousOwnerId":{"in":["fc139c17-d8ba-40f0-8fc0-de857274c943","6d5e601a-d676-4cc6-a860-1a65d3734dab","c68a8236-7b93-4ff3-be69-01297ecfaceb","86498817-2f82-4695-ac75-4feae00ba43b","3b2c2b6a-7ec1-48cb-b98e-4ce026c6a984","2dc472bd-b2a9-4f5b-9066-b0561963cafe","941754a0-1107-4c7c-b7db-980d23df8557","5dac5c27-9d02-455e-bb18-022d0f9afc43","a98aa35e-414a-4939-b425-e0455bfe7eb7","59c25921-95e6-45bd-b7ad-0a07d7079537","6fbc44cd-4167-4571-8198-953e7281a059","9bd78fcd-deeb-4106-a5ec-68a6df672b97","4a6fae60-0298-4026-b0b6-378ed0ec880b"]}}
2026-07-20T11:33:21.110Z - [Leads] [Leads] Violations found: 0
2026-07-20T11:34:21.303Z - [Leads] Entered getViolations
2026-07-20T11:34:21.306Z - [Leads] User: fc139c17-d8ba-40f0-8fc0-de857274c943, Role: admin
2026-07-20T11:34:21.307Z - [Leads] Fetching visible users...
2026-07-20T11:34:21.877Z - [Leads] Visible users found: 13
2026-07-20T11:34:21.878Z - [Leads] [Leads] Querying Prisma with where: {"rotationViolation":true,"isDeleted":false,"organisationId":"23d99450-83e7-4382-9312-d07f083447c0","previousOwnerId":{"in":["fc139c17-d8ba-40f0-8fc0-de857274c943","6d5e601a-d676-4cc6-a860-1a65d3734dab","c68a8236-7b93-4ff3-be69-01297ecfaceb","86498817-2f82-4695-ac75-4feae00ba43b","3b2c2b6a-7ec1-48cb-b98e-4ce026c6a984","2dc472bd-b2a9-4f5b-9066-b0561963cafe","941754a0-1107-4c7c-b7db-980d23df8557","5dac5c27-9d02-455e-bb18-022d0f9afc43","a98aa35e-414a-4939-b425-e0455bfe7eb7","59c25921-95e6-45bd-b7ad-0a07d7079537","6fbc44cd-4167-4571-8198-953e7281a059","9bd78fcd-deeb-4106-a5ec-68a6df672b97","4a6fae60-0298-4026-b0b6-378ed0ec880b"]}}
2026-07-20T11:34:21.919Z - [Leads] [Leads] Violations found: 0
2026-07-20T11:35:22.125Z - [Leads] Entered getViolations
2026-07-20T11:35:22.126Z - [Leads] User: fc139c17-d8ba-40f0-8fc0-de857274c943, Role: admin
2026-07-20T11:35:22.127Z - [Leads] Fetching visible users...
2026-07-20T11:35:22.771Z - [Leads] Visible users found: 13
2026-07-20T11:35:22.773Z - [Leads] [Leads] Querying Prisma with where: {"rotationViolation":true,"isDeleted":false,"organisationId":"23d99450-83e7-4382-9312-d07f083447c0","previousOwnerId":{"in":["fc139c17-d8ba-40f0-8fc0-de857274c943","6d5e601a-d676-4cc6-a860-1a65d3734dab","c68a8236-7b93-4ff3-be69-01297ecfaceb","86498817-2f82-4695-ac75-4feae00ba43b","3b2c2b6a-7ec1-48cb-b98e-4ce026c6a984","2dc472bd-b2a9-4f5b-9066-b0561963cafe","941754a0-1107-4c7c-b7db-980d23df8557","5dac5c27-9d02-455e-bb18-022d0f9afc43","a98aa35e-414a-4939-b425-e0455bfe7eb7","59c25921-95e6-45bd-b7ad-0a07d7079537","6fbc44cd-4167-4571-8198-953e7281a059","9bd78fcd-deeb-4106-a5ec-68a6df672b97","4a6fae60-0298-4026-b0b6-378ed0ec880b"]}}
2026-07-20T11:35:22.810Z - [Leads] [Leads] Violations found: 0
2026-07-20T11:36:24.848Z - [Leads] Entered getViolations
2026-07-20T11:36:24.851Z - [Leads] User: fc139c17-d8ba-40f0-8fc0-de857274c943, Role: admin
2026-07-20T11:36:24.852Z - [Leads] Fetching visible users...
2026-07-20T11:36:25.703Z - [Leads] Visible users found: 13
2026-07-20T11:36:25.704Z - [Leads] [Leads] Querying Prisma with where: {"rotationViolation":true,"isDeleted":false,"organisationId":"23d99450-83e7-4382-9312-d07f083447c0","previousOwnerId":{"in":["fc139c17-d8ba-40f0-8fc0-de857274c943","6d5e601a-d676-4cc6-a860-1a65d3734dab","c68a8236-7b93-4ff3-be69-01297ecfaceb","86498817-2f82-4695-ac75-4feae00ba43b","3b2c2b6a-7ec1-48cb-b98e-4ce026c6a984","2dc472bd-b2a9-4f5b-9066-b0561963cafe","941754a0-1107-4c7c-b7db-980d23df8557","5dac5c27-9d02-455e-bb18-022d0f9afc43","a98aa35e-414a-4939-b425-e0455bfe7eb7","59c25921-95e6-45bd-b7ad-0a07d7079537","6fbc44cd-4167-4571-8198-953e7281a059","9bd78fcd-deeb-4106-a5ec-68a6df672b97","4a6fae60-0298-4026-b0b6-378ed0ec880b"]}}
2026-07-20T11:36:25.772Z - [Leads] [Leads] Violations found: 0
2026-07-20T11:36:35.816Z - [Leads] Entered getViolations
2026-07-20T11:36:35.817Z - [Leads] User: fc139c17-d8ba-40f0-8fc0-de857274c943, Role: admin
2026-07-20T11:36:35.818Z - [Leads] Fetching visible users...
2026-07-20T11:36:36.815Z - [Leads] Visible users found: 13
2026-07-20T11:36:36.817Z - [Leads] [Leads] Querying Prisma with where: {"rotationViolation":true,"isDeleted":false,"organisationId":"23d99450-83e7-4382-9312-d07f083447c0","previousOwnerId":{"in":["fc139c17-d8ba-40f0-8fc0-de857274c943","6d5e601a-d676-4cc6-a860-1a65d3734dab","c68a8236-7b93-4ff3-be69-01297ecfaceb","86498817-2f82-4695-ac75-4feae00ba43b","3b2c2b6a-7ec1-48cb-b98e-4ce026c6a984","2dc472bd-b2a9-4f5b-9066-b0561963cafe","941754a0-1107-4c7c-b7db-980d23df8557","5dac5c27-9d02-455e-bb18-022d0f9afc43","a98aa35e-414a-4939-b425-e0455bfe7eb7","59c25921-95e6-45bd-b7ad-0a07d7079537","6fbc44cd-4167-4571-8198-953e7281a059","9bd78fcd-deeb-4106-a5ec-68a6df672b97","4a6fae60-0298-4026-b0b6-378ed0ec880b"]}}
2026-07-20T11:36:36.854Z - [Leads] [Leads] Violations found: 0
2026-07-20T11:37:19.961Z - [Leads] Entered getViolations
2026-07-20T11:37:19.963Z - [Leads] User: fc139c17-d8ba-40f0-8fc0-de857274c943, Role: admin
2026-07-20T11:37:19.964Z - [Leads] Fetching visible users...
2026-07-20T11:37:20.719Z - [Leads] Visible users found: 13
2026-07-20T11:37:20.721Z - [Leads] [Leads] Querying Prisma with where: {"rotationViolation":true,"isDeleted":false,"organisationId":"23d99450-83e7-4382-9312-d07f083447c0","previousOwnerId":{"in":["fc139c17-d8ba-40f0-8fc0-de857274c943","6d5e601a-d676-4cc6-a860-1a65d3734dab","c68a8236-7b93-4ff3-be69-01297ecfaceb","86498817-2f82-4695-ac75-4feae00ba43b","3b2c2b6a-7ec1-48cb-b98e-4ce026c6a984","2dc472bd-b2a9-4f5b-9066-b0561963cafe","941754a0-1107-4c7c-b7db-980d23df8557","5dac5c27-9d02-455e-bb18-022d0f9afc43","a98aa35e-414a-4939-b425-e0455bfe7eb7","59c25921-95e6-45bd-b7ad-0a07d7079537","6fbc44cd-4167-4571-8198-953e7281a059","9bd78fcd-deeb-4106-a5ec-68a6df672b97","4a6fae60-0298-4026-b0b6-378ed0ec880b"]}}
2026-07-20T11:37:20.830Z - [Leads] [Leads] Violations found: 0
2026-07-20T11:37:37.598Z - [Leads] Entered getViolations
2026-07-20T11:37:37.599Z - [Leads] User: fc139c17-d8ba-40f0-8fc0-de857274c943, Role: admin
2026-07-20T11:37:37.601Z - [Leads] Fetching visible users...
2026-07-20T11:37:38.228Z - [Leads] Visible users found: 13
2026-07-20T11:37:38.231Z - [Leads] [Leads] Querying Prisma with where: {"rotationViolation":true,"isDeleted":false,"organisationId":"23d99450-83e7-4382-9312-d07f083447c0","previousOwnerId":{"in":["fc139c17-d8ba-40f0-8fc0-de857274c943","6d5e601a-d676-4cc6-a860-1a65d3734dab","c68a8236-7b93-4ff3-be69-01297ecfaceb","86498817-2f82-4695-ac75-4feae00ba43b","3b2c2b6a-7ec1-48cb-b98e-4ce026c6a984","2dc472bd-b2a9-4f5b-9066-b0561963cafe","941754a0-1107-4c7c-b7db-980d23df8557","5dac5c27-9d02-455e-bb18-022d0f9afc43","a98aa35e-414a-4939-b425-e0455bfe7eb7","59c25921-95e6-45bd-b7ad-0a07d7079537","6fbc44cd-4167-4571-8198-953e7281a059","9bd78fcd-deeb-4106-a5ec-68a6df672b97","4a6fae60-0298-4026-b0b6-378ed0ec880b"]}}
2026-07-20T11:37:38.270Z - [Leads] [Leads] Violations found: 0
2026-07-20T11:38:21.518Z - [Leads] Entered getViolations
2026-07-20T11:38:21.523Z - [Leads] User: fc139c17-d8ba-40f0-8fc0-de857274c943, Role: admin
2026-07-20T11:38:21.524Z - [Leads] Fetching visible users...
2026-07-20T11:38:22.764Z - [Leads] Visible users found: 13
2026-07-20T11:38:22.767Z - [Leads] [Leads] Querying Prisma with where: {"rotationViolation":true,"isDeleted":false,"organisationId":"23d99450-83e7-4382-9312-d07f083447c0","previousOwnerId":{"in":["fc139c17-d8ba-40f0-8fc0-de857274c943","6d5e601a-d676-4cc6-a860-1a65d3734dab","c68a8236-7b93-4ff3-be69-01297ecfaceb","86498817-2f82-4695-ac75-4feae00ba43b","3b2c2b6a-7ec1-48cb-b98e-4ce026c6a984","2dc472bd-b2a9-4f5b-9066-b0561963cafe","941754a0-1107-4c7c-b7db-980d23df8557","5dac5c27-9d02-455e-bb18-022d0f9afc43","a98aa35e-414a-4939-b425-e0455bfe7eb7","59c25921-95e6-45bd-b7ad-0a07d7079537","6fbc44cd-4167-4571-8198-953e7281a059","9bd78fcd-deeb-4106-a5ec-68a6df672b97","4a6fae60-0298-4026-b0b6-378ed0ec880b"]}}
2026-07-20T11:38:23.371Z - [Leads] [Leads] Violations found: 0
2026-07-20T11:38:33.696Z - [Leads] Entered getViolations
2026-07-20T11:38:33.709Z - [Leads] User: fc139c17-d8ba-40f0-8fc0-de857274c943, Role: admin
2026-07-20T11:38:33.710Z - [Leads] Fetching visible users...
2026-07-20T11:38:34.900Z - [Leads] Visible users found: 13
2026-07-20T11:38:34.903Z - [Leads] [Leads] Querying Prisma with where: {"rotationViolation":true,"isDeleted":false,"organisationId":"23d99450-83e7-4382-9312-d07f083447c0","previousOwnerId":{"in":["fc139c17-d8ba-40f0-8fc0-de857274c943","6d5e601a-d676-4cc6-a860-1a65d3734dab","c68a8236-7b93-4ff3-be69-01297ecfaceb","86498817-2f82-4695-ac75-4feae00ba43b","3b2c2b6a-7ec1-48cb-b98e-4ce026c6a984","2dc472bd-b2a9-4f5b-9066-b0561963cafe","941754a0-1107-4c7c-b7db-980d23df8557","5dac5c27-9d02-455e-bb18-022d0f9afc43","a98aa35e-414a-4939-b425-e0455bfe7eb7","59c25921-95e6-45bd-b7ad-0a07d7079537","6fbc44cd-4167-4571-8198-953e7281a059","9bd78fcd-deeb-4106-a5ec-68a6df672b97","4a6fae60-0298-4026-b0b6-378ed0ec880b"]}}
2026-07-20T11:38:34.977Z - [Leads] [Leads] Violations found: 0
2026-07-20T11:38:38.589Z - [Leads] Entered getViolations
2026-07-20T11:38:38.594Z - [Leads] User: fc139c17-d8ba-40f0-8fc0-de857274c943, Role: admin
2026-07-20T11:38:38.595Z - [Leads] Fetching visible users...
2026-07-20T11:38:39.540Z - [Leads] Visible users found: 13
2026-07-20T11:38:39.542Z - [Leads] [Leads] Querying Prisma with where: {"rotationViolation":true,"isDeleted":false,"organisationId":"23d99450-83e7-4382-9312-d07f083447c0","previousOwnerId":{"in":["fc139c17-d8ba-40f0-8fc0-de857274c943","6d5e601a-d676-4cc6-a860-1a65d3734dab","c68a8236-7b93-4ff3-be69-01297ecfaceb","86498817-2f82-4695-ac75-4feae00ba43b","3b2c2b6a-7ec1-48cb-b98e-4ce026c6a984","2dc472bd-b2a9-4f5b-9066-b0561963cafe","941754a0-1107-4c7c-b7db-980d23df8557","5dac5c27-9d02-455e-bb18-022d0f9afc43","a98aa35e-414a-4939-b425-e0455bfe7eb7","59c25921-95e6-45bd-b7ad-0a07d7079537","6fbc44cd-4167-4571-8198-953e7281a059","9bd78fcd-deeb-4106-a5ec-68a6df672b97","4a6fae60-0298-4026-b0b6-378ed0ec880b"]}}
2026-07-20T11:38:39.585Z - [Leads] [Leads] Violations found: 0
2026-07-20T11:39:40.102Z - [Leads] Entered getViolations
2026-07-20T11:39:40.110Z - [Leads] User: fc139c17-d8ba-40f0-8fc0-de857274c943, Role: admin
2026-07-20T11:39:40.111Z - [Leads] Fetching visible users...
2026-07-20T11:39:40.789Z - [Leads] Visible users found: 13
2026-07-20T11:39:40.790Z - [Leads] [Leads] Querying Prisma with where: {"rotationViolation":true,"isDeleted":false,"organisationId":"23d99450-83e7-4382-9312-d07f083447c0","previousOwnerId":{"in":["fc139c17-d8ba-40f0-8fc0-de857274c943","6d5e601a-d676-4cc6-a860-1a65d3734dab","c68a8236-7b93-4ff3-be69-01297ecfaceb","86498817-2f82-4695-ac75-4feae00ba43b","3b2c2b6a-7ec1-48cb-b98e-4ce026c6a984","2dc472bd-b2a9-4f5b-9066-b0561963cafe","941754a0-1107-4c7c-b7db-980d23df8557","5dac5c27-9d02-455e-bb18-022d0f9afc43","a98aa35e-414a-4939-b425-e0455bfe7eb7","59c25921-95e6-45bd-b7ad-0a07d7079537","6fbc44cd-4167-4571-8198-953e7281a059","9bd78fcd-deeb-4106-a5ec-68a6df672b97","4a6fae60-0298-4026-b0b6-378ed0ec880b"]}}
2026-07-20T11:39:40.870Z - [Leads] [Leads] Violations found: 0
2026-07-20T11:40:41.449Z - [Leads] Entered getViolations
2026-07-20T11:40:41.450Z - [Leads] User: fc139c17-d8ba-40f0-8fc0-de857274c943, Role: admin
2026-07-20T11:40:41.451Z - [Leads] Fetching visible users...
2026-07-20T11:40:42.072Z - [Leads] Visible users found: 13
2026-07-20T11:40:42.074Z - [Leads] [Leads] Querying Prisma with where: {"rotationViolation":true,"isDeleted":false,"organisationId":"23d99450-83e7-4382-9312-d07f083447c0","previousOwnerId":{"in":["fc139c17-d8ba-40f0-8fc0-de857274c943","6d5e601a-d676-4cc6-a860-1a65d3734dab","c68a8236-7b93-4ff3-be69-01297ecfaceb","86498817-2f82-4695-ac75-4feae00ba43b","3b2c2b6a-7ec1-48cb-b98e-4ce026c6a984","2dc472bd-b2a9-4f5b-9066-b0561963cafe","941754a0-1107-4c7c-b7db-980d23df8557","5dac5c27-9d02-455e-bb18-022d0f9afc43","a98aa35e-414a-4939-b425-e0455bfe7eb7","59c25921-95e6-45bd-b7ad-0a07d7079537","6fbc44cd-4167-4571-8198-953e7281a059","9bd78fcd-deeb-4106-a5ec-68a6df672b97","4a6fae60-0298-4026-b0b6-378ed0ec880b"]}}
2026-07-20T11:40:42.115Z - [Leads] [Leads] Violations found: 0
2026-07-20T11:41:27.461Z - [Leads] Entered getViolations
2026-07-20T11:41:27.464Z - [Leads] User: fc139c17-d8ba-40f0-8fc0-de857274c943, Role: admin
2026-07-20T11:41:27.466Z - [Leads] Fetching visible users...
2026-07-20T11:41:28.202Z - [Leads] Visible users found: 13
2026-07-20T11:41:28.203Z - [Leads] [Leads] Querying Prisma with where: {"rotationViolation":true,"isDeleted":false,"organisationId":"23d99450-83e7-4382-9312-d07f083447c0","previousOwnerId":{"in":["fc139c17-d8ba-40f0-8fc0-de857274c943","6d5e601a-d676-4cc6-a860-1a65d3734dab","c68a8236-7b93-4ff3-be69-01297ecfaceb","86498817-2f82-4695-ac75-4feae00ba43b","3b2c2b6a-7ec1-48cb-b98e-4ce026c6a984","2dc472bd-b2a9-4f5b-9066-b0561963cafe","941754a0-1107-4c7c-b7db-980d23df8557","5dac5c27-9d02-455e-bb18-022d0f9afc43","a98aa35e-414a-4939-b425-e0455bfe7eb7","59c25921-95e6-45bd-b7ad-0a07d7079537","6fbc44cd-4167-4571-8198-953e7281a059","9bd78fcd-deeb-4106-a5ec-68a6df672b97","4a6fae60-0298-4026-b0b6-378ed0ec880b"]}}
2026-07-20T11:41:28.300Z - [Leads] [Leads] Violations found: 0
2026-07-20T11:41:50.988Z - [Leads] Entered getViolations
2026-07-20T11:41:50.992Z - [Leads] User: fc139c17-d8ba-40f0-8fc0-de857274c943, Role: admin
2026-07-20T11:41:50.995Z - [Leads] Fetching visible users...
2026-07-20T11:41:52.175Z - [Leads] Visible users found: 13
2026-07-20T11:41:52.176Z - [Leads] [Leads] Querying Prisma with where: {"rotationViolation":true,"isDeleted":false,"organisationId":"23d99450-83e7-4382-9312-d07f083447c0","previousOwnerId":{"in":["fc139c17-d8ba-40f0-8fc0-de857274c943","6d5e601a-d676-4cc6-a860-1a65d3734dab","c68a8236-7b93-4ff3-be69-01297ecfaceb","86498817-2f82-4695-ac75-4feae00ba43b","3b2c2b6a-7ec1-48cb-b98e-4ce026c6a984","2dc472bd-b2a9-4f5b-9066-b0561963cafe","941754a0-1107-4c7c-b7db-980d23df8557","5dac5c27-9d02-455e-bb18-022d0f9afc43","a98aa35e-414a-4939-b425-e0455bfe7eb7","59c25921-95e6-45bd-b7ad-0a07d7079537","6fbc44cd-4167-4571-8198-953e7281a059","9bd78fcd-deeb-4106-a5ec-68a6df672b97","4a6fae60-0298-4026-b0b6-378ed0ec880b"]}}
2026-07-20T11:41:52.248Z - [Leads] [Leads] Violations found: 0
2026-07-20T11:42:24.107Z - Entered getDashboardStats
2026-07-20T11:42:24.109Z - [Analytics] User: 2dc472bd-b2a9-4f5b-9066-b0561963cafe, Org: 23d99450-83e7-4382-9312-d07f083447c0, SuperAdmin: false
2026-07-20T11:42:24.110Z - [Analytics] Importing hierarchyUtils...
2026-07-20T11:42:24.113Z - [Analytics] Fetching visibleUserIds...
2026-07-20T11:42:24.244Z - [Analytics] Visible users: 1
2026-07-20T11:42:24.323Z - [Leads] Entered getViolations
2026-07-20T11:42:24.326Z - [Leads] User: 2dc472bd-b2a9-4f5b-9066-b0561963cafe, Role: sales_rep
2026-07-20T11:42:24.328Z - [Leads] Fetching visible users...
2026-07-20T11:42:24.590Z - [Leads] Visible users found: 1
2026-07-20T11:42:24.593Z - [Leads] [Leads] Querying Prisma with where: {"rotationViolation":true,"isDeleted":false,"organisationId":"23d99450-83e7-4382-9312-d07f083447c0","previousOwnerId":{"in":["2dc472bd-b2a9-4f5b-9066-b0561963cafe"]}}
2026-07-20T11:42:24.661Z - [Leads] [Leads] Violations found: 0
2026-07-20T11:42:35.216Z - [Leads] Entered getViolations
2026-07-20T11:42:35.218Z - [Leads] User: fc139c17-d8ba-40f0-8fc0-de857274c943, Role: admin
2026-07-20T11:42:35.221Z - [Leads] Fetching visible users...
2026-07-20T11:42:36.321Z - [Leads] Visible users found: 13
2026-07-20T11:42:36.334Z - [Leads] [Leads] Querying Prisma with where: {"rotationViolation":true,"isDeleted":false,"organisationId":"23d99450-83e7-4382-9312-d07f083447c0","previousOwnerId":{"in":["fc139c17-d8ba-40f0-8fc0-de857274c943","6d5e601a-d676-4cc6-a860-1a65d3734dab","c68a8236-7b93-4ff3-be69-01297ecfaceb","86498817-2f82-4695-ac75-4feae00ba43b","3b2c2b6a-7ec1-48cb-b98e-4ce026c6a984","2dc472bd-b2a9-4f5b-9066-b0561963cafe","941754a0-1107-4c7c-b7db-980d23df8557","5dac5c27-9d02-455e-bb18-022d0f9afc43","a98aa35e-414a-4939-b425-e0455bfe7eb7","59c25921-95e6-45bd-b7ad-0a07d7079537","6fbc44cd-4167-4571-8198-953e7281a059","9bd78fcd-deeb-4106-a5ec-68a6df672b97","4a6fae60-0298-4026-b0b6-378ed0ec880b"]}}
2026-07-20T11:42:36.425Z - Entered getDashboardStats
2026-07-20T11:42:36.431Z - [Analytics] User: fc139c17-d8ba-40f0-8fc0-de857274c943, Org: 23d99450-83e7-4382-9312-d07f083447c0, SuperAdmin: false
2026-07-20T11:42:36.437Z - [Analytics] Importing hierarchyUtils...
2026-07-20T11:42:36.442Z - [Analytics] Fetching visibleUserIds...
2026-07-20T11:42:36.479Z - [Leads] [Leads] Violations found: 0
2026-07-20T11:42:37.792Z - [Analytics] Visible users: 13
2026-07-20T11:43:24.915Z - [Leads] Entered getViolations
2026-07-20T11:43:24.916Z - [Leads] User: 2dc472bd-b2a9-4f5b-9066-b0561963cafe, Role: sales_rep
2026-07-20T11:43:24.918Z - [Leads] Fetching visible users...
2026-07-20T11:43:25.022Z - [Leads] Visible users found: 1
2026-07-20T11:43:25.024Z - [Leads] [Leads] Querying Prisma with where: {"rotationViolation":true,"isDeleted":false,"organisationId":"23d99450-83e7-4382-9312-d07f083447c0","previousOwnerId":{"in":["2dc472bd-b2a9-4f5b-9066-b0561963cafe"]}}
2026-07-20T11:43:25.100Z - [Leads] [Leads] Violations found: 0
2026-07-20T11:43:36.796Z - [Leads] Entered getViolations
2026-07-20T11:43:36.798Z - [Leads] User: fc139c17-d8ba-40f0-8fc0-de857274c943, Role: admin
2026-07-20T11:43:36.799Z - [Leads] Fetching visible users...
2026-07-20T11:43:37.413Z - [Leads] Visible users found: 13
2026-07-20T11:43:37.415Z - [Leads] [Leads] Querying Prisma with where: {"rotationViolation":true,"isDeleted":false,"organisationId":"23d99450-83e7-4382-9312-d07f083447c0","previousOwnerId":{"in":["fc139c17-d8ba-40f0-8fc0-de857274c943","6d5e601a-d676-4cc6-a860-1a65d3734dab","c68a8236-7b93-4ff3-be69-01297ecfaceb","86498817-2f82-4695-ac75-4feae00ba43b","3b2c2b6a-7ec1-48cb-b98e-4ce026c6a984","2dc472bd-b2a9-4f5b-9066-b0561963cafe","941754a0-1107-4c7c-b7db-980d23df8557","5dac5c27-9d02-455e-bb18-022d0f9afc43","a98aa35e-414a-4939-b425-e0455bfe7eb7","59c25921-95e6-45bd-b7ad-0a07d7079537","6fbc44cd-4167-4571-8198-953e7281a059","9bd78fcd-deeb-4106-a5ec-68a6df672b97","4a6fae60-0298-4026-b0b6-378ed0ec880b"]}}
2026-07-20T11:43:37.491Z - [Leads] [Leads] Violations found: 0
2026-07-20T11:44:14.973Z - [Leads] Entered getViolations
2026-07-20T11:44:14.975Z - [Leads] User: 2dc472bd-b2a9-4f5b-9066-b0561963cafe, Role: sales_rep
2026-07-20T11:44:14.977Z - [Leads] Fetching visible users...
2026-07-20T11:44:15.147Z - [Leads] Visible users found: 1
2026-07-20T11:44:15.149Z - [Leads] [Leads] Querying Prisma with where: {"rotationViolation":true,"isDeleted":false,"organisationId":"23d99450-83e7-4382-9312-d07f083447c0","previousOwnerId":{"in":["2dc472bd-b2a9-4f5b-9066-b0561963cafe"]}}
2026-07-20T11:44:15.231Z - [Leads] [Leads] Violations found: 0
2026-07-20T11:45:15.435Z - [Leads] Entered getViolations
2026-07-20T11:45:15.437Z - [Leads] User: 2dc472bd-b2a9-4f5b-9066-b0561963cafe, Role: sales_rep
2026-07-20T11:45:15.439Z - [Leads] Fetching visible users...
2026-07-20T11:45:15.543Z - [Leads] Visible users found: 1
2026-07-20T11:45:15.544Z - [Leads] [Leads] Querying Prisma with where: {"rotationViolation":true,"isDeleted":false,"organisationId":"23d99450-83e7-4382-9312-d07f083447c0","previousOwnerId":{"in":["2dc472bd-b2a9-4f5b-9066-b0561963cafe"]}}
2026-07-20T11:45:15.616Z - [Leads] [Leads] Violations found: 0
2026-07-20T11:45:36.167Z - [Leads] Entered getViolations
2026-07-20T11:45:36.168Z - [Leads] User: 2dc472bd-b2a9-4f5b-9066-b0561963cafe, Role: sales_rep
2026-07-20T11:45:36.170Z - [Leads] Fetching visible users...
2026-07-20T11:45:36.269Z - [Leads] Visible users found: 1
2026-07-20T11:45:36.271Z - [Leads] [Leads] Querying Prisma with where: {"rotationViolation":true,"isDeleted":false,"organisationId":"23d99450-83e7-4382-9312-d07f083447c0","previousOwnerId":{"in":["2dc472bd-b2a9-4f5b-9066-b0561963cafe"]}}
2026-07-20T11:45:36.346Z - [Leads] [Leads] Violations found: 0
2026-07-20T11:46:36.654Z - [Leads] Entered getViolations
2026-07-20T11:46:36.659Z - [Leads] User: 2dc472bd-b2a9-4f5b-9066-b0561963cafe, Role: sales_rep
2026-07-20T11:46:36.667Z - [Leads] Fetching visible users...
2026-07-20T11:46:36.822Z - [Leads] Visible users found: 1
2026-07-20T11:46:36.829Z - [Leads] [Leads] Querying Prisma with where: {"rotationViolation":true,"isDeleted":false,"organisationId":"23d99450-83e7-4382-9312-d07f083447c0","previousOwnerId":{"in":["2dc472bd-b2a9-4f5b-9066-b0561963cafe"]}}
2026-07-20T11:46:36.893Z - [Leads] [Leads] Violations found: 0
2026-07-20T11:46:43.649Z - [Leads] Entered getViolations
2026-07-20T11:46:43.651Z - [Leads] User: 2dc472bd-b2a9-4f5b-9066-b0561963cafe, Role: sales_rep
2026-07-20T11:46:43.654Z - [Leads] Fetching visible users...
2026-07-20T11:46:43.763Z - [Leads] Visible users found: 1
2026-07-20T11:46:43.765Z - [Leads] [Leads] Querying Prisma with where: {"rotationViolation":true,"isDeleted":false,"organisationId":"23d99450-83e7-4382-9312-d07f083447c0","previousOwnerId":{"in":["2dc472bd-b2a9-4f5b-9066-b0561963cafe"]}}
2026-07-20T11:46:43.833Z - [Leads] [Leads] Violations found: 0
2026-07-20T11:47:29.936Z - [Leads] Entered getViolations
2026-07-20T11:47:29.939Z - [Leads] User: 2dc472bd-b2a9-4f5b-9066-b0561963cafe, Role: sales_rep
2026-07-20T11:47:29.941Z - [Leads] Fetching visible users...
2026-07-20T11:47:30.122Z - [Leads] Visible users found: 1
2026-07-20T11:47:30.126Z - [Leads] [Leads] Querying Prisma with where: {"rotationViolation":true,"isDeleted":false,"organisationId":"23d99450-83e7-4382-9312-d07f083447c0","previousOwnerId":{"in":["2dc472bd-b2a9-4f5b-9066-b0561963cafe"]}}
2026-07-20T11:47:30.211Z - [Leads] [Leads] Violations found: 0
2026-07-20T11:47:32.556Z - [Leads] Entered getViolations
2026-07-20T11:47:32.559Z - [Leads] User: 2dc472bd-b2a9-4f5b-9066-b0561963cafe, Role: sales_rep
2026-07-20T11:47:32.560Z - [Leads] Fetching visible users...
2026-07-20T11:47:32.744Z - [Leads] Visible users found: 1
2026-07-20T11:47:32.745Z - [Leads] [Leads] Querying Prisma with where: {"rotationViolation":true,"isDeleted":false,"organisationId":"23d99450-83e7-4382-9312-d07f083447c0","previousOwnerId":{"in":["2dc472bd-b2a9-4f5b-9066-b0561963cafe"]}}
2026-07-20T11:47:32.811Z - [Leads] [Leads] Violations found: 0
2026-07-20T11:47:36.840Z - [Leads] Entered getViolations
2026-07-20T11:47:36.841Z - [Leads] User: 2dc472bd-b2a9-4f5b-9066-b0561963cafe, Role: sales_rep
2026-07-20T11:47:36.843Z - [Leads] Fetching visible users...
2026-07-20T11:47:36.944Z - [Leads] Visible users found: 1
2026-07-20T11:47:36.947Z - [Leads] [Leads] Querying Prisma with where: {"rotationViolation":true,"isDeleted":false,"organisationId":"23d99450-83e7-4382-9312-d07f083447c0","previousOwnerId":{"in":["2dc472bd-b2a9-4f5b-9066-b0561963cafe"]}}
2026-07-20T11:47:37.023Z - [Leads] [Leads] Violations found: 0
2026-07-20T11:47:42.248Z - [Leads] Entered getViolations
2026-07-20T11:47:42.251Z - [Leads] User: 2dc472bd-b2a9-4f5b-9066-b0561963cafe, Role: sales_rep
2026-07-20T11:47:42.252Z - [Leads] Fetching visible users...
2026-07-20T11:47:42.391Z - [Leads] Visible users found: 1
2026-07-20T11:47:42.392Z - [Leads] [Leads] Querying Prisma with where: {"rotationViolation":true,"isDeleted":false,"organisationId":"23d99450-83e7-4382-9312-d07f083447c0","previousOwnerId":{"in":["2dc472bd-b2a9-4f5b-9066-b0561963cafe"]}}
2026-07-20T11:47:42.433Z - [Leads] [Leads] Violations found: 0
2026-07-20T11:47:45.467Z - [Leads] Entered getViolations
2026-07-20T11:47:45.468Z - [Leads] User: 2dc472bd-b2a9-4f5b-9066-b0561963cafe, Role: sales_rep
2026-07-20T11:47:45.470Z - [Leads] Fetching visible users...
2026-07-20T11:47:45.568Z - [Leads] Visible users found: 1
2026-07-20T11:47:45.570Z - [Leads] [Leads] Querying Prisma with where: {"rotationViolation":true,"isDeleted":false,"organisationId":"23d99450-83e7-4382-9312-d07f083447c0","previousOwnerId":{"in":["2dc472bd-b2a9-4f5b-9066-b0561963cafe"]}}
2026-07-20T11:47:45.658Z - [Leads] [Leads] Violations found: 0
2026-07-20T11:47:47.822Z - [Leads] Entered getViolations
2026-07-20T11:47:47.824Z - [Leads] User: 2dc472bd-b2a9-4f5b-9066-b0561963cafe, Role: sales_rep
2026-07-20T11:47:47.825Z - [Leads] Fetching visible users...
2026-07-20T11:47:47.927Z - [Leads] Visible users found: 1
2026-07-20T11:47:47.929Z - [Leads] [Leads] Querying Prisma with where: {"rotationViolation":true,"isDeleted":false,"organisationId":"23d99450-83e7-4382-9312-d07f083447c0","previousOwnerId":{"in":["2dc472bd-b2a9-4f5b-9066-b0561963cafe"]}}
2026-07-20T11:47:47.965Z - [Leads] [Leads] Violations found: 0
2026-07-20T11:47:56.622Z - [Leads] Entered getViolations
2026-07-20T11:47:56.627Z - [Leads] User: 2dc472bd-b2a9-4f5b-9066-b0561963cafe, Role: sales_rep
2026-07-20T11:47:56.628Z - [Leads] Fetching visible users...
2026-07-20T11:47:56.768Z - [Leads] Visible users found: 1
2026-07-20T11:47:56.770Z - [Leads] [Leads] Querying Prisma with where: {"rotationViolation":true,"isDeleted":false,"organisationId":"23d99450-83e7-4382-9312-d07f083447c0","previousOwnerId":{"in":["2dc472bd-b2a9-4f5b-9066-b0561963cafe"]}}
2026-07-20T11:47:56.808Z - [Leads] [Leads] Violations found: 0
2026-07-20T11:48:47.086Z - [Leads] Entered getViolations
2026-07-20T11:48:47.088Z - [Leads] User: 2dc472bd-b2a9-4f5b-9066-b0561963cafe, Role: sales_rep
2026-07-20T11:48:47.089Z - [Leads] Fetching visible users...
2026-07-20T11:48:47.186Z - [Leads] Visible users found: 1
2026-07-20T11:48:47.187Z - [Leads] [Leads] Querying Prisma with where: {"rotationViolation":true,"isDeleted":false,"organisationId":"23d99450-83e7-4382-9312-d07f083447c0","previousOwnerId":{"in":["2dc472bd-b2a9-4f5b-9066-b0561963cafe"]}}
2026-07-20T11:48:47.255Z - [Leads] [Leads] Violations found: 0
2026-07-20T11:49:47.834Z - [Leads] Entered getViolations
2026-07-20T11:49:47.844Z - [Leads] User: 2dc472bd-b2a9-4f5b-9066-b0561963cafe, Role: sales_rep
2026-07-20T11:49:47.846Z - [Leads] Fetching visible users...
2026-07-20T11:49:48.041Z - [Leads] Visible users found: 1
2026-07-20T11:49:48.044Z - [Leads] [Leads] Querying Prisma with where: {"rotationViolation":true,"isDeleted":false,"organisationId":"23d99450-83e7-4382-9312-d07f083447c0","previousOwnerId":{"in":["2dc472bd-b2a9-4f5b-9066-b0561963cafe"]}}
2026-07-20T11:49:48.116Z - [Leads] [Leads] Violations found: 0
2026-07-20T11:50:48.563Z - [Leads] Entered getViolations
2026-07-20T11:50:48.565Z - [Leads] User: 2dc472bd-b2a9-4f5b-9066-b0561963cafe, Role: sales_rep
2026-07-20T11:50:48.566Z - [Leads] Fetching visible users...
2026-07-20T11:50:48.674Z - [Leads] Visible users found: 1
2026-07-20T11:50:48.676Z - [Leads] [Leads] Querying Prisma with where: {"rotationViolation":true,"isDeleted":false,"organisationId":"23d99450-83e7-4382-9312-d07f083447c0","previousOwnerId":{"in":["2dc472bd-b2a9-4f5b-9066-b0561963cafe"]}}
2026-07-20T11:50:48.714Z - [Leads] [Leads] Violations found: 0
2026-07-20T11:56:36.449Z - [Leads] Entered getViolations
2026-07-20T11:56:36.450Z - [Leads] User: 2dc472bd-b2a9-4f5b-9066-b0561963cafe, Role: sales_rep
2026-07-20T11:56:36.453Z - [Leads] Fetching visible users...
2026-07-20T11:56:36.586Z - [Leads] Visible users found: 1
2026-07-20T11:56:36.588Z - [Leads] [Leads] Querying Prisma with where: {"rotationViolation":true,"isDeleted":false,"organisationId":"23d99450-83e7-4382-9312-d07f083447c0","previousOwnerId":{"in":["2dc472bd-b2a9-4f5b-9066-b0561963cafe"]}}
2026-07-20T11:56:36.670Z - [Leads] [Leads] Violations found: 0
2026-07-20T11:56:45.353Z - [Leads] Entered getViolations
2026-07-20T11:56:45.419Z - [Leads] User: 2dc472bd-b2a9-4f5b-9066-b0561963cafe, Role: sales_rep
2026-07-20T11:56:45.420Z - [Leads] Fetching visible users...
2026-07-20T11:56:46.532Z - [Leads] Visible users found: 1
2026-07-20T11:56:46.541Z - [Leads] [Leads] Querying Prisma with where: {"rotationViolation":true,"isDeleted":false,"organisationId":"23d99450-83e7-4382-9312-d07f083447c0","previousOwnerId":{"in":["2dc472bd-b2a9-4f5b-9066-b0561963cafe"]}}
2026-07-20T11:56:46.691Z - [Leads] [Leads] Violations found: 0
2026-07-20T11:57:07.161Z - [Leads] Entered getViolations
2026-07-20T11:57:07.162Z - [Leads] User: 2dc472bd-b2a9-4f5b-9066-b0561963cafe, Role: sales_rep
2026-07-20T11:57:07.163Z - [Leads] Fetching visible users...
2026-07-20T11:57:07.282Z - [Leads] Visible users found: 1
2026-07-20T11:57:07.290Z - [Leads] [Leads] Querying Prisma with where: {"rotationViolation":true,"isDeleted":false,"organisationId":"23d99450-83e7-4382-9312-d07f083447c0","previousOwnerId":{"in":["2dc472bd-b2a9-4f5b-9066-b0561963cafe"]}}
2026-07-20T11:57:07.329Z - [Leads] [Leads] Violations found: 0
2026-07-20T11:57:23.668Z - [Leads] Entered getViolations
2026-07-20T11:57:23.672Z - [Leads] User: fc139c17-d8ba-40f0-8fc0-de857274c943, Role: admin
2026-07-20T11:57:23.675Z - [Leads] Fetching visible users...
2026-07-20T11:57:25.121Z - [Leads] Visible users found: 13
2026-07-20T11:57:25.123Z - [Leads] [Leads] Querying Prisma with where: {"rotationViolation":true,"isDeleted":false,"organisationId":"23d99450-83e7-4382-9312-d07f083447c0","previousOwnerId":{"in":["fc139c17-d8ba-40f0-8fc0-de857274c943","6d5e601a-d676-4cc6-a860-1a65d3734dab","c68a8236-7b93-4ff3-be69-01297ecfaceb","86498817-2f82-4695-ac75-4feae00ba43b","3b2c2b6a-7ec1-48cb-b98e-4ce026c6a984","2dc472bd-b2a9-4f5b-9066-b0561963cafe","941754a0-1107-4c7c-b7db-980d23df8557","5dac5c27-9d02-455e-bb18-022d0f9afc43","a98aa35e-414a-4939-b425-e0455bfe7eb7","59c25921-95e6-45bd-b7ad-0a07d7079537","6fbc44cd-4167-4571-8198-953e7281a059","9bd78fcd-deeb-4106-a5ec-68a6df672b97","4a6fae60-0298-4026-b0b6-378ed0ec880b"]}}
2026-07-20T11:57:25.234Z - [Leads] [Leads] Violations found: 0
2026-07-20T11:58:07.566Z - [Leads] Entered getViolations
2026-07-20T11:58:07.569Z - [Leads] User: 2dc472bd-b2a9-4f5b-9066-b0561963cafe, Role: sales_rep
2026-07-20T11:58:07.571Z - [Leads] Fetching visible users...
2026-07-20T11:58:08.029Z - [Leads] Visible users found: 1
2026-07-20T11:58:08.032Z - [Leads] [Leads] Querying Prisma with where: {"rotationViolation":true,"isDeleted":false,"organisationId":"23d99450-83e7-4382-9312-d07f083447c0","previousOwnerId":{"in":["2dc472bd-b2a9-4f5b-9066-b0561963cafe"]}}
2026-07-20T11:58:08.116Z - [Leads] [Leads] Violations found: 0
2026-07-20T11:59:08.416Z - [Leads] Entered getViolations
2026-07-20T11:59:08.417Z - [Leads] User: 2dc472bd-b2a9-4f5b-9066-b0561963cafe, Role: sales_rep
2026-07-20T11:59:08.419Z - [Leads] Fetching visible users...
2026-07-20T11:59:08.528Z - [Leads] Visible users found: 1
2026-07-20T11:59:08.530Z - [Leads] [Leads] Querying Prisma with where: {"rotationViolation":true,"isDeleted":false,"organisationId":"23d99450-83e7-4382-9312-d07f083447c0","previousOwnerId":{"in":["2dc472bd-b2a9-4f5b-9066-b0561963cafe"]}}
2026-07-20T11:59:08.564Z - [Leads] [Leads] Violations found: 0
2026-07-20T12:00:08.775Z - [Leads] Entered getViolations
2026-07-20T12:00:08.777Z - [Leads] User: 2dc472bd-b2a9-4f5b-9066-b0561963cafe, Role: sales_rep
2026-07-20T12:00:08.780Z - [Leads] Fetching visible users...
2026-07-20T12:00:08.941Z - [Leads] Visible users found: 1
2026-07-20T12:00:08.943Z - [Leads] [Leads] Querying Prisma with where: {"rotationViolation":true,"isDeleted":false,"organisationId":"23d99450-83e7-4382-9312-d07f083447c0","previousOwnerId":{"in":["2dc472bd-b2a9-4f5b-9066-b0561963cafe"]}}
2026-07-20T12:00:09.017Z - [Leads] [Leads] Violations found: 0
2026-07-20T12:01:09.288Z - [Leads] Entered getViolations
2026-07-20T12:01:09.289Z - [Leads] User: 2dc472bd-b2a9-4f5b-9066-b0561963cafe, Role: sales_rep
2026-07-20T12:01:09.290Z - [Leads] Fetching visible users...
2026-07-20T12:01:09.396Z - [Leads] Visible users found: 1
2026-07-20T12:01:09.398Z - [Leads] [Leads] Querying Prisma with where: {"rotationViolation":true,"isDeleted":false,"organisationId":"23d99450-83e7-4382-9312-d07f083447c0","previousOwnerId":{"in":["2dc472bd-b2a9-4f5b-9066-b0561963cafe"]}}
2026-07-20T12:01:09.450Z - [Leads] [Leads] Violations found: 0
2026-07-20T12:02:09.681Z - [Leads] Entered getViolations
2026-07-20T12:02:09.682Z - [Leads] User: 2dc472bd-b2a9-4f5b-9066-b0561963cafe, Role: sales_rep
2026-07-20T12:02:09.683Z - [Leads] Fetching visible users...
2026-07-20T12:02:09.832Z - [Leads] Visible users found: 1
2026-07-20T12:02:09.835Z - [Leads] [Leads] Querying Prisma with where: {"rotationViolation":true,"isDeleted":false,"organisationId":"23d99450-83e7-4382-9312-d07f083447c0","previousOwnerId":{"in":["2dc472bd-b2a9-4f5b-9066-b0561963cafe"]}}
2026-07-20T12:02:09.914Z - [Leads] [Leads] Violations found: 0
2026-07-20T12:03:10.178Z - [Leads] Entered getViolations
2026-07-20T12:03:10.179Z - [Leads] User: 2dc472bd-b2a9-4f5b-9066-b0561963cafe, Role: sales_rep
2026-07-20T12:03:10.181Z - [Leads] Fetching visible users...
2026-07-20T12:03:10.283Z - [Leads] Visible users found: 1
2026-07-20T12:03:10.284Z - [Leads] [Leads] Querying Prisma with where: {"rotationViolation":true,"isDeleted":false,"organisationId":"23d99450-83e7-4382-9312-d07f083447c0","previousOwnerId":{"in":["2dc472bd-b2a9-4f5b-9066-b0561963cafe"]}}
2026-07-20T12:03:10.322Z - [Leads] [Leads] Violations found: 0
2026-07-20T12:04:11.136Z - [Leads] Entered getViolations
2026-07-20T12:04:11.139Z - [Leads] User: 2dc472bd-b2a9-4f5b-9066-b0561963cafe, Role: sales_rep
2026-07-20T12:04:11.140Z - [Leads] Fetching visible users...
2026-07-20T12:04:11.445Z - [Leads] Visible users found: 1
2026-07-20T12:04:11.447Z - [Leads] [Leads] Querying Prisma with where: {"rotationViolation":true,"isDeleted":false,"organisationId":"23d99450-83e7-4382-9312-d07f083447c0","previousOwnerId":{"in":["2dc472bd-b2a9-4f5b-9066-b0561963cafe"]}}
2026-07-20T12:04:11.556Z - [Leads] [Leads] Violations found: 0
2026-07-20T12:05:11.862Z - [Leads] Entered getViolations
2026-07-20T12:05:11.863Z - [Leads] User: 2dc472bd-b2a9-4f5b-9066-b0561963cafe, Role: sales_rep
2026-07-20T12:05:11.865Z - [Leads] Fetching visible users...
2026-07-20T12:05:11.962Z - [Leads] Visible users found: 1
2026-07-20T12:05:11.963Z - [Leads] [Leads] Querying Prisma with where: {"rotationViolation":true,"isDeleted":false,"organisationId":"23d99450-83e7-4382-9312-d07f083447c0","previousOwnerId":{"in":["2dc472bd-b2a9-4f5b-9066-b0561963cafe"]}}
2026-07-20T12:05:11.999Z - [Leads] [Leads] Violations found: 0
2026-07-20T12:06:12.293Z - [Leads] Entered getViolations
2026-07-20T12:06:12.295Z - [Leads] User: 2dc472bd-b2a9-4f5b-9066-b0561963cafe, Role: sales_rep
2026-07-20T12:06:12.297Z - [Leads] Fetching visible users...
2026-07-20T12:06:12.433Z - [Leads] Visible users found: 1
2026-07-20T12:06:12.434Z - [Leads] [Leads] Querying Prisma with where: {"rotationViolation":true,"isDeleted":false,"organisationId":"23d99450-83e7-4382-9312-d07f083447c0","previousOwnerId":{"in":["2dc472bd-b2a9-4f5b-9066-b0561963cafe"]}}
2026-07-20T12:06:12.469Z - [Leads] [Leads] Violations found: 0
2026-07-20T12:07:12.914Z - [Leads] Entered getViolations
2026-07-20T12:07:12.916Z - [Leads] User: 2dc472bd-b2a9-4f5b-9066-b0561963cafe, Role: sales_rep
2026-07-20T12:07:12.918Z - [Leads] Fetching visible users...
2026-07-20T12:07:13.529Z - [Leads] Visible users found: 1
2026-07-20T12:07:13.531Z - [Leads] [Leads] Querying Prisma with where: {"rotationViolation":true,"isDeleted":false,"organisationId":"23d99450-83e7-4382-9312-d07f083447c0","previousOwnerId":{"in":["2dc472bd-b2a9-4f5b-9066-b0561963cafe"]}}
2026-07-20T12:07:13.601Z - [Leads] [Leads] Violations found: 0
2026-07-20T12:08:14.053Z - [Leads] Entered getViolations
2026-07-20T12:08:14.054Z - [Leads] User: 2dc472bd-b2a9-4f5b-9066-b0561963cafe, Role: sales_rep
2026-07-20T12:08:14.055Z - [Leads] Fetching visible users...
2026-07-20T12:08:14.340Z - [Leads] Visible users found: 1
2026-07-20T12:08:14.341Z - [Leads] [Leads] Querying Prisma with where: {"rotationViolation":true,"isDeleted":false,"organisationId":"23d99450-83e7-4382-9312-d07f083447c0","previousOwnerId":{"in":["2dc472bd-b2a9-4f5b-9066-b0561963cafe"]}}
2026-07-20T12:08:14.445Z - [Leads] [Leads] Violations found: 0
2026-07-20T12:09:14.937Z - [Leads] Entered getViolations
2026-07-20T12:09:14.938Z - [Leads] User: 2dc472bd-b2a9-4f5b-9066-b0561963cafe, Role: sales_rep
2026-07-20T12:09:14.940Z - [Leads] Fetching visible users...
2026-07-20T12:09:15.037Z - [Leads] Visible users found: 1
2026-07-20T12:09:15.038Z - [Leads] [Leads] Querying Prisma with where: {"rotationViolation":true,"isDeleted":false,"organisationId":"23d99450-83e7-4382-9312-d07f083447c0","previousOwnerId":{"in":["2dc472bd-b2a9-4f5b-9066-b0561963cafe"]}}
2026-07-20T12:09:15.073Z - [Leads] [Leads] Violations found: 0
2026-07-20T12:10:15.394Z - [Leads] Entered getViolations
2026-07-20T12:10:15.396Z - [Leads] User: 2dc472bd-b2a9-4f5b-9066-b0561963cafe, Role: sales_rep
2026-07-20T12:10:15.399Z - [Leads] Fetching visible users...
2026-07-20T12:10:15.538Z - [Leads] Visible users found: 1
2026-07-20T12:10:15.539Z - [Leads] [Leads] Querying Prisma with where: {"rotationViolation":true,"isDeleted":false,"organisationId":"23d99450-83e7-4382-9312-d07f083447c0","previousOwnerId":{"in":["2dc472bd-b2a9-4f5b-9066-b0561963cafe"]}}
2026-07-20T12:10:15.623Z - [Leads] [Leads] Violations found: 0
2026-07-20T12:11:15.936Z - [Leads] Entered getViolations
2026-07-20T12:11:15.937Z - [Leads] User: 2dc472bd-b2a9-4f5b-9066-b0561963cafe, Role: sales_rep
2026-07-20T12:11:15.939Z - [Leads] Fetching visible users...
2026-07-20T12:11:16.072Z - [Leads] Visible users found: 1
2026-07-20T12:11:16.074Z - [Leads] [Leads] Querying Prisma with where: {"rotationViolation":true,"isDeleted":false,"organisationId":"23d99450-83e7-4382-9312-d07f083447c0","previousOwnerId":{"in":["2dc472bd-b2a9-4f5b-9066-b0561963cafe"]}}
2026-07-20T12:11:16.112Z - [Leads] [Leads] Violations found: 0
2026-07-20T12:22:40.696Z - [Leads] Entered getViolations
2026-07-20T12:22:40.698Z - [Leads] User: 2dc472bd-b2a9-4f5b-9066-b0561963cafe, Role: sales_rep
2026-07-20T12:22:40.699Z - [Leads] Fetching visible users...
2026-07-20T12:22:40.884Z - [Leads] Visible users found: 1
2026-07-20T12:22:40.885Z - [Leads] [Leads] Querying Prisma with where: {"rotationViolation":true,"isDeleted":false,"organisationId":"23d99450-83e7-4382-9312-d07f083447c0","previousOwnerId":{"in":["2dc472bd-b2a9-4f5b-9066-b0561963cafe"]}}
2026-07-20T12:22:40.954Z - [Leads] [Leads] Violations found: 0
2026-07-20T12:22:54.205Z - [Leads] Entered getViolations
2026-07-20T12:22:54.206Z - [Leads] User: 2dc472bd-b2a9-4f5b-9066-b0561963cafe, Role: sales_rep
2026-07-20T12:22:54.207Z - [Leads] Fetching visible users...
2026-07-20T12:22:54.306Z - [Leads] Visible users found: 1
2026-07-20T12:22:54.307Z - [Leads] [Leads] Querying Prisma with where: {"rotationViolation":true,"isDeleted":false,"organisationId":"23d99450-83e7-4382-9312-d07f083447c0","previousOwnerId":{"in":["2dc472bd-b2a9-4f5b-9066-b0561963cafe"]}}
2026-07-20T12:22:54.376Z - [Leads] [Leads] Violations found: 0
2026-07-20T12:22:57.593Z - [Leads] Entered getViolations
2026-07-20T12:22:57.594Z - [Leads] User: 2dc472bd-b2a9-4f5b-9066-b0561963cafe, Role: sales_rep
2026-07-20T12:22:57.595Z - [Leads] Fetching visible users...
2026-07-20T12:22:57.762Z - [Leads] Visible users found: 1
2026-07-20T12:22:57.763Z - [Leads] [Leads] Querying Prisma with where: {"rotationViolation":true,"isDeleted":false,"organisationId":"23d99450-83e7-4382-9312-d07f083447c0","previousOwnerId":{"in":["2dc472bd-b2a9-4f5b-9066-b0561963cafe"]}}
2026-07-20T12:22:57.831Z - [Leads] [Leads] Violations found: 0
2026-07-20T12:23:45.278Z - [Leads] Entered getViolations
2026-07-20T12:23:45.280Z - [Leads] User: 2dc472bd-b2a9-4f5b-9066-b0561963cafe, Role: sales_rep
2026-07-20T12:23:45.281Z - [Leads] Fetching visible users...
2026-07-20T12:23:45.438Z - [Leads] Visible users found: 1
2026-07-20T12:23:45.439Z - [Leads] [Leads] Querying Prisma with where: {"rotationViolation":true,"isDeleted":false,"organisationId":"23d99450-83e7-4382-9312-d07f083447c0","previousOwnerId":{"in":["2dc472bd-b2a9-4f5b-9066-b0561963cafe"]}}
2026-07-20T12:23:45.473Z - [Leads] [Leads] Violations found: 0
2026-07-20T12:23:57.823Z - Entered getDashboardStats
2026-07-20T12:23:57.825Z - [Analytics] User: fc139c17-d8ba-40f0-8fc0-de857274c943, Org: 23d99450-83e7-4382-9312-d07f083447c0, SuperAdmin: false
2026-07-20T12:23:57.826Z - [Analytics] Importing hierarchyUtils...
2026-07-20T12:23:57.829Z - [Analytics] Fetching visibleUserIds...
2026-07-20T12:23:58.070Z - [Leads] Entered getViolations
2026-07-20T12:23:58.071Z - [Leads] User: fc139c17-d8ba-40f0-8fc0-de857274c943, Role: admin
2026-07-20T12:23:58.072Z - [Leads] Fetching visible users...
2026-07-20T12:23:58.466Z - [Analytics] Visible users: 13
2026-07-20T12:23:58.752Z - [Leads] Visible users found: 13
2026-07-20T12:23:58.753Z - [Leads] [Leads] Querying Prisma with where: {"rotationViolation":true,"isDeleted":false,"organisationId":"23d99450-83e7-4382-9312-d07f083447c0","previousOwnerId":{"in":["fc139c17-d8ba-40f0-8fc0-de857274c943","6d5e601a-d676-4cc6-a860-1a65d3734dab","c68a8236-7b93-4ff3-be69-01297ecfaceb","86498817-2f82-4695-ac75-4feae00ba43b","3b2c2b6a-7ec1-48cb-b98e-4ce026c6a984","2dc472bd-b2a9-4f5b-9066-b0561963cafe","941754a0-1107-4c7c-b7db-980d23df8557","5dac5c27-9d02-455e-bb18-022d0f9afc43","a98aa35e-414a-4939-b425-e0455bfe7eb7","59c25921-95e6-45bd-b7ad-0a07d7079537","6fbc44cd-4167-4571-8198-953e7281a059","9bd78fcd-deeb-4106-a5ec-68a6df672b97","4a6fae60-0298-4026-b0b6-378ed0ec880b"]}}
2026-07-20T12:23:58.828Z - [Leads] [Leads] Violations found: 0
2026-07-20T12:24:59.028Z - [Leads] Entered getViolations
2026-07-20T12:24:59.029Z - [Leads] User: fc139c17-d8ba-40f0-8fc0-de857274c943, Role: admin
2026-07-20T12:24:59.030Z - [Leads] Fetching visible users...
2026-07-20T12:24:59.846Z - [Leads] Visible users found: 13
2026-07-20T12:24:59.847Z - [Leads] [Leads] Querying Prisma with where: {"rotationViolation":true,"isDeleted":false,"organisationId":"23d99450-83e7-4382-9312-d07f083447c0","previousOwnerId":{"in":["fc139c17-d8ba-40f0-8fc0-de857274c943","6d5e601a-d676-4cc6-a860-1a65d3734dab","c68a8236-7b93-4ff3-be69-01297ecfaceb","86498817-2f82-4695-ac75-4feae00ba43b","3b2c2b6a-7ec1-48cb-b98e-4ce026c6a984","2dc472bd-b2a9-4f5b-9066-b0561963cafe","941754a0-1107-4c7c-b7db-980d23df8557","5dac5c27-9d02-455e-bb18-022d0f9afc43","a98aa35e-414a-4939-b425-e0455bfe7eb7","59c25921-95e6-45bd-b7ad-0a07d7079537","6fbc44cd-4167-4571-8198-953e7281a059","9bd78fcd-deeb-4106-a5ec-68a6df672b97","4a6fae60-0298-4026-b0b6-378ed0ec880b"]}}
2026-07-20T12:24:59.920Z - [Leads] [Leads] Violations found: 0
2026-07-20T12:26:00.201Z - [Leads] Entered getViolations
2026-07-20T12:26:00.202Z - [Leads] User: fc139c17-d8ba-40f0-8fc0-de857274c943, Role: admin
2026-07-20T12:26:00.203Z - [Leads] Fetching visible users...
2026-07-20T12:26:00.980Z - [Leads] Visible users found: 13
2026-07-20T12:26:00.982Z - [Leads] [Leads] Querying Prisma with where: {"rotationViolation":true,"isDeleted":false,"organisationId":"23d99450-83e7-4382-9312-d07f083447c0","previousOwnerId":{"in":["fc139c17-d8ba-40f0-8fc0-de857274c943","6d5e601a-d676-4cc6-a860-1a65d3734dab","c68a8236-7b93-4ff3-be69-01297ecfaceb","86498817-2f82-4695-ac75-4feae00ba43b","3b2c2b6a-7ec1-48cb-b98e-4ce026c6a984","2dc472bd-b2a9-4f5b-9066-b0561963cafe","941754a0-1107-4c7c-b7db-980d23df8557","5dac5c27-9d02-455e-bb18-022d0f9afc43","a98aa35e-414a-4939-b425-e0455bfe7eb7","59c25921-95e6-45bd-b7ad-0a07d7079537","6fbc44cd-4167-4571-8198-953e7281a059","9bd78fcd-deeb-4106-a5ec-68a6df672b97","4a6fae60-0298-4026-b0b6-378ed0ec880b"]}}
2026-07-20T12:26:01.021Z - [Leads] [Leads] Violations found: 0
2026-07-21T05:42:58.598Z - Entered getDashboardStats
2026-07-21T05:42:58.600Z - [Analytics] User: fc139c17-d8ba-40f0-8fc0-de857274c943, Org: 23d99450-83e7-4382-9312-d07f083447c0, SuperAdmin: false
2026-07-21T05:42:58.602Z - [Analytics] Importing hierarchyUtils...
2026-07-21T05:42:58.617Z - [Analytics] Fetching visibleUserIds...
2026-07-21T05:42:58.713Z - [Leads] Entered getViolations
2026-07-21T05:42:58.715Z - [Leads] User: fc139c17-d8ba-40f0-8fc0-de857274c943, Role: admin
2026-07-21T05:42:58.716Z - [Leads] Fetching visible users...
2026-07-21T05:43:00.038Z - [Leads] Visible users found: 13
2026-07-21T05:43:00.039Z - [Leads] [Leads] Querying Prisma with where: {"rotationViolation":true,"isDeleted":false,"organisationId":"23d99450-83e7-4382-9312-d07f083447c0","previousOwnerId":{"in":["fc139c17-d8ba-40f0-8fc0-de857274c943","6d5e601a-d676-4cc6-a860-1a65d3734dab","c68a8236-7b93-4ff3-be69-01297ecfaceb","86498817-2f82-4695-ac75-4feae00ba43b","3b2c2b6a-7ec1-48cb-b98e-4ce026c6a984","2dc472bd-b2a9-4f5b-9066-b0561963cafe","941754a0-1107-4c7c-b7db-980d23df8557","5dac5c27-9d02-455e-bb18-022d0f9afc43","a98aa35e-414a-4939-b425-e0455bfe7eb7","59c25921-95e6-45bd-b7ad-0a07d7079537","6fbc44cd-4167-4571-8198-953e7281a059","9bd78fcd-deeb-4106-a5ec-68a6df672b97","4a6fae60-0298-4026-b0b6-378ed0ec880b"]}}
2026-07-21T05:43:00.060Z - [Analytics] Visible users: 13
2026-07-21T05:43:00.325Z - [Leads] [Leads] Violations found: 0
2026-07-21T05:44:00.850Z - [Leads] Entered getViolations
2026-07-21T05:44:00.852Z - [Leads] User: fc139c17-d8ba-40f0-8fc0-de857274c943, Role: admin
2026-07-21T05:44:00.853Z - [Leads] Fetching visible users...
2026-07-21T05:44:01.742Z - [Leads] Visible users found: 13
2026-07-21T05:44:01.746Z - [Leads] [Leads] Querying Prisma with where: {"rotationViolation":true,"isDeleted":false,"organisationId":"23d99450-83e7-4382-9312-d07f083447c0","previousOwnerId":{"in":["fc139c17-d8ba-40f0-8fc0-de857274c943","6d5e601a-d676-4cc6-a860-1a65d3734dab","c68a8236-7b93-4ff3-be69-01297ecfaceb","86498817-2f82-4695-ac75-4feae00ba43b","3b2c2b6a-7ec1-48cb-b98e-4ce026c6a984","2dc472bd-b2a9-4f5b-9066-b0561963cafe","941754a0-1107-4c7c-b7db-980d23df8557","5dac5c27-9d02-455e-bb18-022d0f9afc43","a98aa35e-414a-4939-b425-e0455bfe7eb7","59c25921-95e6-45bd-b7ad-0a07d7079537","6fbc44cd-4167-4571-8198-953e7281a059","9bd78fcd-deeb-4106-a5ec-68a6df672b97","4a6fae60-0298-4026-b0b6-378ed0ec880b"]}}
2026-07-21T05:44:01.842Z - [Leads] [Leads] Violations found: 0
2026-07-21T05:44:46.606Z - [Leads] Entered getViolations
2026-07-21T05:44:46.608Z - [Leads] User: fc139c17-d8ba-40f0-8fc0-de857274c943, Role: admin
2026-07-21T05:44:46.609Z - [Leads] Fetching visible users...
2026-07-21T05:44:47.863Z - [Leads] Visible users found: 13
2026-07-21T05:44:47.865Z - [Leads] [Leads] Querying Prisma with where: {"rotationViolation":true,"isDeleted":false,"organisationId":"23d99450-83e7-4382-9312-d07f083447c0","previousOwnerId":{"in":["fc139c17-d8ba-40f0-8fc0-de857274c943","6d5e601a-d676-4cc6-a860-1a65d3734dab","c68a8236-7b93-4ff3-be69-01297ecfaceb","86498817-2f82-4695-ac75-4feae00ba43b","3b2c2b6a-7ec1-48cb-b98e-4ce026c6a984","2dc472bd-b2a9-4f5b-9066-b0561963cafe","941754a0-1107-4c7c-b7db-980d23df8557","5dac5c27-9d02-455e-bb18-022d0f9afc43","a98aa35e-414a-4939-b425-e0455bfe7eb7","59c25921-95e6-45bd-b7ad-0a07d7079537","6fbc44cd-4167-4571-8198-953e7281a059","9bd78fcd-deeb-4106-a5ec-68a6df672b97","4a6fae60-0298-4026-b0b6-378ed0ec880b"]}}
2026-07-21T05:44:47.974Z - [Leads] [Leads] Violations found: 0
2026-07-21T05:45:34.792Z - [Leads] Entered getViolations
2026-07-21T05:45:34.794Z - [Leads] User: fc139c17-d8ba-40f0-8fc0-de857274c943, Role: admin
2026-07-21T05:45:34.795Z - [Leads] Fetching visible users...
2026-07-21T05:45:35.992Z - [Leads] Visible users found: 13
2026-07-21T05:45:35.993Z - [Leads] [Leads] Querying Prisma with where: {"rotationViolation":true,"isDeleted":false,"organisationId":"23d99450-83e7-4382-9312-d07f083447c0","previousOwnerId":{"in":["fc139c17-d8ba-40f0-8fc0-de857274c943","6d5e601a-d676-4cc6-a860-1a65d3734dab","c68a8236-7b93-4ff3-be69-01297ecfaceb","86498817-2f82-4695-ac75-4feae00ba43b","3b2c2b6a-7ec1-48cb-b98e-4ce026c6a984","2dc472bd-b2a9-4f5b-9066-b0561963cafe","941754a0-1107-4c7c-b7db-980d23df8557","5dac5c27-9d02-455e-bb18-022d0f9afc43","a98aa35e-414a-4939-b425-e0455bfe7eb7","59c25921-95e6-45bd-b7ad-0a07d7079537","6fbc44cd-4167-4571-8198-953e7281a059","9bd78fcd-deeb-4106-a5ec-68a6df672b97","4a6fae60-0298-4026-b0b6-378ed0ec880b"]}}
2026-07-21T05:45:36.272Z - [Leads] [Leads] Violations found: 0
2026-07-21T05:46:36.661Z - [Leads] Entered getViolations
2026-07-21T05:46:36.663Z - [Leads] User: fc139c17-d8ba-40f0-8fc0-de857274c943, Role: admin
2026-07-21T05:46:36.664Z - [Leads] Fetching visible users...
2026-07-21T05:46:37.596Z - [Leads] Visible users found: 13
2026-07-21T05:46:37.597Z - [Leads] [Leads] Querying Prisma with where: {"rotationViolation":true,"isDeleted":false,"organisationId":"23d99450-83e7-4382-9312-d07f083447c0","previousOwnerId":{"in":["fc139c17-d8ba-40f0-8fc0-de857274c943","6d5e601a-d676-4cc6-a860-1a65d3734dab","c68a8236-7b93-4ff3-be69-01297ecfaceb","86498817-2f82-4695-ac75-4feae00ba43b","3b2c2b6a-7ec1-48cb-b98e-4ce026c6a984","2dc472bd-b2a9-4f5b-9066-b0561963cafe","941754a0-1107-4c7c-b7db-980d23df8557","5dac5c27-9d02-455e-bb18-022d0f9afc43","a98aa35e-414a-4939-b425-e0455bfe7eb7","59c25921-95e6-45bd-b7ad-0a07d7079537","6fbc44cd-4167-4571-8198-953e7281a059","9bd78fcd-deeb-4106-a5ec-68a6df672b97","4a6fae60-0298-4026-b0b6-378ed0ec880b"]}}
2026-07-21T05:46:37.661Z - [Leads] [Leads] Violations found: 0
2026-07-21T05:47:38.118Z - [Leads] Entered getViolations
2026-07-21T05:47:38.119Z - [Leads] User: fc139c17-d8ba-40f0-8fc0-de857274c943, Role: admin
2026-07-21T05:47:38.120Z - [Leads] Fetching visible users...
2026-07-21T05:47:39.047Z - [Leads] Visible users found: 13
2026-07-21T05:47:39.048Z - [Leads] [Leads] Querying Prisma with where: {"rotationViolation":true,"isDeleted":false,"organisationId":"23d99450-83e7-4382-9312-d07f083447c0","previousOwnerId":{"in":["fc139c17-d8ba-40f0-8fc0-de857274c943","6d5e601a-d676-4cc6-a860-1a65d3734dab","c68a8236-7b93-4ff3-be69-01297ecfaceb","86498817-2f82-4695-ac75-4feae00ba43b","3b2c2b6a-7ec1-48cb-b98e-4ce026c6a984","2dc472bd-b2a9-4f5b-9066-b0561963cafe","941754a0-1107-4c7c-b7db-980d23df8557","5dac5c27-9d02-455e-bb18-022d0f9afc43","a98aa35e-414a-4939-b425-e0455bfe7eb7","59c25921-95e6-45bd-b7ad-0a07d7079537","6fbc44cd-4167-4571-8198-953e7281a059","9bd78fcd-deeb-4106-a5ec-68a6df672b97","4a6fae60-0298-4026-b0b6-378ed0ec880b"]}}
2026-07-21T05:47:39.093Z - [Leads] [Leads] Violations found: 0
2026-07-21T05:48:39.341Z - [Leads] Entered getViolations
2026-07-21T05:48:39.344Z - [Leads] User: fc139c17-d8ba-40f0-8fc0-de857274c943, Role: admin
2026-07-21T05:48:39.345Z - [Leads] Fetching visible users...
2026-07-21T05:48:40.274Z - [Leads] Visible users found: 13
2026-07-21T05:48:40.276Z - [Leads] [Leads] Querying Prisma with where: {"rotationViolation":true,"isDeleted":false,"organisationId":"23d99450-83e7-4382-9312-d07f083447c0","previousOwnerId":{"in":["fc139c17-d8ba-40f0-8fc0-de857274c943","6d5e601a-d676-4cc6-a860-1a65d3734dab","c68a8236-7b93-4ff3-be69-01297ecfaceb","86498817-2f82-4695-ac75-4feae00ba43b","3b2c2b6a-7ec1-48cb-b98e-4ce026c6a984","2dc472bd-b2a9-4f5b-9066-b0561963cafe","941754a0-1107-4c7c-b7db-980d23df8557","5dac5c27-9d02-455e-bb18-022d0f9afc43","a98aa35e-414a-4939-b425-e0455bfe7eb7","59c25921-95e6-45bd-b7ad-0a07d7079537","6fbc44cd-4167-4571-8198-953e7281a059","9bd78fcd-deeb-4106-a5ec-68a6df672b97","4a6fae60-0298-4026-b0b6-378ed0ec880b"]}}
2026-07-21T05:48:40.363Z - [Leads] [Leads] Violations found: 0
2026-07-21T05:49:40.753Z - [Leads] Entered getViolations
2026-07-21T05:49:40.755Z - [Leads] User: fc139c17-d8ba-40f0-8fc0-de857274c943, Role: admin
2026-07-21T05:49:40.756Z - [Leads] Fetching visible users...
2026-07-21T05:49:41.474Z - [Leads] Visible users found: 13
2026-07-21T05:49:41.475Z - [Leads] [Leads] Querying Prisma with where: {"rotationViolation":true,"isDeleted":false,"organisationId":"23d99450-83e7-4382-9312-d07f083447c0","previousOwnerId":{"in":["fc139c17-d8ba-40f0-8fc0-de857274c943","6d5e601a-d676-4cc6-a860-1a65d3734dab","c68a8236-7b93-4ff3-be69-01297ecfaceb","86498817-2f82-4695-ac75-4feae00ba43b","3b2c2b6a-7ec1-48cb-b98e-4ce026c6a984","2dc472bd-b2a9-4f5b-9066-b0561963cafe","941754a0-1107-4c7c-b7db-980d23df8557","5dac5c27-9d02-455e-bb18-022d0f9afc43","a98aa35e-414a-4939-b425-e0455bfe7eb7","59c25921-95e6-45bd-b7ad-0a07d7079537","6fbc44cd-4167-4571-8198-953e7281a059","9bd78fcd-deeb-4106-a5ec-68a6df672b97","4a6fae60-0298-4026-b0b6-378ed0ec880b"]}}
2026-07-21T05:49:41.520Z - [Leads] [Leads] Violations found: 0
2026-07-21T05:50:42.144Z - [Leads] Entered getViolations
2026-07-21T05:50:42.147Z - [Leads] User: fc139c17-d8ba-40f0-8fc0-de857274c943, Role: admin
2026-07-21T05:50:42.175Z - [Leads] Fetching visible users...
2026-07-21T05:50:45.260Z - [Leads] Visible users found: 13
2026-07-21T05:50:46.311Z - [Leads] [Leads] Querying Prisma with where: {"rotationViolation":true,"isDeleted":false,"organisationId":"23d99450-83e7-4382-9312-d07f083447c0","previousOwnerId":{"in":["fc139c17-d8ba-40f0-8fc0-de857274c943","6d5e601a-d676-4cc6-a860-1a65d3734dab","c68a8236-7b93-4ff3-be69-01297ecfaceb","86498817-2f82-4695-ac75-4feae00ba43b","3b2c2b6a-7ec1-48cb-b98e-4ce026c6a984","2dc472bd-b2a9-4f5b-9066-b0561963cafe","941754a0-1107-4c7c-b7db-980d23df8557","5dac5c27-9d02-455e-bb18-022d0f9afc43","a98aa35e-414a-4939-b425-e0455bfe7eb7","59c25921-95e6-45bd-b7ad-0a07d7079537","6fbc44cd-4167-4571-8198-953e7281a059","9bd78fcd-deeb-4106-a5ec-68a6df672b97","4a6fae60-0298-4026-b0b6-378ed0ec880b"]}}
2026-07-21T05:50:46.616Z - [Leads] [Leads] Violations found: 0
2026-07-21T05:51:46.966Z - [Leads] Entered getViolations
2026-07-21T05:51:46.968Z - [Leads] User: fc139c17-d8ba-40f0-8fc0-de857274c943, Role: admin
2026-07-21T05:51:46.970Z - [Leads] Fetching visible users...
2026-07-21T05:51:47.703Z - [Leads] Visible users found: 13
2026-07-21T05:51:47.705Z - [Leads] [Leads] Querying Prisma with where: {"rotationViolation":true,"isDeleted":false,"organisationId":"23d99450-83e7-4382-9312-d07f083447c0","previousOwnerId":{"in":["fc139c17-d8ba-40f0-8fc0-de857274c943","6d5e601a-d676-4cc6-a860-1a65d3734dab","c68a8236-7b93-4ff3-be69-01297ecfaceb","86498817-2f82-4695-ac75-4feae00ba43b","3b2c2b6a-7ec1-48cb-b98e-4ce026c6a984","2dc472bd-b2a9-4f5b-9066-b0561963cafe","941754a0-1107-4c7c-b7db-980d23df8557","5dac5c27-9d02-455e-bb18-022d0f9afc43","a98aa35e-414a-4939-b425-e0455bfe7eb7","59c25921-95e6-45bd-b7ad-0a07d7079537","6fbc44cd-4167-4571-8198-953e7281a059","9bd78fcd-deeb-4106-a5ec-68a6df672b97","4a6fae60-0298-4026-b0b6-378ed0ec880b"]}}
2026-07-21T05:51:47.780Z - [Leads] [Leads] Violations found: 0
2026-07-21T05:52:48.136Z - [Leads] Entered getViolations
2026-07-21T05:52:48.140Z - [Leads] User: fc139c17-d8ba-40f0-8fc0-de857274c943, Role: admin
2026-07-21T05:52:48.142Z - [Leads] Fetching visible users...
2026-07-21T05:52:48.924Z - [Leads] Visible users found: 13
2026-07-21T05:52:48.927Z - [Leads] [Leads] Querying Prisma with where: {"rotationViolation":true,"isDeleted":false,"organisationId":"23d99450-83e7-4382-9312-d07f083447c0","previousOwnerId":{"in":["fc139c17-d8ba-40f0-8fc0-de857274c943","6d5e601a-d676-4cc6-a860-1a65d3734dab","c68a8236-7b93-4ff3-be69-01297ecfaceb","86498817-2f82-4695-ac75-4feae00ba43b","3b2c2b6a-7ec1-48cb-b98e-4ce026c6a984","2dc472bd-b2a9-4f5b-9066-b0561963cafe","941754a0-1107-4c7c-b7db-980d23df8557","5dac5c27-9d02-455e-bb18-022d0f9afc43","a98aa35e-414a-4939-b425-e0455bfe7eb7","59c25921-95e6-45bd-b7ad-0a07d7079537","6fbc44cd-4167-4571-8198-953e7281a059","9bd78fcd-deeb-4106-a5ec-68a6df672b97","4a6fae60-0298-4026-b0b6-378ed0ec880b"]}}
2026-07-21T05:52:48.991Z - [Leads] [Leads] Violations found: 0
2026-07-21T05:53:49.220Z - [Leads] Entered getViolations
2026-07-21T05:53:49.223Z - [Leads] User: fc139c17-d8ba-40f0-8fc0-de857274c943, Role: admin
2026-07-21T05:53:49.224Z - [Leads] Fetching visible users...
2026-07-21T05:53:50.136Z - [Leads] Visible users found: 13
2026-07-21T05:53:50.137Z - [Leads] [Leads] Querying Prisma with where: {"rotationViolation":true,"isDeleted":false,"organisationId":"23d99450-83e7-4382-9312-d07f083447c0","previousOwnerId":{"in":["fc139c17-d8ba-40f0-8fc0-de857274c943","6d5e601a-d676-4cc6-a860-1a65d3734dab","c68a8236-7b93-4ff3-be69-01297ecfaceb","86498817-2f82-4695-ac75-4feae00ba43b","3b2c2b6a-7ec1-48cb-b98e-4ce026c6a984","2dc472bd-b2a9-4f5b-9066-b0561963cafe","941754a0-1107-4c7c-b7db-980d23df8557","5dac5c27-9d02-455e-bb18-022d0f9afc43","a98aa35e-414a-4939-b425-e0455bfe7eb7","59c25921-95e6-45bd-b7ad-0a07d7079537","6fbc44cd-4167-4571-8198-953e7281a059","9bd78fcd-deeb-4106-a5ec-68a6df672b97","4a6fae60-0298-4026-b0b6-378ed0ec880b"]}}
2026-07-21T05:53:50.429Z - [Leads] [Leads] Violations found: 0
2026-07-21T05:54:50.712Z - [Leads] Entered getViolations
2026-07-21T05:54:50.714Z - [Leads] User: fc139c17-d8ba-40f0-8fc0-de857274c943, Role: admin
2026-07-21T05:54:50.716Z - [Leads] Fetching visible users...
2026-07-21T05:54:51.422Z - [Leads] Visible users found: 13
2026-07-21T05:54:51.424Z - [Leads] [Leads] Querying Prisma with where: {"rotationViolation":true,"isDeleted":false,"organisationId":"23d99450-83e7-4382-9312-d07f083447c0","previousOwnerId":{"in":["fc139c17-d8ba-40f0-8fc0-de857274c943","6d5e601a-d676-4cc6-a860-1a65d3734dab","c68a8236-7b93-4ff3-be69-01297ecfaceb","86498817-2f82-4695-ac75-4feae00ba43b","3b2c2b6a-7ec1-48cb-b98e-4ce026c6a984","2dc472bd-b2a9-4f5b-9066-b0561963cafe","941754a0-1107-4c7c-b7db-980d23df8557","5dac5c27-9d02-455e-bb18-022d0f9afc43","a98aa35e-414a-4939-b425-e0455bfe7eb7","59c25921-95e6-45bd-b7ad-0a07d7079537","6fbc44cd-4167-4571-8198-953e7281a059","9bd78fcd-deeb-4106-a5ec-68a6df672b97","4a6fae60-0298-4026-b0b6-378ed0ec880b"]}}
2026-07-21T05:54:51.471Z - [Leads] [Leads] Violations found: 0
2026-07-21T05:55:51.767Z - [Leads] Entered getViolations
2026-07-21T05:55:51.774Z - [Leads] User: fc139c17-d8ba-40f0-8fc0-de857274c943, Role: admin
2026-07-21T05:55:51.776Z - [Leads] Fetching visible users...
2026-07-21T05:55:52.777Z - [Leads] Visible users found: 13
2026-07-21T05:55:52.778Z - [Leads] [Leads] Querying Prisma with where: {"rotationViolation":true,"isDeleted":false,"organisationId":"23d99450-83e7-4382-9312-d07f083447c0","previousOwnerId":{"in":["fc139c17-d8ba-40f0-8fc0-de857274c943","6d5e601a-d676-4cc6-a860-1a65d3734dab","c68a8236-7b93-4ff3-be69-01297ecfaceb","86498817-2f82-4695-ac75-4feae00ba43b","3b2c2b6a-7ec1-48cb-b98e-4ce026c6a984","2dc472bd-b2a9-4f5b-9066-b0561963cafe","941754a0-1107-4c7c-b7db-980d23df8557","5dac5c27-9d02-455e-bb18-022d0f9afc43","a98aa35e-414a-4939-b425-e0455bfe7eb7","59c25921-95e6-45bd-b7ad-0a07d7079537","6fbc44cd-4167-4571-8198-953e7281a059","9bd78fcd-deeb-4106-a5ec-68a6df672b97","4a6fae60-0298-4026-b0b6-378ed0ec880b"]}}
2026-07-21T05:55:52.907Z - [Leads] [Leads] Violations found: 0
2026-07-21T05:56:53.597Z - [Leads] Entered getViolations
2026-07-21T05:56:53.599Z - [Leads] User: fc139c17-d8ba-40f0-8fc0-de857274c943, Role: admin
2026-07-21T05:56:53.601Z - [Leads] Fetching visible users...
2026-07-21T05:56:54.996Z - [Leads] Visible users found: 13
2026-07-21T05:56:54.998Z - [Leads] [Leads] Querying Prisma with where: {"rotationViolation":true,"isDeleted":false,"organisationId":"23d99450-83e7-4382-9312-d07f083447c0","previousOwnerId":{"in":["fc139c17-d8ba-40f0-8fc0-de857274c943","6d5e601a-d676-4cc6-a860-1a65d3734dab","c68a8236-7b93-4ff3-be69-01297ecfaceb","86498817-2f82-4695-ac75-4feae00ba43b","3b2c2b6a-7ec1-48cb-b98e-4ce026c6a984","2dc472bd-b2a9-4f5b-9066-b0561963cafe","941754a0-1107-4c7c-b7db-980d23df8557","5dac5c27-9d02-455e-bb18-022d0f9afc43","a98aa35e-414a-4939-b425-e0455bfe7eb7","59c25921-95e6-45bd-b7ad-0a07d7079537","6fbc44cd-4167-4571-8198-953e7281a059","9bd78fcd-deeb-4106-a5ec-68a6df672b97","4a6fae60-0298-4026-b0b6-378ed0ec880b"]}}
2026-07-21T05:56:55.382Z - [Leads] [Leads] Violations found: 0
2026-07-21T05:57:56.066Z - [Leads] Entered getViolations
2026-07-21T05:57:56.068Z - [Leads] User: fc139c17-d8ba-40f0-8fc0-de857274c943, Role: admin
2026-07-21T05:57:56.069Z - [Leads] Fetching visible users...
2026-07-21T05:57:56.895Z - [Leads] Visible users found: 13
2026-07-21T05:57:56.896Z - [Leads] [Leads] Querying Prisma with where: {"rotationViolation":true,"isDeleted":false,"organisationId":"23d99450-83e7-4382-9312-d07f083447c0","previousOwnerId":{"in":["fc139c17-d8ba-40f0-8fc0-de857274c943","6d5e601a-d676-4cc6-a860-1a65d3734dab","c68a8236-7b93-4ff3-be69-01297ecfaceb","86498817-2f82-4695-ac75-4feae00ba43b","3b2c2b6a-7ec1-48cb-b98e-4ce026c6a984","2dc472bd-b2a9-4f5b-9066-b0561963cafe","941754a0-1107-4c7c-b7db-980d23df8557","5dac5c27-9d02-455e-bb18-022d0f9afc43","a98aa35e-414a-4939-b425-e0455bfe7eb7","59c25921-95e6-45bd-b7ad-0a07d7079537","6fbc44cd-4167-4571-8198-953e7281a059","9bd78fcd-deeb-4106-a5ec-68a6df672b97","4a6fae60-0298-4026-b0b6-378ed0ec880b"]}}
2026-07-21T05:57:56.945Z - [Leads] [Leads] Violations found: 0
2026-07-21T05:58:57.328Z - [Leads] Entered getViolations
2026-07-21T05:58:57.329Z - [Leads] User: fc139c17-d8ba-40f0-8fc0-de857274c943, Role: admin
2026-07-21T05:58:57.330Z - [Leads] Fetching visible users...
2026-07-21T05:58:58.149Z - [Leads] Visible users found: 13
2026-07-21T05:58:58.150Z - [Leads] [Leads] Querying Prisma with where: {"rotationViolation":true,"isDeleted":false,"organisationId":"23d99450-83e7-4382-9312-d07f083447c0","previousOwnerId":{"in":["fc139c17-d8ba-40f0-8fc0-de857274c943","6d5e601a-d676-4cc6-a860-1a65d3734dab","c68a8236-7b93-4ff3-be69-01297ecfaceb","86498817-2f82-4695-ac75-4feae00ba43b","3b2c2b6a-7ec1-48cb-b98e-4ce026c6a984","2dc472bd-b2a9-4f5b-9066-b0561963cafe","941754a0-1107-4c7c-b7db-980d23df8557","5dac5c27-9d02-455e-bb18-022d0f9afc43","a98aa35e-414a-4939-b425-e0455bfe7eb7","59c25921-95e6-45bd-b7ad-0a07d7079537","6fbc44cd-4167-4571-8198-953e7281a059","9bd78fcd-deeb-4106-a5ec-68a6df672b97","4a6fae60-0298-4026-b0b6-378ed0ec880b"]}}
2026-07-21T05:58:58.195Z - [Leads] [Leads] Violations found: 0
2026-07-21T06:27:13.799Z - Entered getDashboardStats
2026-07-21T06:27:13.806Z - [Analytics] User: fc139c17-d8ba-40f0-8fc0-de857274c943, Org: 23d99450-83e7-4382-9312-d07f083447c0, SuperAdmin: false
2026-07-21T06:27:13.808Z - [Analytics] Importing hierarchyUtils...
2026-07-21T06:27:13.811Z - [Analytics] Fetching visibleUserIds...
2026-07-21T06:27:13.878Z - [Leads] Entered getViolations
2026-07-21T06:27:13.885Z - [Leads] User: fc139c17-d8ba-40f0-8fc0-de857274c943, Role: admin
2026-07-21T06:27:13.900Z - [Leads] Fetching visible users...
2026-07-21T06:27:14.887Z - [Analytics] Visible users: 13
2026-07-21T06:27:15.373Z - [Leads] Visible users found: 13
2026-07-21T06:27:15.374Z - [Leads] [Leads] Querying Prisma with where: {"rotationViolation":true,"isDeleted":false,"organisationId":"23d99450-83e7-4382-9312-d07f083447c0","previousOwnerId":{"in":["fc139c17-d8ba-40f0-8fc0-de857274c943","6d5e601a-d676-4cc6-a860-1a65d3734dab","c68a8236-7b93-4ff3-be69-01297ecfaceb","86498817-2f82-4695-ac75-4feae00ba43b","3b2c2b6a-7ec1-48cb-b98e-4ce026c6a984","2dc472bd-b2a9-4f5b-9066-b0561963cafe","941754a0-1107-4c7c-b7db-980d23df8557","5dac5c27-9d02-455e-bb18-022d0f9afc43","a98aa35e-414a-4939-b425-e0455bfe7eb7","59c25921-95e6-45bd-b7ad-0a07d7079537","6fbc44cd-4167-4571-8198-953e7281a059","9bd78fcd-deeb-4106-a5ec-68a6df672b97","4a6fae60-0298-4026-b0b6-378ed0ec880b"]}}
2026-07-21T06:27:15.460Z - [Leads] [Leads] Violations found: 0
2026-07-21T06:28:16.411Z - [Leads] Entered getViolations
2026-07-21T06:28:16.415Z - [Leads] User: fc139c17-d8ba-40f0-8fc0-de857274c943, Role: admin
2026-07-21T06:28:16.416Z - [Leads] Fetching visible users...
2026-07-21T06:28:17.165Z - [Leads] Visible users found: 13
2026-07-21T06:28:17.167Z - [Leads] [Leads] Querying Prisma with where: {"rotationViolation":true,"isDeleted":false,"organisationId":"23d99450-83e7-4382-9312-d07f083447c0","previousOwnerId":{"in":["fc139c17-d8ba-40f0-8fc0-de857274c943","6d5e601a-d676-4cc6-a860-1a65d3734dab","c68a8236-7b93-4ff3-be69-01297ecfaceb","86498817-2f82-4695-ac75-4feae00ba43b","3b2c2b6a-7ec1-48cb-b98e-4ce026c6a984","2dc472bd-b2a9-4f5b-9066-b0561963cafe","941754a0-1107-4c7c-b7db-980d23df8557","5dac5c27-9d02-455e-bb18-022d0f9afc43","a98aa35e-414a-4939-b425-e0455bfe7eb7","59c25921-95e6-45bd-b7ad-0a07d7079537","6fbc44cd-4167-4571-8198-953e7281a059","9bd78fcd-deeb-4106-a5ec-68a6df672b97","4a6fae60-0298-4026-b0b6-378ed0ec880b"]}}
2026-07-21T06:28:17.267Z - [Leads] [Leads] Violations found: 0
2026-07-21T06:30:17.997Z - [Leads] Entered getViolations
2026-07-21T06:30:18.000Z - [Leads] User: fc139c17-d8ba-40f0-8fc0-de857274c943, Role: admin
2026-07-21T06:30:18.002Z - [Leads] Fetching visible users...
2026-07-21T06:30:19.023Z - [Leads] Visible users found: 13
2026-07-21T06:30:19.027Z - [Leads] [Leads] Querying Prisma with where: {"rotationViolation":true,"isDeleted":false,"organisationId":"23d99450-83e7-4382-9312-d07f083447c0","previousOwnerId":{"in":["fc139c17-d8ba-40f0-8fc0-de857274c943","6d5e601a-d676-4cc6-a860-1a65d3734dab","c68a8236-7b93-4ff3-be69-01297ecfaceb","86498817-2f82-4695-ac75-4feae00ba43b","3b2c2b6a-7ec1-48cb-b98e-4ce026c6a984","2dc472bd-b2a9-4f5b-9066-b0561963cafe","941754a0-1107-4c7c-b7db-980d23df8557","5dac5c27-9d02-455e-bb18-022d0f9afc43","a98aa35e-414a-4939-b425-e0455bfe7eb7","59c25921-95e6-45bd-b7ad-0a07d7079537","6fbc44cd-4167-4571-8198-953e7281a059","9bd78fcd-deeb-4106-a5ec-68a6df672b97","4a6fae60-0298-4026-b0b6-378ed0ec880b"]}}
2026-07-21T06:30:19.131Z - [Leads] [Leads] Violations found: 0
2026-07-21T06:35:14.935Z - [Leads] Entered getViolations
2026-07-21T06:35:14.936Z - [Leads] User: fc139c17-d8ba-40f0-8fc0-de857274c943, Role: admin
2026-07-21T06:35:14.938Z - [Leads] Fetching visible users...
2026-07-21T06:35:16.041Z - [Leads] Visible users found: 13
2026-07-21T06:35:16.044Z - [Leads] [Leads] Querying Prisma with where: {"rotationViolation":true,"isDeleted":false,"organisationId":"23d99450-83e7-4382-9312-d07f083447c0","previousOwnerId":{"in":["fc139c17-d8ba-40f0-8fc0-de857274c943","6d5e601a-d676-4cc6-a860-1a65d3734dab","c68a8236-7b93-4ff3-be69-01297ecfaceb","86498817-2f82-4695-ac75-4feae00ba43b","3b2c2b6a-7ec1-48cb-b98e-4ce026c6a984","2dc472bd-b2a9-4f5b-9066-b0561963cafe","941754a0-1107-4c7c-b7db-980d23df8557","5dac5c27-9d02-455e-bb18-022d0f9afc43","a98aa35e-414a-4939-b425-e0455bfe7eb7","59c25921-95e6-45bd-b7ad-0a07d7079537","6fbc44cd-4167-4571-8198-953e7281a059","9bd78fcd-deeb-4106-a5ec-68a6df672b97","4a6fae60-0298-4026-b0b6-378ed0ec880b"]}}
2026-07-21T06:35:16.397Z - [Leads] [Leads] Violations found: 0
2026-07-21T06:35:19.418Z - [Leads] Entered getViolations
2026-07-21T06:35:19.420Z - [Leads] User: fc139c17-d8ba-40f0-8fc0-de857274c943, Role: admin
2026-07-21T06:35:19.421Z - [Leads] Fetching visible users...
2026-07-21T06:35:23.410Z - [Leads] Visible users found: 13
2026-07-21T06:35:23.412Z - [Leads] [Leads] Querying Prisma with where: {"rotationViolation":true,"isDeleted":false,"organisationId":"23d99450-83e7-4382-9312-d07f083447c0","previousOwnerId":{"in":["fc139c17-d8ba-40f0-8fc0-de857274c943","6d5e601a-d676-4cc6-a860-1a65d3734dab","c68a8236-7b93-4ff3-be69-01297ecfaceb","86498817-2f82-4695-ac75-4feae00ba43b","3b2c2b6a-7ec1-48cb-b98e-4ce026c6a984","2dc472bd-b2a9-4f5b-9066-b0561963cafe","941754a0-1107-4c7c-b7db-980d23df8557","5dac5c27-9d02-455e-bb18-022d0f9afc43","a98aa35e-414a-4939-b425-e0455bfe7eb7","59c25921-95e6-45bd-b7ad-0a07d7079537","6fbc44cd-4167-4571-8198-953e7281a059","9bd78fcd-deeb-4106-a5ec-68a6df672b97","4a6fae60-0298-4026-b0b6-378ed0ec880b"]}}
2026-07-21T06:35:23.564Z - [Leads] [Leads] Violations found: 0
2026-07-21T06:35:29.962Z - [Leads] Entered getViolations
2026-07-21T06:35:29.966Z - [Leads] User: fc139c17-d8ba-40f0-8fc0-de857274c943, Role: admin
2026-07-21T06:35:29.969Z - [Leads] Fetching visible users...
2026-07-21T06:35:31.152Z - [Leads] Visible users found: 13
2026-07-21T06:35:31.154Z - [Leads] [Leads] Querying Prisma with where: {"rotationViolation":true,"isDeleted":false,"organisationId":"23d99450-83e7-4382-9312-d07f083447c0","previousOwnerId":{"in":["fc139c17-d8ba-40f0-8fc0-de857274c943","6d5e601a-d676-4cc6-a860-1a65d3734dab","c68a8236-7b93-4ff3-be69-01297ecfaceb","86498817-2f82-4695-ac75-4feae00ba43b","3b2c2b6a-7ec1-48cb-b98e-4ce026c6a984","2dc472bd-b2a9-4f5b-9066-b0561963cafe","941754a0-1107-4c7c-b7db-980d23df8557","5dac5c27-9d02-455e-bb18-022d0f9afc43","a98aa35e-414a-4939-b425-e0455bfe7eb7","59c25921-95e6-45bd-b7ad-0a07d7079537","6fbc44cd-4167-4571-8198-953e7281a059","9bd78fcd-deeb-4106-a5ec-68a6df672b97","4a6fae60-0298-4026-b0b6-378ed0ec880b"]}}
2026-07-21T06:35:31.635Z - [Leads] [Leads] Violations found: 0
2026-07-21T06:36:31.985Z - [Leads] Entered getViolations
2026-07-21T06:36:31.988Z - [Leads] User: fc139c17-d8ba-40f0-8fc0-de857274c943, Role: admin
2026-07-21T06:36:31.989Z - [Leads] Fetching visible users...
2026-07-21T06:36:32.943Z - [Leads] Visible users found: 13
2026-07-21T06:36:32.944Z - [Leads] [Leads] Querying Prisma with where: {"rotationViolation":true,"isDeleted":false,"organisationId":"23d99450-83e7-4382-9312-d07f083447c0","previousOwnerId":{"in":["fc139c17-d8ba-40f0-8fc0-de857274c943","6d5e601a-d676-4cc6-a860-1a65d3734dab","c68a8236-7b93-4ff3-be69-01297ecfaceb","86498817-2f82-4695-ac75-4feae00ba43b","3b2c2b6a-7ec1-48cb-b98e-4ce026c6a984","2dc472bd-b2a9-4f5b-9066-b0561963cafe","941754a0-1107-4c7c-b7db-980d23df8557","5dac5c27-9d02-455e-bb18-022d0f9afc43","a98aa35e-414a-4939-b425-e0455bfe7eb7","59c25921-95e6-45bd-b7ad-0a07d7079537","6fbc44cd-4167-4571-8198-953e7281a059","9bd78fcd-deeb-4106-a5ec-68a6df672b97","4a6fae60-0298-4026-b0b6-378ed0ec880b"]}}
2026-07-21T06:36:33.030Z - [Leads] [Leads] Violations found: 0
2026-07-21T06:37:33.419Z - [Leads] Entered getViolations
2026-07-21T06:37:33.420Z - [Leads] User: fc139c17-d8ba-40f0-8fc0-de857274c943, Role: admin
2026-07-21T06:37:33.422Z - [Leads] Fetching visible users...
2026-07-21T06:37:34.116Z - [Leads] Visible users found: 13
2026-07-21T06:37:34.118Z - [Leads] [Leads] Querying Prisma with where: {"rotationViolation":true,"isDeleted":false,"organisationId":"23d99450-83e7-4382-9312-d07f083447c0","previousOwnerId":{"in":["fc139c17-d8ba-40f0-8fc0-de857274c943","6d5e601a-d676-4cc6-a860-1a65d3734dab","c68a8236-7b93-4ff3-be69-01297ecfaceb","86498817-2f82-4695-ac75-4feae00ba43b","3b2c2b6a-7ec1-48cb-b98e-4ce026c6a984","2dc472bd-b2a9-4f5b-9066-b0561963cafe","941754a0-1107-4c7c-b7db-980d23df8557","5dac5c27-9d02-455e-bb18-022d0f9afc43","a98aa35e-414a-4939-b425-e0455bfe7eb7","59c25921-95e6-45bd-b7ad-0a07d7079537","6fbc44cd-4167-4571-8198-953e7281a059","9bd78fcd-deeb-4106-a5ec-68a6df672b97","4a6fae60-0298-4026-b0b6-378ed0ec880b"]}}
2026-07-21T06:37:34.161Z - [Leads] [Leads] Violations found: 0
2026-07-21T06:38:21.045Z - Entered getDashboardStats
2026-07-21T06:38:21.048Z - [Analytics] User: fc139c17-d8ba-40f0-8fc0-de857274c943, Org: 23d99450-83e7-4382-9312-d07f083447c0, SuperAdmin: false
2026-07-21T06:38:21.050Z - [Analytics] Importing hierarchyUtils...
2026-07-21T06:38:21.056Z - [Analytics] Fetching visibleUserIds...
2026-07-21T06:38:21.799Z - [Leads] Entered getViolations
2026-07-21T06:38:21.801Z - [Leads] User: fc139c17-d8ba-40f0-8fc0-de857274c943, Role: admin
2026-07-21T06:38:21.802Z - [Leads] Fetching visible users...
2026-07-21T06:38:22.232Z - [Analytics] Visible users: 13
2026-07-21T06:38:23.770Z - [Leads] Visible users found: 13
2026-07-21T06:38:23.771Z - [Leads] [Leads] Querying Prisma with where: {"rotationViolation":true,"isDeleted":false,"organisationId":"23d99450-83e7-4382-9312-d07f083447c0","previousOwnerId":{"in":["fc139c17-d8ba-40f0-8fc0-de857274c943","6d5e601a-d676-4cc6-a860-1a65d3734dab","c68a8236-7b93-4ff3-be69-01297ecfaceb","86498817-2f82-4695-ac75-4feae00ba43b","3b2c2b6a-7ec1-48cb-b98e-4ce026c6a984","2dc472bd-b2a9-4f5b-9066-b0561963cafe","941754a0-1107-4c7c-b7db-980d23df8557","5dac5c27-9d02-455e-bb18-022d0f9afc43","a98aa35e-414a-4939-b425-e0455bfe7eb7","59c25921-95e6-45bd-b7ad-0a07d7079537","6fbc44cd-4167-4571-8198-953e7281a059","9bd78fcd-deeb-4106-a5ec-68a6df672b97","4a6fae60-0298-4026-b0b6-378ed0ec880b"]}}
2026-07-21T06:38:23.869Z - [Leads] [Leads] Violations found: 0
2026-07-21T06:38:34.961Z - [Leads] Entered getViolations
2026-07-21T06:38:34.963Z - [Leads] User: fc139c17-d8ba-40f0-8fc0-de857274c943, Role: admin
2026-07-21T06:38:34.964Z - [Leads] Fetching visible users...
2026-07-21T06:38:37.533Z - [Leads] Visible users found: 13
2026-07-21T06:38:37.535Z - [Leads] [Leads] Querying Prisma with where: {"rotationViolation":true,"isDeleted":false,"organisationId":"23d99450-83e7-4382-9312-d07f083447c0","previousOwnerId":{"in":["fc139c17-d8ba-40f0-8fc0-de857274c943","6d5e601a-d676-4cc6-a860-1a65d3734dab","c68a8236-7b93-4ff3-be69-01297ecfaceb","86498817-2f82-4695-ac75-4feae00ba43b","3b2c2b6a-7ec1-48cb-b98e-4ce026c6a984","2dc472bd-b2a9-4f5b-9066-b0561963cafe","941754a0-1107-4c7c-b7db-980d23df8557","5dac5c27-9d02-455e-bb18-022d0f9afc43","a98aa35e-414a-4939-b425-e0455bfe7eb7","59c25921-95e6-45bd-b7ad-0a07d7079537","6fbc44cd-4167-4571-8198-953e7281a059","9bd78fcd-deeb-4106-a5ec-68a6df672b97","4a6fae60-0298-4026-b0b6-378ed0ec880b"]}}
2026-07-21T06:38:37.618Z - [Leads] [Leads] Violations found: 0
2026-07-21T06:39:38.032Z - [Leads] Entered getViolations
2026-07-21T06:39:38.035Z - [Leads] User: fc139c17-d8ba-40f0-8fc0-de857274c943, Role: admin
2026-07-21T06:39:38.039Z - [Leads] Fetching visible users...
2026-07-21T06:39:40.086Z - [Leads] Visible users found: 13
2026-07-21T06:39:40.088Z - [Leads] [Leads] Querying Prisma with where: {"rotationViolation":true,"isDeleted":false,"organisationId":"23d99450-83e7-4382-9312-d07f083447c0","previousOwnerId":{"in":["fc139c17-d8ba-40f0-8fc0-de857274c943","6d5e601a-d676-4cc6-a860-1a65d3734dab","c68a8236-7b93-4ff3-be69-01297ecfaceb","86498817-2f82-4695-ac75-4feae00ba43b","3b2c2b6a-7ec1-48cb-b98e-4ce026c6a984","2dc472bd-b2a9-4f5b-9066-b0561963cafe","941754a0-1107-4c7c-b7db-980d23df8557","5dac5c27-9d02-455e-bb18-022d0f9afc43","a98aa35e-414a-4939-b425-e0455bfe7eb7","59c25921-95e6-45bd-b7ad-0a07d7079537","6fbc44cd-4167-4571-8198-953e7281a059","9bd78fcd-deeb-4106-a5ec-68a6df672b97","4a6fae60-0298-4026-b0b6-378ed0ec880b"]}}
2026-07-21T06:39:40.270Z - [Leads] [Leads] Violations found: 0
2026-07-21T06:40:24.116Z - [Leads] Entered getViolations
2026-07-21T06:40:24.120Z - [Leads] User: fc139c17-d8ba-40f0-8fc0-de857274c943, Role: admin
2026-07-21T06:40:24.122Z - [Leads] Fetching visible users...
2026-07-21T06:40:24.890Z - [Leads] Visible users found: 13
2026-07-21T06:40:24.891Z - [Leads] [Leads] Querying Prisma with where: {"rotationViolation":true,"isDeleted":false,"organisationId":"23d99450-83e7-4382-9312-d07f083447c0","previousOwnerId":{"in":["fc139c17-d8ba-40f0-8fc0-de857274c943","6d5e601a-d676-4cc6-a860-1a65d3734dab","c68a8236-7b93-4ff3-be69-01297ecfaceb","86498817-2f82-4695-ac75-4feae00ba43b","3b2c2b6a-7ec1-48cb-b98e-4ce026c6a984","2dc472bd-b2a9-4f5b-9066-b0561963cafe","941754a0-1107-4c7c-b7db-980d23df8557","5dac5c27-9d02-455e-bb18-022d0f9afc43","a98aa35e-414a-4939-b425-e0455bfe7eb7","59c25921-95e6-45bd-b7ad-0a07d7079537","6fbc44cd-4167-4571-8198-953e7281a059","9bd78fcd-deeb-4106-a5ec-68a6df672b97","4a6fae60-0298-4026-b0b6-378ed0ec880b"]}}
2026-07-21T06:40:24.970Z - [Leads] [Leads] Violations found: 0
2026-07-21T06:40:40.985Z - [Leads] Entered getViolations
2026-07-21T06:40:40.986Z - [Leads] User: fc139c17-d8ba-40f0-8fc0-de857274c943, Role: admin
2026-07-21T06:40:40.989Z - [Leads] Fetching visible users...
2026-07-21T06:40:41.661Z - [Leads] Visible users found: 13
2026-07-21T06:40:41.662Z - [Leads] [Leads] Querying Prisma with where: {"rotationViolation":true,"isDeleted":false,"organisationId":"23d99450-83e7-4382-9312-d07f083447c0","previousOwnerId":{"in":["fc139c17-d8ba-40f0-8fc0-de857274c943","6d5e601a-d676-4cc6-a860-1a65d3734dab","c68a8236-7b93-4ff3-be69-01297ecfaceb","86498817-2f82-4695-ac75-4feae00ba43b","3b2c2b6a-7ec1-48cb-b98e-4ce026c6a984","2dc472bd-b2a9-4f5b-9066-b0561963cafe","941754a0-1107-4c7c-b7db-980d23df8557","5dac5c27-9d02-455e-bb18-022d0f9afc43","a98aa35e-414a-4939-b425-e0455bfe7eb7","59c25921-95e6-45bd-b7ad-0a07d7079537","6fbc44cd-4167-4571-8198-953e7281a059","9bd78fcd-deeb-4106-a5ec-68a6df672b97","4a6fae60-0298-4026-b0b6-378ed0ec880b"]}}
2026-07-21T06:40:41.708Z - [Leads] [Leads] Violations found: 0
2026-07-21T06:41:42.328Z - [Leads] Entered getViolations
2026-07-21T06:41:42.329Z - [Leads] User: fc139c17-d8ba-40f0-8fc0-de857274c943, Role: admin
2026-07-21T06:41:42.330Z - [Leads] Fetching visible users...
2026-07-21T06:41:43.116Z - [Leads] Visible users found: 13
2026-07-21T06:41:43.117Z - [Leads] [Leads] Querying Prisma with where: {"rotationViolation":true,"isDeleted":false,"organisationId":"23d99450-83e7-4382-9312-d07f083447c0","previousOwnerId":{"in":["fc139c17-d8ba-40f0-8fc0-de857274c943","6d5e601a-d676-4cc6-a860-1a65d3734dab","c68a8236-7b93-4ff3-be69-01297ecfaceb","86498817-2f82-4695-ac75-4feae00ba43b","3b2c2b6a-7ec1-48cb-b98e-4ce026c6a984","2dc472bd-b2a9-4f5b-9066-b0561963cafe","941754a0-1107-4c7c-b7db-980d23df8557","5dac5c27-9d02-455e-bb18-022d0f9afc43","a98aa35e-414a-4939-b425-e0455bfe7eb7","59c25921-95e6-45bd-b7ad-0a07d7079537","6fbc44cd-4167-4571-8198-953e7281a059","9bd78fcd-deeb-4106-a5ec-68a6df672b97","4a6fae60-0298-4026-b0b6-378ed0ec880b"]}}
2026-07-21T06:41:43.161Z - [Leads] [Leads] Violations found: 0
2026-07-21T06:42:43.405Z - [Leads] Entered getViolations
2026-07-21T06:42:43.410Z - [Leads] User: fc139c17-d8ba-40f0-8fc0-de857274c943, Role: admin
2026-07-21T06:42:43.412Z - [Leads] Fetching visible users...
2026-07-21T06:42:44.121Z - [Leads] Visible users found: 13
2026-07-21T06:42:44.129Z - [Leads] [Leads] Querying Prisma with where: {"rotationViolation":true,"isDeleted":false,"organisationId":"23d99450-83e7-4382-9312-d07f083447c0","previousOwnerId":{"in":["fc139c17-d8ba-40f0-8fc0-de857274c943","6d5e601a-d676-4cc6-a860-1a65d3734dab","c68a8236-7b93-4ff3-be69-01297ecfaceb","86498817-2f82-4695-ac75-4feae00ba43b","3b2c2b6a-7ec1-48cb-b98e-4ce026c6a984","2dc472bd-b2a9-4f5b-9066-b0561963cafe","941754a0-1107-4c7c-b7db-980d23df8557","5dac5c27-9d02-455e-bb18-022d0f9afc43","a98aa35e-414a-4939-b425-e0455bfe7eb7","59c25921-95e6-45bd-b7ad-0a07d7079537","6fbc44cd-4167-4571-8198-953e7281a059","9bd78fcd-deeb-4106-a5ec-68a6df672b97","4a6fae60-0298-4026-b0b6-378ed0ec880b"]}}
2026-07-21T06:42:44.180Z - [Leads] [Leads] Violations found: 0
2026-07-21T06:43:44.476Z - [Leads] Entered getViolations
2026-07-21T06:43:44.477Z - [Leads] User: fc139c17-d8ba-40f0-8fc0-de857274c943, Role: admin
2026-07-21T06:43:44.480Z - [Leads] Fetching visible users...
2026-07-21T06:43:45.337Z - [Leads] Visible users found: 13
2026-07-21T06:43:45.339Z - [Leads] [Leads] Querying Prisma with where: {"rotationViolation":true,"isDeleted":false,"organisationId":"23d99450-83e7-4382-9312-d07f083447c0","previousOwnerId":{"in":["fc139c17-d8ba-40f0-8fc0-de857274c943","6d5e601a-d676-4cc6-a860-1a65d3734dab","c68a8236-7b93-4ff3-be69-01297ecfaceb","86498817-2f82-4695-ac75-4feae00ba43b","3b2c2b6a-7ec1-48cb-b98e-4ce026c6a984","2dc472bd-b2a9-4f5b-9066-b0561963cafe","941754a0-1107-4c7c-b7db-980d23df8557","5dac5c27-9d02-455e-bb18-022d0f9afc43","a98aa35e-414a-4939-b425-e0455bfe7eb7","59c25921-95e6-45bd-b7ad-0a07d7079537","6fbc44cd-4167-4571-8198-953e7281a059","9bd78fcd-deeb-4106-a5ec-68a6df672b97","4a6fae60-0298-4026-b0b6-378ed0ec880b"]}}
2026-07-21T06:43:45.438Z - [Leads] [Leads] Violations found: 0
2026-07-21T06:44:46.629Z - [Leads] Entered getViolations
2026-07-21T06:44:46.630Z - [Leads] User: fc139c17-d8ba-40f0-8fc0-de857274c943, Role: admin
2026-07-21T06:44:46.631Z - [Leads] Fetching visible users...
2026-07-21T06:44:47.382Z - [Leads] Visible users found: 13
2026-07-21T06:44:47.384Z - [Leads] [Leads] Querying Prisma with where: {"rotationViolation":true,"isDeleted":false,"organisationId":"23d99450-83e7-4382-9312-d07f083447c0","previousOwnerId":{"in":["fc139c17-d8ba-40f0-8fc0-de857274c943","6d5e601a-d676-4cc6-a860-1a65d3734dab","c68a8236-7b93-4ff3-be69-01297ecfaceb","86498817-2f82-4695-ac75-4feae00ba43b","3b2c2b6a-7ec1-48cb-b98e-4ce026c6a984","2dc472bd-b2a9-4f5b-9066-b0561963cafe","941754a0-1107-4c7c-b7db-980d23df8557","5dac5c27-9d02-455e-bb18-022d0f9afc43","a98aa35e-414a-4939-b425-e0455bfe7eb7","59c25921-95e6-45bd-b7ad-0a07d7079537","6fbc44cd-4167-4571-8198-953e7281a059","9bd78fcd-deeb-4106-a5ec-68a6df672b97","4a6fae60-0298-4026-b0b6-378ed0ec880b"]}}
2026-07-21T06:44:47.456Z - [Leads] [Leads] Violations found: 0
2026-07-21T06:45:47.800Z - [Leads] Entered getViolations
2026-07-21T06:45:47.802Z - [Leads] User: fc139c17-d8ba-40f0-8fc0-de857274c943, Role: admin
2026-07-21T06:45:47.804Z - [Leads] Fetching visible users...
2026-07-21T06:45:48.781Z - [Leads] Visible users found: 13
2026-07-21T06:45:48.782Z - [Leads] [Leads] Querying Prisma with where: {"rotationViolation":true,"isDeleted":false,"organisationId":"23d99450-83e7-4382-9312-d07f083447c0","previousOwnerId":{"in":["fc139c17-d8ba-40f0-8fc0-de857274c943","6d5e601a-d676-4cc6-a860-1a65d3734dab","c68a8236-7b93-4ff3-be69-01297ecfaceb","86498817-2f82-4695-ac75-4feae00ba43b","3b2c2b6a-7ec1-48cb-b98e-4ce026c6a984","2dc472bd-b2a9-4f5b-9066-b0561963cafe","941754a0-1107-4c7c-b7db-980d23df8557","5dac5c27-9d02-455e-bb18-022d0f9afc43","a98aa35e-414a-4939-b425-e0455bfe7eb7","59c25921-95e6-45bd-b7ad-0a07d7079537","6fbc44cd-4167-4571-8198-953e7281a059","9bd78fcd-deeb-4106-a5ec-68a6df672b97","4a6fae60-0298-4026-b0b6-378ed0ec880b"]}}
2026-07-21T06:45:49.211Z - [Leads] [Leads] Violations found: 0
2026-07-21T06:46:49.573Z - [Leads] Entered getViolations
2026-07-21T06:46:49.575Z - [Leads] User: fc139c17-d8ba-40f0-8fc0-de857274c943, Role: admin
2026-07-21T06:46:49.576Z - [Leads] Fetching visible users...
2026-07-21T06:46:50.246Z - [Leads] Visible users found: 13
2026-07-21T06:46:50.247Z - [Leads] [Leads] Querying Prisma with where: {"rotationViolation":true,"isDeleted":false,"organisationId":"23d99450-83e7-4382-9312-d07f083447c0","previousOwnerId":{"in":["fc139c17-d8ba-40f0-8fc0-de857274c943","6d5e601a-d676-4cc6-a860-1a65d3734dab","c68a8236-7b93-4ff3-be69-01297ecfaceb","86498817-2f82-4695-ac75-4feae00ba43b","3b2c2b6a-7ec1-48cb-b98e-4ce026c6a984","2dc472bd-b2a9-4f5b-9066-b0561963cafe","941754a0-1107-4c7c-b7db-980d23df8557","5dac5c27-9d02-455e-bb18-022d0f9afc43","a98aa35e-414a-4939-b425-e0455bfe7eb7","59c25921-95e6-45bd-b7ad-0a07d7079537","6fbc44cd-4167-4571-8198-953e7281a059","9bd78fcd-deeb-4106-a5ec-68a6df672b97","4a6fae60-0298-4026-b0b6-378ed0ec880b"]}}
2026-07-21T06:46:50.293Z - [Leads] [Leads] Violations found: 0
2026-07-21T06:47:50.746Z - [Leads] Entered getViolations
2026-07-21T06:47:50.748Z - [Leads] User: fc139c17-d8ba-40f0-8fc0-de857274c943, Role: admin
2026-07-21T06:47:50.749Z - [Leads] Fetching visible users...
2026-07-21T06:47:51.869Z - [Leads] Visible users found: 13
2026-07-21T06:47:51.871Z - [Leads] [Leads] Querying Prisma with where: {"rotationViolation":true,"isDeleted":false,"organisationId":"23d99450-83e7-4382-9312-d07f083447c0","previousOwnerId":{"in":["fc139c17-d8ba-40f0-8fc0-de857274c943","6d5e601a-d676-4cc6-a860-1a65d3734dab","c68a8236-7b93-4ff3-be69-01297ecfaceb","86498817-2f82-4695-ac75-4feae00ba43b","3b2c2b6a-7ec1-48cb-b98e-4ce026c6a984","2dc472bd-b2a9-4f5b-9066-b0561963cafe","941754a0-1107-4c7c-b7db-980d23df8557","5dac5c27-9d02-455e-bb18-022d0f9afc43","a98aa35e-414a-4939-b425-e0455bfe7eb7","59c25921-95e6-45bd-b7ad-0a07d7079537","6fbc44cd-4167-4571-8198-953e7281a059","9bd78fcd-deeb-4106-a5ec-68a6df672b97","4a6fae60-0298-4026-b0b6-378ed0ec880b"]}}
2026-07-21T06:47:51.980Z - [Leads] [Leads] Violations found: 0
2026-07-21T06:48:52.226Z - [Leads] Entered getViolations
2026-07-21T06:48:52.227Z - [Leads] User: fc139c17-d8ba-40f0-8fc0-de857274c943, Role: admin
2026-07-21T06:48:52.229Z - [Leads] Fetching visible users...
2026-07-21T06:48:53.224Z - [Leads] Visible users found: 13
2026-07-21T06:48:53.225Z - [Leads] [Leads] Querying Prisma with where: {"rotationViolation":true,"isDeleted":false,"organisationId":"23d99450-83e7-4382-9312-d07f083447c0","previousOwnerId":{"in":["fc139c17-d8ba-40f0-8fc0-de857274c943","6d5e601a-d676-4cc6-a860-1a65d3734dab","c68a8236-7b93-4ff3-be69-01297ecfaceb","86498817-2f82-4695-ac75-4feae00ba43b","3b2c2b6a-7ec1-48cb-b98e-4ce026c6a984","2dc472bd-b2a9-4f5b-9066-b0561963cafe","941754a0-1107-4c7c-b7db-980d23df8557","5dac5c27-9d02-455e-bb18-022d0f9afc43","a98aa35e-414a-4939-b425-e0455bfe7eb7","59c25921-95e6-45bd-b7ad-0a07d7079537","6fbc44cd-4167-4571-8198-953e7281a059","9bd78fcd-deeb-4106-a5ec-68a6df672b97","4a6fae60-0298-4026-b0b6-378ed0ec880b"]}}
2026-07-21T06:48:53.346Z - [Leads] [Leads] Violations found: 0
2026-07-21T06:49:53.703Z - [Leads] Entered getViolations
2026-07-21T06:49:53.704Z - [Leads] User: fc139c17-d8ba-40f0-8fc0-de857274c943, Role: admin
2026-07-21T06:49:53.706Z - [Leads] Fetching visible users...
2026-07-21T06:49:54.405Z - [Leads] Visible users found: 13
2026-07-21T06:49:54.406Z - [Leads] [Leads] Querying Prisma with where: {"rotationViolation":true,"isDeleted":false,"organisationId":"23d99450-83e7-4382-9312-d07f083447c0","previousOwnerId":{"in":["fc139c17-d8ba-40f0-8fc0-de857274c943","6d5e601a-d676-4cc6-a860-1a65d3734dab","c68a8236-7b93-4ff3-be69-01297ecfaceb","86498817-2f82-4695-ac75-4feae00ba43b","3b2c2b6a-7ec1-48cb-b98e-4ce026c6a984","2dc472bd-b2a9-4f5b-9066-b0561963cafe","941754a0-1107-4c7c-b7db-980d23df8557","5dac5c27-9d02-455e-bb18-022d0f9afc43","a98aa35e-414a-4939-b425-e0455bfe7eb7","59c25921-95e6-45bd-b7ad-0a07d7079537","6fbc44cd-4167-4571-8198-953e7281a059","9bd78fcd-deeb-4106-a5ec-68a6df672b97","4a6fae60-0298-4026-b0b6-378ed0ec880b"]}}
2026-07-21T06:49:54.454Z - [Leads] [Leads] Violations found: 0
2026-07-21T06:50:54.789Z - [Leads] Entered getViolations
2026-07-21T06:50:54.791Z - [Leads] User: fc139c17-d8ba-40f0-8fc0-de857274c943, Role: admin
2026-07-21T06:50:54.792Z - [Leads] Fetching visible users...
2026-07-21T06:50:55.719Z - [Leads] Visible users found: 13
2026-07-21T06:50:55.727Z - [Leads] [Leads] Querying Prisma with where: {"rotationViolation":true,"isDeleted":false,"organisationId":"23d99450-83e7-4382-9312-d07f083447c0","previousOwnerId":{"in":["fc139c17-d8ba-40f0-8fc0-de857274c943","6d5e601a-d676-4cc6-a860-1a65d3734dab","c68a8236-7b93-4ff3-be69-01297ecfaceb","86498817-2f82-4695-ac75-4feae00ba43b","3b2c2b6a-7ec1-48cb-b98e-4ce026c6a984","2dc472bd-b2a9-4f5b-9066-b0561963cafe","941754a0-1107-4c7c-b7db-980d23df8557","5dac5c27-9d02-455e-bb18-022d0f9afc43","a98aa35e-414a-4939-b425-e0455bfe7eb7","59c25921-95e6-45bd-b7ad-0a07d7079537","6fbc44cd-4167-4571-8198-953e7281a059","9bd78fcd-deeb-4106-a5ec-68a6df672b97","4a6fae60-0298-4026-b0b6-378ed0ec880b"]}}
2026-07-21T06:50:55.774Z - [Leads] [Leads] Violations found: 0
2026-07-21T06:51:56.128Z - [Leads] Entered getViolations
2026-07-21T06:51:56.130Z - [Leads] User: fc139c17-d8ba-40f0-8fc0-de857274c943, Role: admin
2026-07-21T06:51:56.131Z - [Leads] Fetching visible users...
2026-07-21T06:51:56.803Z - [Leads] Visible users found: 13
2026-07-21T06:51:56.804Z - [Leads] [Leads] Querying Prisma with where: {"rotationViolation":true,"isDeleted":false,"organisationId":"23d99450-83e7-4382-9312-d07f083447c0","previousOwnerId":{"in":["fc139c17-d8ba-40f0-8fc0-de857274c943","6d5e601a-d676-4cc6-a860-1a65d3734dab","c68a8236-7b93-4ff3-be69-01297ecfaceb","86498817-2f82-4695-ac75-4feae00ba43b","3b2c2b6a-7ec1-48cb-b98e-4ce026c6a984","2dc472bd-b2a9-4f5b-9066-b0561963cafe","941754a0-1107-4c7c-b7db-980d23df8557","5dac5c27-9d02-455e-bb18-022d0f9afc43","a98aa35e-414a-4939-b425-e0455bfe7eb7","59c25921-95e6-45bd-b7ad-0a07d7079537","6fbc44cd-4167-4571-8198-953e7281a059","9bd78fcd-deeb-4106-a5ec-68a6df672b97","4a6fae60-0298-4026-b0b6-378ed0ec880b"]}}
2026-07-21T06:51:56.846Z - [Leads] [Leads] Violations found: 0
2026-07-21T06:52:57.158Z - [Leads] Entered getViolations
2026-07-21T06:52:57.163Z - [Leads] User: fc139c17-d8ba-40f0-8fc0-de857274c943, Role: admin
2026-07-21T06:52:57.165Z - [Leads] Fetching visible users...
2026-07-21T06:52:57.905Z - [Leads] Visible users found: 13
2026-07-21T06:52:57.906Z - [Leads] [Leads] Querying Prisma with where: {"rotationViolation":true,"isDeleted":false,"organisationId":"23d99450-83e7-4382-9312-d07f083447c0","previousOwnerId":{"in":["fc139c17-d8ba-40f0-8fc0-de857274c943","6d5e601a-d676-4cc6-a860-1a65d3734dab","c68a8236-7b93-4ff3-be69-01297ecfaceb","86498817-2f82-4695-ac75-4feae00ba43b","3b2c2b6a-7ec1-48cb-b98e-4ce026c6a984","2dc472bd-b2a9-4f5b-9066-b0561963cafe","941754a0-1107-4c7c-b7db-980d23df8557","5dac5c27-9d02-455e-bb18-022d0f9afc43","a98aa35e-414a-4939-b425-e0455bfe7eb7","59c25921-95e6-45bd-b7ad-0a07d7079537","6fbc44cd-4167-4571-8198-953e7281a059","9bd78fcd-deeb-4106-a5ec-68a6df672b97","4a6fae60-0298-4026-b0b6-378ed0ec880b"]}}
2026-07-21T06:52:57.962Z - [Leads] [Leads] Violations found: 0
2026-07-21T06:53:58.335Z - [Leads] Entered getViolations
2026-07-21T06:53:58.337Z - [Leads] User: fc139c17-d8ba-40f0-8fc0-de857274c943, Role: admin
2026-07-21T06:53:58.338Z - [Leads] Fetching visible users...
2026-07-21T06:53:59.535Z - [Leads] Visible users found: 13
2026-07-21T06:53:59.536Z - [Leads] [Leads] Querying Prisma with where: {"rotationViolation":true,"isDeleted":false,"organisationId":"23d99450-83e7-4382-9312-d07f083447c0","previousOwnerId":{"in":["fc139c17-d8ba-40f0-8fc0-de857274c943","6d5e601a-d676-4cc6-a860-1a65d3734dab","c68a8236-7b93-4ff3-be69-01297ecfaceb","86498817-2f82-4695-ac75-4feae00ba43b","3b2c2b6a-7ec1-48cb-b98e-4ce026c6a984","2dc472bd-b2a9-4f5b-9066-b0561963cafe","941754a0-1107-4c7c-b7db-980d23df8557","5dac5c27-9d02-455e-bb18-022d0f9afc43","a98aa35e-414a-4939-b425-e0455bfe7eb7","59c25921-95e6-45bd-b7ad-0a07d7079537","6fbc44cd-4167-4571-8198-953e7281a059","9bd78fcd-deeb-4106-a5ec-68a6df672b97","4a6fae60-0298-4026-b0b6-378ed0ec880b"]}}
2026-07-21T06:53:59.632Z - [Leads] [Leads] Violations found: 0
2026-07-21T06:54:59.921Z - [Leads] Entered getViolations
2026-07-21T06:54:59.927Z - [Leads] User: fc139c17-d8ba-40f0-8fc0-de857274c943, Role: admin
2026-07-21T06:54:59.928Z - [Leads] Fetching visible users...
2026-07-21T06:55:01.343Z - [Leads] Visible users found: 13
2026-07-21T06:55:01.345Z - [Leads] [Leads] Querying Prisma with where: {"rotationViolation":true,"isDeleted":false,"organisationId":"23d99450-83e7-4382-9312-d07f083447c0","previousOwnerId":{"in":["fc139c17-d8ba-40f0-8fc0-de857274c943","6d5e601a-d676-4cc6-a860-1a65d3734dab","c68a8236-7b93-4ff3-be69-01297ecfaceb","86498817-2f82-4695-ac75-4feae00ba43b","3b2c2b6a-7ec1-48cb-b98e-4ce026c6a984","2dc472bd-b2a9-4f5b-9066-b0561963cafe","941754a0-1107-4c7c-b7db-980d23df8557","5dac5c27-9d02-455e-bb18-022d0f9afc43","a98aa35e-414a-4939-b425-e0455bfe7eb7","59c25921-95e6-45bd-b7ad-0a07d7079537","6fbc44cd-4167-4571-8198-953e7281a059","9bd78fcd-deeb-4106-a5ec-68a6df672b97","4a6fae60-0298-4026-b0b6-378ed0ec880b"]}}
2026-07-21T06:55:01.469Z - [Leads] [Leads] Violations found: 0
2026-07-21T06:56:01.858Z - [Leads] Entered getViolations
2026-07-21T06:56:01.859Z - [Leads] User: fc139c17-d8ba-40f0-8fc0-de857274c943, Role: admin
2026-07-21T06:56:01.862Z - [Leads] Fetching visible users...
2026-07-21T06:56:02.532Z - [Leads] Visible users found: 13
2026-07-21T06:56:02.534Z - [Leads] [Leads] Querying Prisma with where: {"rotationViolation":true,"isDeleted":false,"organisationId":"23d99450-83e7-4382-9312-d07f083447c0","previousOwnerId":{"in":["fc139c17-d8ba-40f0-8fc0-de857274c943","6d5e601a-d676-4cc6-a860-1a65d3734dab","c68a8236-7b93-4ff3-be69-01297ecfaceb","86498817-2f82-4695-ac75-4feae00ba43b","3b2c2b6a-7ec1-48cb-b98e-4ce026c6a984","2dc472bd-b2a9-4f5b-9066-b0561963cafe","941754a0-1107-4c7c-b7db-980d23df8557","5dac5c27-9d02-455e-bb18-022d0f9afc43","a98aa35e-414a-4939-b425-e0455bfe7eb7","59c25921-95e6-45bd-b7ad-0a07d7079537","6fbc44cd-4167-4571-8198-953e7281a059","9bd78fcd-deeb-4106-a5ec-68a6df672b97","4a6fae60-0298-4026-b0b6-378ed0ec880b"]}}
2026-07-21T06:56:02.573Z - [Leads] [Leads] Violations found: 0
2026-07-21T07:00:03.379Z - Entered getDashboardStats
2026-07-21T07:00:03.380Z - [Analytics] User: fc139c17-d8ba-40f0-8fc0-de857274c943, Org: 23d99450-83e7-4382-9312-d07f083447c0, SuperAdmin: false
2026-07-21T07:00:03.381Z - [Analytics] Importing hierarchyUtils...
2026-07-21T07:00:03.383Z - [Analytics] Fetching visibleUserIds...
2026-07-21T07:00:03.435Z - [Leads] Entered getViolations
2026-07-21T07:00:03.436Z - [Leads] User: fc139c17-d8ba-40f0-8fc0-de857274c943, Role: admin
2026-07-21T07:00:03.437Z - [Leads] Fetching visible users...
2026-07-21T07:00:04.472Z - [Analytics] Visible users: 13
2026-07-21T07:00:04.531Z - [Leads] Visible users found: 13
2026-07-21T07:00:04.536Z - [Leads] [Leads] Querying Prisma with where: {"rotationViolation":true,"isDeleted":false,"organisationId":"23d99450-83e7-4382-9312-d07f083447c0","previousOwnerId":{"in":["fc139c17-d8ba-40f0-8fc0-de857274c943","6d5e601a-d676-4cc6-a860-1a65d3734dab","c68a8236-7b93-4ff3-be69-01297ecfaceb","86498817-2f82-4695-ac75-4feae00ba43b","3b2c2b6a-7ec1-48cb-b98e-4ce026c6a984","2dc472bd-b2a9-4f5b-9066-b0561963cafe","941754a0-1107-4c7c-b7db-980d23df8557","5dac5c27-9d02-455e-bb18-022d0f9afc43","a98aa35e-414a-4939-b425-e0455bfe7eb7","59c25921-95e6-45bd-b7ad-0a07d7079537","6fbc44cd-4167-4571-8198-953e7281a059","9bd78fcd-deeb-4106-a5ec-68a6df672b97","4a6fae60-0298-4026-b0b6-378ed0ec880b"]}}
2026-07-21T07:00:04.821Z - [Leads] [Leads] Violations found: 0
2026-07-21T07:00:39.844Z - [Leads] Entered getViolations
2026-07-21T07:00:39.846Z - [Leads] User: fc139c17-d8ba-40f0-8fc0-de857274c943, Role: admin
2026-07-21T07:00:39.847Z - [Leads] Fetching visible users...
2026-07-21T07:00:40.923Z - [Leads] Visible users found: 13
2026-07-21T07:00:40.924Z - [Leads] [Leads] Querying Prisma with where: {"rotationViolation":true,"isDeleted":false,"organisationId":"23d99450-83e7-4382-9312-d07f083447c0","previousOwnerId":{"in":["fc139c17-d8ba-40f0-8fc0-de857274c943","6d5e601a-d676-4cc6-a860-1a65d3734dab","c68a8236-7b93-4ff3-be69-01297ecfaceb","86498817-2f82-4695-ac75-4feae00ba43b","3b2c2b6a-7ec1-48cb-b98e-4ce026c6a984","2dc472bd-b2a9-4f5b-9066-b0561963cafe","941754a0-1107-4c7c-b7db-980d23df8557","5dac5c27-9d02-455e-bb18-022d0f9afc43","a98aa35e-414a-4939-b425-e0455bfe7eb7","59c25921-95e6-45bd-b7ad-0a07d7079537","6fbc44cd-4167-4571-8198-953e7281a059","9bd78fcd-deeb-4106-a5ec-68a6df672b97","4a6fae60-0298-4026-b0b6-378ed0ec880b"]}}
2026-07-21T07:00:41.009Z - [Leads] [Leads] Violations found: 0
2026-07-21T07:18:05.378Z - [Leads] Entered getViolations
2026-07-21T07:18:05.380Z - [Leads] User: fc139c17-d8ba-40f0-8fc0-de857274c943, Role: admin
2026-07-21T07:18:05.383Z - [Leads] Fetching visible users...
2026-07-21T07:18:06.243Z - [Leads] Visible users found: 13
2026-07-21T07:18:06.244Z - [Leads] [Leads] Querying Prisma with where: {"rotationViolation":true,"isDeleted":false,"organisationId":"23d99450-83e7-4382-9312-d07f083447c0","previousOwnerId":{"in":["fc139c17-d8ba-40f0-8fc0-de857274c943","6d5e601a-d676-4cc6-a860-1a65d3734dab","c68a8236-7b93-4ff3-be69-01297ecfaceb","86498817-2f82-4695-ac75-4feae00ba43b","3b2c2b6a-7ec1-48cb-b98e-4ce026c6a984","2dc472bd-b2a9-4f5b-9066-b0561963cafe","941754a0-1107-4c7c-b7db-980d23df8557","5dac5c27-9d02-455e-bb18-022d0f9afc43","a98aa35e-414a-4939-b425-e0455bfe7eb7","59c25921-95e6-45bd-b7ad-0a07d7079537","6fbc44cd-4167-4571-8198-953e7281a059","9bd78fcd-deeb-4106-a5ec-68a6df672b97","4a6fae60-0298-4026-b0b6-378ed0ec880b"]}}
2026-07-21T07:18:06.321Z - [Leads] [Leads] Violations found: 0
2026-07-21T09:26:36.530Z - Entered getDashboardStats
2026-07-21T09:26:36.544Z - [Analytics] User: fc139c17-d8ba-40f0-8fc0-de857274c943, Org: 23d99450-83e7-4382-9312-d07f083447c0, SuperAdmin: false
2026-07-21T09:26:36.548Z - [Analytics] Importing hierarchyUtils...
2026-07-21T09:26:36.575Z - [Analytics] Fetching visibleUserIds...
2026-07-21T09:26:37.205Z - [Leads] Entered getViolations
2026-07-21T09:26:37.216Z - [Leads] User: fc139c17-d8ba-40f0-8fc0-de857274c943, Role: admin
2026-07-21T09:26:37.220Z - [Leads] Fetching visible users...
2026-07-21T09:26:39.405Z - [Analytics] Visible users: 13
2026-07-21T09:26:43.553Z - [Leads] Visible users found: 13
2026-07-21T09:26:43.582Z - [Leads] [Leads] Querying Prisma with where: {"rotationViolation":true,"isDeleted":false,"organisationId":"23d99450-83e7-4382-9312-d07f083447c0","previousOwnerId":{"in":["fc139c17-d8ba-40f0-8fc0-de857274c943","6d5e601a-d676-4cc6-a860-1a65d3734dab","c68a8236-7b93-4ff3-be69-01297ecfaceb","86498817-2f82-4695-ac75-4feae00ba43b","3b2c2b6a-7ec1-48cb-b98e-4ce026c6a984","2dc472bd-b2a9-4f5b-9066-b0561963cafe","941754a0-1107-4c7c-b7db-980d23df8557","5dac5c27-9d02-455e-bb18-022d0f9afc43","a98aa35e-414a-4939-b425-e0455bfe7eb7","59c25921-95e6-45bd-b7ad-0a07d7079537","6fbc44cd-4167-4571-8198-953e7281a059","9bd78fcd-deeb-4106-a5ec-68a6df672b97","4a6fae60-0298-4026-b0b6-378ed0ec880b"]}}
2026-07-21T09:26:44.017Z - [Leads] [Leads] Violations found: 0
2026-07-21T09:27:44.620Z - [Leads] Entered getViolations
2026-07-21T09:27:44.622Z - [Leads] User: fc139c17-d8ba-40f0-8fc0-de857274c943, Role: admin
2026-07-21T09:27:44.623Z - [Leads] Fetching visible users...
2026-07-21T09:27:45.475Z - [Leads] Visible users found: 13
2026-07-21T09:27:45.476Z - [Leads] [Leads] Querying Prisma with where: {"rotationViolation":true,"isDeleted":false,"organisationId":"23d99450-83e7-4382-9312-d07f083447c0","previousOwnerId":{"in":["fc139c17-d8ba-40f0-8fc0-de857274c943","6d5e601a-d676-4cc6-a860-1a65d3734dab","c68a8236-7b93-4ff3-be69-01297ecfaceb","86498817-2f82-4695-ac75-4feae00ba43b","3b2c2b6a-7ec1-48cb-b98e-4ce026c6a984","2dc472bd-b2a9-4f5b-9066-b0561963cafe","941754a0-1107-4c7c-b7db-980d23df8557","5dac5c27-9d02-455e-bb18-022d0f9afc43","a98aa35e-414a-4939-b425-e0455bfe7eb7","59c25921-95e6-45bd-b7ad-0a07d7079537","6fbc44cd-4167-4571-8198-953e7281a059","9bd78fcd-deeb-4106-a5ec-68a6df672b97","4a6fae60-0298-4026-b0b6-378ed0ec880b"]}}
2026-07-21T09:27:45.562Z - [Leads] [Leads] Violations found: 0
2026-07-21T09:28:45.794Z - [Leads] Entered getViolations
2026-07-21T09:28:45.795Z - [Leads] User: fc139c17-d8ba-40f0-8fc0-de857274c943, Role: admin
2026-07-21T09:28:45.796Z - [Leads] Fetching visible users...
2026-07-21T09:28:46.502Z - [Leads] Visible users found: 13
2026-07-21T09:28:46.504Z - [Leads] [Leads] Querying Prisma with where: {"rotationViolation":true,"isDeleted":false,"organisationId":"23d99450-83e7-4382-9312-d07f083447c0","previousOwnerId":{"in":["fc139c17-d8ba-40f0-8fc0-de857274c943","6d5e601a-d676-4cc6-a860-1a65d3734dab","c68a8236-7b93-4ff3-be69-01297ecfaceb","86498817-2f82-4695-ac75-4feae00ba43b","3b2c2b6a-7ec1-48cb-b98e-4ce026c6a984","2dc472bd-b2a9-4f5b-9066-b0561963cafe","941754a0-1107-4c7c-b7db-980d23df8557","5dac5c27-9d02-455e-bb18-022d0f9afc43","a98aa35e-414a-4939-b425-e0455bfe7eb7","59c25921-95e6-45bd-b7ad-0a07d7079537","6fbc44cd-4167-4571-8198-953e7281a059","9bd78fcd-deeb-4106-a5ec-68a6df672b97","4a6fae60-0298-4026-b0b6-378ed0ec880b"]}}
2026-07-21T09:28:46.556Z - [Leads] [Leads] Violations found: 0
2026-07-21T09:29:46.797Z - [Leads] Entered getViolations
2026-07-21T09:29:46.798Z - [Leads] User: fc139c17-d8ba-40f0-8fc0-de857274c943, Role: admin
2026-07-21T09:29:46.800Z - [Leads] Fetching visible users...
2026-07-21T09:29:47.464Z - [Leads] Visible users found: 13
2026-07-21T09:29:47.465Z - [Leads] [Leads] Querying Prisma with where: {"rotationViolation":true,"isDeleted":false,"organisationId":"23d99450-83e7-4382-9312-d07f083447c0","previousOwnerId":{"in":["fc139c17-d8ba-40f0-8fc0-de857274c943","6d5e601a-d676-4cc6-a860-1a65d3734dab","c68a8236-7b93-4ff3-be69-01297ecfaceb","86498817-2f82-4695-ac75-4feae00ba43b","3b2c2b6a-7ec1-48cb-b98e-4ce026c6a984","2dc472bd-b2a9-4f5b-9066-b0561963cafe","941754a0-1107-4c7c-b7db-980d23df8557","5dac5c27-9d02-455e-bb18-022d0f9afc43","a98aa35e-414a-4939-b425-e0455bfe7eb7","59c25921-95e6-45bd-b7ad-0a07d7079537","6fbc44cd-4167-4571-8198-953e7281a059","9bd78fcd-deeb-4106-a5ec-68a6df672b97","4a6fae60-0298-4026-b0b6-378ed0ec880b"]}}
2026-07-21T09:29:47.519Z - [Leads] [Leads] Violations found: 0
2026-07-21T09:30:50.111Z - [Leads] Entered getViolations
2026-07-21T09:30:50.113Z - [Leads] User: fc139c17-d8ba-40f0-8fc0-de857274c943, Role: admin
2026-07-21T09:30:50.114Z - [Leads] Fetching visible users...
2026-07-21T09:30:51.128Z - [Leads] Visible users found: 13
2026-07-21T09:30:51.130Z - [Leads] [Leads] Querying Prisma with where: {"rotationViolation":true,"isDeleted":false,"organisationId":"23d99450-83e7-4382-9312-d07f083447c0","previousOwnerId":{"in":["fc139c17-d8ba-40f0-8fc0-de857274c943","6d5e601a-d676-4cc6-a860-1a65d3734dab","c68a8236-7b93-4ff3-be69-01297ecfaceb","86498817-2f82-4695-ac75-4feae00ba43b","3b2c2b6a-7ec1-48cb-b98e-4ce026c6a984","2dc472bd-b2a9-4f5b-9066-b0561963cafe","941754a0-1107-4c7c-b7db-980d23df8557","5dac5c27-9d02-455e-bb18-022d0f9afc43","a98aa35e-414a-4939-b425-e0455bfe7eb7","59c25921-95e6-45bd-b7ad-0a07d7079537","6fbc44cd-4167-4571-8198-953e7281a059","9bd78fcd-deeb-4106-a5ec-68a6df672b97","4a6fae60-0298-4026-b0b6-378ed0ec880b"]}}
2026-07-21T09:30:51.288Z - [Leads] [Leads] Violations found: 0
2026-07-21T09:31:52.079Z - [Leads] Entered getViolations
2026-07-21T09:31:52.080Z - [Leads] User: fc139c17-d8ba-40f0-8fc0-de857274c943, Role: admin
2026-07-21T09:31:52.082Z - [Leads] Fetching visible users...
2026-07-21T09:31:52.993Z - [Leads] Visible users found: 13
2026-07-21T09:31:52.994Z - [Leads] [Leads] Querying Prisma with where: {"rotationViolation":true,"isDeleted":false,"organisationId":"23d99450-83e7-4382-9312-d07f083447c0","previousOwnerId":{"in":["fc139c17-d8ba-40f0-8fc0-de857274c943","6d5e601a-d676-4cc6-a860-1a65d3734dab","c68a8236-7b93-4ff3-be69-01297ecfaceb","86498817-2f82-4695-ac75-4feae00ba43b","3b2c2b6a-7ec1-48cb-b98e-4ce026c6a984","2dc472bd-b2a9-4f5b-9066-b0561963cafe","941754a0-1107-4c7c-b7db-980d23df8557","5dac5c27-9d02-455e-bb18-022d0f9afc43","a98aa35e-414a-4939-b425-e0455bfe7eb7","59c25921-95e6-45bd-b7ad-0a07d7079537","6fbc44cd-4167-4571-8198-953e7281a059","9bd78fcd-deeb-4106-a5ec-68a6df672b97","4a6fae60-0298-4026-b0b6-378ed0ec880b"]}}
2026-07-21T09:31:53.090Z - [Leads] [Leads] Violations found: 0
2026-07-21T09:33:53.357Z - [Leads] Entered getViolations
2026-07-21T09:33:53.359Z - [Leads] User: fc139c17-d8ba-40f0-8fc0-de857274c943, Role: admin
2026-07-21T09:33:53.360Z - [Leads] Fetching visible users...
2026-07-21T09:33:54.374Z - [Leads] Visible users found: 13
2026-07-21T09:33:54.377Z - [Leads] [Leads] Querying Prisma with where: {"rotationViolation":true,"isDeleted":false,"organisationId":"23d99450-83e7-4382-9312-d07f083447c0","previousOwnerId":{"in":["fc139c17-d8ba-40f0-8fc0-de857274c943","6d5e601a-d676-4cc6-a860-1a65d3734dab","c68a8236-7b93-4ff3-be69-01297ecfaceb","86498817-2f82-4695-ac75-4feae00ba43b","3b2c2b6a-7ec1-48cb-b98e-4ce026c6a984","2dc472bd-b2a9-4f5b-9066-b0561963cafe","941754a0-1107-4c7c-b7db-980d23df8557","5dac5c27-9d02-455e-bb18-022d0f9afc43","a98aa35e-414a-4939-b425-e0455bfe7eb7","59c25921-95e6-45bd-b7ad-0a07d7079537","6fbc44cd-4167-4571-8198-953e7281a059","9bd78fcd-deeb-4106-a5ec-68a6df672b97","4a6fae60-0298-4026-b0b6-378ed0ec880b"]}}
2026-07-21T09:33:54.459Z - [Leads] [Leads] Violations found: 0
2026-07-21T09:34:54.720Z - [Leads] Entered getViolations
2026-07-21T09:34:54.722Z - [Leads] User: fc139c17-d8ba-40f0-8fc0-de857274c943, Role: admin
2026-07-21T09:34:54.723Z - [Leads] Fetching visible users...
2026-07-21T09:34:55.489Z - [Leads] Visible users found: 13
2026-07-21T09:34:55.493Z - [Leads] [Leads] Querying Prisma with where: {"rotationViolation":true,"isDeleted":false,"organisationId":"23d99450-83e7-4382-9312-d07f083447c0","previousOwnerId":{"in":["fc139c17-d8ba-40f0-8fc0-de857274c943","6d5e601a-d676-4cc6-a860-1a65d3734dab","c68a8236-7b93-4ff3-be69-01297ecfaceb","86498817-2f82-4695-ac75-4feae00ba43b","3b2c2b6a-7ec1-48cb-b98e-4ce026c6a984","2dc472bd-b2a9-4f5b-9066-b0561963cafe","941754a0-1107-4c7c-b7db-980d23df8557","5dac5c27-9d02-455e-bb18-022d0f9afc43","a98aa35e-414a-4939-b425-e0455bfe7eb7","59c25921-95e6-45bd-b7ad-0a07d7079537","6fbc44cd-4167-4571-8198-953e7281a059","9bd78fcd-deeb-4106-a5ec-68a6df672b97","4a6fae60-0298-4026-b0b6-378ed0ec880b"]}}
2026-07-21T09:34:55.550Z - [Leads] [Leads] Violations found: 0
2026-07-21T09:35:55.845Z - [Leads] Entered getViolations
2026-07-21T09:35:55.849Z - [Leads] User: fc139c17-d8ba-40f0-8fc0-de857274c943, Role: admin
2026-07-21T09:35:55.850Z - [Leads] Fetching visible users...
2026-07-21T09:35:57.036Z - [Leads] Visible users found: 13
2026-07-21T09:35:57.038Z - [Leads] [Leads] Querying Prisma with where: {"rotationViolation":true,"isDeleted":false,"organisationId":"23d99450-83e7-4382-9312-d07f083447c0","previousOwnerId":{"in":["fc139c17-d8ba-40f0-8fc0-de857274c943","6d5e601a-d676-4cc6-a860-1a65d3734dab","c68a8236-7b93-4ff3-be69-01297ecfaceb","86498817-2f82-4695-ac75-4feae00ba43b","3b2c2b6a-7ec1-48cb-b98e-4ce026c6a984","2dc472bd-b2a9-4f5b-9066-b0561963cafe","941754a0-1107-4c7c-b7db-980d23df8557","5dac5c27-9d02-455e-bb18-022d0f9afc43","a98aa35e-414a-4939-b425-e0455bfe7eb7","59c25921-95e6-45bd-b7ad-0a07d7079537","6fbc44cd-4167-4571-8198-953e7281a059","9bd78fcd-deeb-4106-a5ec-68a6df672b97","4a6fae60-0298-4026-b0b6-378ed0ec880b"]}}
2026-07-21T09:35:57.157Z - [Leads] [Leads] Violations found: 0
2026-07-21T09:36:57.946Z - [Leads] Entered getViolations
2026-07-21T09:36:57.947Z - [Leads] User: fc139c17-d8ba-40f0-8fc0-de857274c943, Role: admin
2026-07-21T09:36:57.948Z - [Leads] Fetching visible users...
2026-07-21T09:36:58.821Z - [Leads] Visible users found: 13
2026-07-21T09:36:58.824Z - [Leads] [Leads] Querying Prisma with where: {"rotationViolation":true,"isDeleted":false,"organisationId":"23d99450-83e7-4382-9312-d07f083447c0","previousOwnerId":{"in":["fc139c17-d8ba-40f0-8fc0-de857274c943","6d5e601a-d676-4cc6-a860-1a65d3734dab","c68a8236-7b93-4ff3-be69-01297ecfaceb","86498817-2f82-4695-ac75-4feae00ba43b","3b2c2b6a-7ec1-48cb-b98e-4ce026c6a984","2dc472bd-b2a9-4f5b-9066-b0561963cafe","941754a0-1107-4c7c-b7db-980d23df8557","5dac5c27-9d02-455e-bb18-022d0f9afc43","a98aa35e-414a-4939-b425-e0455bfe7eb7","59c25921-95e6-45bd-b7ad-0a07d7079537","6fbc44cd-4167-4571-8198-953e7281a059","9bd78fcd-deeb-4106-a5ec-68a6df672b97","4a6fae60-0298-4026-b0b6-378ed0ec880b"]}}
2026-07-21T09:36:58.909Z - [Leads] [Leads] Violations found: 0
2026-07-21T09:37:59.301Z - [Leads] Entered getViolations
2026-07-21T09:37:59.303Z - [Leads] User: fc139c17-d8ba-40f0-8fc0-de857274c943, Role: admin
2026-07-21T09:37:59.305Z - [Leads] Fetching visible users...
2026-07-21T09:38:00.209Z - [Leads] Visible users found: 13
2026-07-21T09:38:00.213Z - [Leads] [Leads] Querying Prisma with where: {"rotationViolation":true,"isDeleted":false,"organisationId":"23d99450-83e7-4382-9312-d07f083447c0","previousOwnerId":{"in":["fc139c17-d8ba-40f0-8fc0-de857274c943","6d5e601a-d676-4cc6-a860-1a65d3734dab","c68a8236-7b93-4ff3-be69-01297ecfaceb","86498817-2f82-4695-ac75-4feae00ba43b","3b2c2b6a-7ec1-48cb-b98e-4ce026c6a984","2dc472bd-b2a9-4f5b-9066-b0561963cafe","941754a0-1107-4c7c-b7db-980d23df8557","5dac5c27-9d02-455e-bb18-022d0f9afc43","a98aa35e-414a-4939-b425-e0455bfe7eb7","59c25921-95e6-45bd-b7ad-0a07d7079537","6fbc44cd-4167-4571-8198-953e7281a059","9bd78fcd-deeb-4106-a5ec-68a6df672b97","4a6fae60-0298-4026-b0b6-378ed0ec880b"]}}
2026-07-21T09:38:00.273Z - [Leads] [Leads] Violations found: 0
2026-07-21T09:39:00.484Z - [Leads] Entered getViolations
2026-07-21T09:39:00.488Z - [Leads] User: fc139c17-d8ba-40f0-8fc0-de857274c943, Role: admin
2026-07-21T09:39:00.489Z - [Leads] Fetching visible users...
2026-07-21T09:39:01.446Z - [Leads] Visible users found: 13
2026-07-21T09:39:01.448Z - [Leads] [Leads] Querying Prisma with where: {"rotationViolation":true,"isDeleted":false,"organisationId":"23d99450-83e7-4382-9312-d07f083447c0","previousOwnerId":{"in":["fc139c17-d8ba-40f0-8fc0-de857274c943","6d5e601a-d676-4cc6-a860-1a65d3734dab","c68a8236-7b93-4ff3-be69-01297ecfaceb","86498817-2f82-4695-ac75-4feae00ba43b","3b2c2b6a-7ec1-48cb-b98e-4ce026c6a984","2dc472bd-b2a9-4f5b-9066-b0561963cafe","941754a0-1107-4c7c-b7db-980d23df8557","5dac5c27-9d02-455e-bb18-022d0f9afc43","a98aa35e-414a-4939-b425-e0455bfe7eb7","59c25921-95e6-45bd-b7ad-0a07d7079537","6fbc44cd-4167-4571-8198-953e7281a059","9bd78fcd-deeb-4106-a5ec-68a6df672b97","4a6fae60-0298-4026-b0b6-378ed0ec880b"]}}
2026-07-21T09:39:01.505Z - [Leads] [Leads] Violations found: 0
2026-07-21T09:40:01.813Z - [Leads] Entered getViolations
2026-07-21T09:40:01.814Z - [Leads] User: fc139c17-d8ba-40f0-8fc0-de857274c943, Role: admin
2026-07-21T09:40:01.815Z - [Leads] Fetching visible users...
2026-07-21T09:40:02.775Z - [Leads] Visible users found: 13
2026-07-21T09:40:02.776Z - [Leads] [Leads] Querying Prisma with where: {"rotationViolation":true,"isDeleted":false,"organisationId":"23d99450-83e7-4382-9312-d07f083447c0","previousOwnerId":{"in":["fc139c17-d8ba-40f0-8fc0-de857274c943","6d5e601a-d676-4cc6-a860-1a65d3734dab","c68a8236-7b93-4ff3-be69-01297ecfaceb","86498817-2f82-4695-ac75-4feae00ba43b","3b2c2b6a-7ec1-48cb-b98e-4ce026c6a984","2dc472bd-b2a9-4f5b-9066-b0561963cafe","941754a0-1107-4c7c-b7db-980d23df8557","5dac5c27-9d02-455e-bb18-022d0f9afc43","a98aa35e-414a-4939-b425-e0455bfe7eb7","59c25921-95e6-45bd-b7ad-0a07d7079537","6fbc44cd-4167-4571-8198-953e7281a059","9bd78fcd-deeb-4106-a5ec-68a6df672b97","4a6fae60-0298-4026-b0b6-378ed0ec880b"]}}
2026-07-21T09:40:02.823Z - [Leads] [Leads] Violations found: 0
2026-07-21T09:41:03.028Z - [Leads] Entered getViolations
2026-07-21T09:41:03.032Z - [Leads] User: fc139c17-d8ba-40f0-8fc0-de857274c943, Role: admin
2026-07-21T09:41:03.033Z - [Leads] Fetching visible users...
2026-07-21T09:41:04.072Z - [Leads] Visible users found: 13
2026-07-21T09:41:04.075Z - [Leads] [Leads] Querying Prisma with where: {"rotationViolation":true,"isDeleted":false,"organisationId":"23d99450-83e7-4382-9312-d07f083447c0","previousOwnerId":{"in":["fc139c17-d8ba-40f0-8fc0-de857274c943","6d5e601a-d676-4cc6-a860-1a65d3734dab","c68a8236-7b93-4ff3-be69-01297ecfaceb","86498817-2f82-4695-ac75-4feae00ba43b","3b2c2b6a-7ec1-48cb-b98e-4ce026c6a984","2dc472bd-b2a9-4f5b-9066-b0561963cafe","941754a0-1107-4c7c-b7db-980d23df8557","5dac5c27-9d02-455e-bb18-022d0f9afc43","a98aa35e-414a-4939-b425-e0455bfe7eb7","59c25921-95e6-45bd-b7ad-0a07d7079537","6fbc44cd-4167-4571-8198-953e7281a059","9bd78fcd-deeb-4106-a5ec-68a6df672b97","4a6fae60-0298-4026-b0b6-378ed0ec880b"]}}
2026-07-21T09:41:04.204Z - [Leads] [Leads] Violations found: 0
2026-07-21T09:42:04.521Z - [Leads] Entered getViolations
2026-07-21T09:42:04.522Z - [Leads] User: fc139c17-d8ba-40f0-8fc0-de857274c943, Role: admin
2026-07-21T09:42:04.523Z - [Leads] Fetching visible users...
2026-07-21T09:42:05.550Z - [Leads] Visible users found: 13
2026-07-21T09:42:05.555Z - [Leads] [Leads] Querying Prisma with where: {"rotationViolation":true,"isDeleted":false,"organisationId":"23d99450-83e7-4382-9312-d07f083447c0","previousOwnerId":{"in":["fc139c17-d8ba-40f0-8fc0-de857274c943","6d5e601a-d676-4cc6-a860-1a65d3734dab","c68a8236-7b93-4ff3-be69-01297ecfaceb","86498817-2f82-4695-ac75-4feae00ba43b","3b2c2b6a-7ec1-48cb-b98e-4ce026c6a984","2dc472bd-b2a9-4f5b-9066-b0561963cafe","941754a0-1107-4c7c-b7db-980d23df8557","5dac5c27-9d02-455e-bb18-022d0f9afc43","a98aa35e-414a-4939-b425-e0455bfe7eb7","59c25921-95e6-45bd-b7ad-0a07d7079537","6fbc44cd-4167-4571-8198-953e7281a059","9bd78fcd-deeb-4106-a5ec-68a6df672b97","4a6fae60-0298-4026-b0b6-378ed0ec880b"]}}
2026-07-21T09:42:05.686Z - [Leads] [Leads] Violations found: 0
2026-07-21T09:43:06.143Z - [Leads] Entered getViolations
2026-07-21T09:43:06.144Z - [Leads] User: fc139c17-d8ba-40f0-8fc0-de857274c943, Role: admin
2026-07-21T09:43:06.145Z - [Leads] Fetching visible users...
2026-07-21T09:43:06.935Z - [Leads] Visible users found: 13
2026-07-21T09:43:06.936Z - [Leads] [Leads] Querying Prisma with where: {"rotationViolation":true,"isDeleted":false,"organisationId":"23d99450-83e7-4382-9312-d07f083447c0","previousOwnerId":{"in":["fc139c17-d8ba-40f0-8fc0-de857274c943","6d5e601a-d676-4cc6-a860-1a65d3734dab","c68a8236-7b93-4ff3-be69-01297ecfaceb","86498817-2f82-4695-ac75-4feae00ba43b","3b2c2b6a-7ec1-48cb-b98e-4ce026c6a984","2dc472bd-b2a9-4f5b-9066-b0561963cafe","941754a0-1107-4c7c-b7db-980d23df8557","5dac5c27-9d02-455e-bb18-022d0f9afc43","a98aa35e-414a-4939-b425-e0455bfe7eb7","59c25921-95e6-45bd-b7ad-0a07d7079537","6fbc44cd-4167-4571-8198-953e7281a059","9bd78fcd-deeb-4106-a5ec-68a6df672b97","4a6fae60-0298-4026-b0b6-378ed0ec880b"]}}
2026-07-21T09:43:06.985Z - [Leads] [Leads] Violations found: 0
